Entity,Code,Date,people_fully_vaccinated_per_hundred
Alabama,,2021-01-12,0.15
Alabama,,2021-01-13,0.19
Alabama,,2021-01-15,0.27
Alabama,,2021-01-19,0.33
Alabama,,2021-01-20,0.37
Alabama,,2021-01-21,0.43
Alabama,,2021-01-22,0.51
Alabama,,2021-01-23,0.56
Alabama,,2021-01-24,0.61
Alabama,,2021-01-25,0.61
Alabama,,2021-01-26,0.63
Alabama,,2021-01-27,0.68
Alabama,,2021-01-28,0.76
Alabama,,2021-01-29,0.9
Alabama,,2021-01-30,1.1
Alabama,,2021-01-31,1.13
Alabama,,2021-02-01,1.15
Alabama,,2021-02-02,1.2
Alabama,,2021-02-03,1.28
Alabama,,2021-02-04,1.41
Alabama,,2021-02-05,1.56
Alabama,,2021-02-06,1.72
Alabama,,2021-02-07,1.76
Alabama,,2021-02-08,1.8
Alabama,,2021-02-09,1.94
Alabama,,2021-02-10,2.09
Alabama,,2021-02-11,2.26
Alabama,,2021-02-12,2.49
Alabama,,2021-02-13,2.71
Alabama,,2021-02-14,2.8
Alabama,,2021-02-16,3.04
Alabama,,2021-02-17,3.15
Alabama,,2021-02-18,3.37
Alabama,,2021-02-19,3.92
Alabama,,2021-02-20,4.38
Alabama,,2021-02-21,4.48
Alabama,,2021-02-22,4.52
Alabama,,2021-02-23,4.75
Alabama,,2021-02-24,5.04
Alabama,,2021-02-25,5.34
Alabama,,2021-02-26,5.69
Alabama,,2021-02-27,6.13
Alabama,,2021-02-28,6.24
Alabama,,2021-03-01,6.29
Alabama,,2021-03-02,6.57
Alabama,,2021-03-03,6.91
Alabama,,2021-03-04,7.29
Alabama,,2021-03-05,7.64
Alabama,,2021-03-06,8.03
Alaska,,2021-01-12,0.74
Alaska,,2021-01-13,0.84
Alaska,,2021-01-15,1.29
Alaska,,2021-01-19,1.48
Alaska,,2021-01-20,1.54
Alaska,,2021-01-21,1.69
Alaska,,2021-01-22,1.88
Alaska,,2021-01-23,2.08
Alaska,,2021-01-24,2.22
Alaska,,2021-01-25,2.28
Alaska,,2021-01-26,2.3
Alaska,,2021-01-27,2.47
Alaska,,2021-01-28,2.74
Alaska,,2021-01-29,2.95
Alaska,,2021-01-30,3.19
Alaska,,2021-01-31,3.36
Alaska,,2021-02-01,3.48
Alaska,,2021-02-02,3.58
Alaska,,2021-02-03,3.76
Alaska,,2021-02-04,4.12
Alaska,,2021-02-05,4.46
Alaska,,2021-02-06,4.89
Alaska,,2021-02-07,5.4
Alaska,,2021-02-08,5.58
Alaska,,2021-02-09,5.7
Alaska,,2021-02-10,5.95
Alaska,,2021-02-11,6.29
Alaska,,2021-02-12,6.69
Alaska,,2021-02-13,7.16
Alaska,,2021-02-14,7.81
Alaska,,2021-02-16,8.33
Alaska,,2021-02-17,8.54
Alaska,,2021-02-18,8.92
Alaska,,2021-02-19,9.83
Alaska,,2021-02-20,10.75
Alaska,,2021-02-21,11.25
Alaska,,2021-02-22,11.54
Alaska,,2021-02-23,11.62
Alaska,,2021-02-24,11.9
Alaska,,2021-02-25,12.36
Alaska,,2021-02-26,12.63
Alaska,,2021-02-27,13.05
Alaska,,2021-02-28,13.35
Alaska,,2021-03-01,13.67
Alaska,,2021-03-02,13.81
Alaska,,2021-03-03,14.01
Alaska,,2021-03-04,14.24
Alaska,,2021-03-05,14.57
Alaska,,2021-03-06,15.05
American Samoa,ASM,2021-01-12,0.47
American Samoa,ASM,2021-01-13,0.65
American Samoa,ASM,2021-01-15,1.32
American Samoa,ASM,2021-01-19,1.38
American Samoa,ASM,2021-01-20,1.5
American Samoa,ASM,2021-01-21,1.67
American Samoa,ASM,2021-01-22,1.69
American Samoa,ASM,2021-01-23,1.7
American Samoa,ASM,2021-01-24,1.7
American Samoa,ASM,2021-01-25,1.7
American Samoa,ASM,2021-01-26,1.7
American Samoa,ASM,2021-01-27,1.71
American Samoa,ASM,2021-01-28,1.71
American Samoa,ASM,2021-01-29,1.79
American Samoa,ASM,2021-01-30,1.79
American Samoa,ASM,2021-01-31,1.79
American Samoa,ASM,2021-02-01,1.88
American Samoa,ASM,2021-02-02,1.88
American Samoa,ASM,2021-02-03,2.34
American Samoa,ASM,2021-02-04,2.68
American Samoa,ASM,2021-02-05,4.04
American Samoa,ASM,2021-02-06,4.45
American Samoa,ASM,2021-02-07,4.45
American Samoa,ASM,2021-02-08,4.45
American Samoa,ASM,2021-02-09,5.18
American Samoa,ASM,2021-02-10,6.27
American Samoa,ASM,2021-02-11,6.62
American Samoa,ASM,2021-02-12,8.92
American Samoa,ASM,2021-02-13,9.53
American Samoa,ASM,2021-02-14,9.53
American Samoa,ASM,2021-02-16,10.52
American Samoa,ASM,2021-02-17,10.75
American Samoa,ASM,2021-02-18,10.75
American Samoa,ASM,2021-02-19,10.75
American Samoa,ASM,2021-02-20,12.38
American Samoa,ASM,2021-02-21,14.03
American Samoa,ASM,2021-02-22,14.04
American Samoa,ASM,2021-02-23,14.04
American Samoa,ASM,2021-02-24,14.33
American Samoa,ASM,2021-02-25,14.33
American Samoa,ASM,2021-02-26,14.43
American Samoa,ASM,2021-02-27,14.43
American Samoa,ASM,2021-02-28,14.43
American Samoa,ASM,2021-03-01,14.43
American Samoa,ASM,2021-03-02,14.54
American Samoa,ASM,2021-03-03,14.54
American Samoa,ASM,2021-03-04,14.74
American Samoa,ASM,2021-03-05,14.74
American Samoa,ASM,2021-03-06,14.74
Arizona,,2021-01-12,0.12
Arizona,,2021-01-13,0.17
Arizona,,2021-01-15,0.29
Arizona,,2021-01-19,0.42
Arizona,,2021-01-20,0.48
Arizona,,2021-01-21,0.57
Arizona,,2021-01-22,0.67
Arizona,,2021-01-23,0.76
Arizona,,2021-01-24,0.8
Arizona,,2021-01-25,0.86
Arizona,,2021-01-26,0.89
Arizona,,2021-01-27,0.95
Arizona,,2021-01-28,1.02
Arizona,,2021-01-29,1.11
Arizona,,2021-01-30,1.2
Arizona,,2021-01-31,1.27
Arizona,,2021-02-01,1.31
Arizona,,2021-02-02,1.33
Arizona,,2021-02-03,1.4
Arizona,,2021-02-04,1.53
Arizona,,2021-02-05,1.67
Arizona,,2021-02-06,1.87
Arizona,,2021-02-07,2.08
Arizona,,2021-02-08,2.22
Arizona,,2021-02-09,2.29
Arizona,,2021-02-10,2.44
Arizona,,2021-02-11,2.64
Arizona,,2021-02-12,2.86
Arizona,,2021-02-13,3.11
Arizona,,2021-02-14,3.37
Arizona,,2021-02-16,3.63
Arizona,,2021-02-17,3.68
Arizona,,2021-02-18,3.9
Arizona,,2021-02-19,4.61
Arizona,,2021-02-20,4.89
Arizona,,2021-02-21,5.17
Arizona,,2021-02-22,5.39
Arizona,,2021-02-23,5.47
Arizona,,2021-02-24,5.67
Arizona,,2021-02-25,6.02
Arizona,,2021-02-26,6.44
Arizona,,2021-02-27,6.84
Arizona,,2021-02-28,7.35
Arizona,,2021-03-01,7.78
Arizona,,2021-03-02,8.07
Arizona,,2021-03-03,8.43
Arizona,,2021-03-04,8.79
Arizona,,2021-03-05,9.23
Arizona,,2021-03-06,9.27
Arkansas,,2021-01-12,0
Arkansas,,2021-01-13,0.43
Arkansas,,2021-01-15,0.62
Arkansas,,2021-01-19,0.72
Arkansas,,2021-01-20,0.88
Arkansas,,2021-01-21,0.88
Arkansas,,2021-01-22,1.05
Arkansas,,2021-01-23,1.05
Arkansas,,2021-01-24,1.08
Arkansas,,2021-01-25,1.1
Arkansas,,2021-01-26,1.23
Arkansas,,2021-01-27,1.36
Arkansas,,2021-01-28,1.36
Arkansas,,2021-01-29,1.52
Arkansas,,2021-01-30,1.73
Arkansas,,2021-01-31,1.86
Arkansas,,2021-02-01,1.94
Arkansas,,2021-02-02,1.98
Arkansas,,2021-02-03,2.1
Arkansas,,2021-02-04,2.28
Arkansas,,2021-02-05,2.45
Arkansas,,2021-02-06,2.7
Arkansas,,2021-02-07,2.99
Arkansas,,2021-02-08,3.12
Arkansas,,2021-02-09,3.16
Arkansas,,2021-02-10,3.44
Arkansas,,2021-02-11,3.67
Arkansas,,2021-02-12,3.93
Arkansas,,2021-02-13,4.11
Arkansas,,2021-02-14,4.33
Arkansas,,2021-02-16,4.52
Arkansas,,2021-02-17,4.58
Arkansas,,2021-02-18,4.66
Arkansas,,2021-02-19,5
Arkansas,,2021-02-20,5.06
Arkansas,,2021-02-21,5.22
Arkansas,,2021-02-22,5.35
Arkansas,,2021-02-23,5.43
Arkansas,,2021-02-24,5.72
Arkansas,,2021-02-25,6.11
Arkansas,,2021-02-26,6.64
Arkansas,,2021-02-27,7.09
Arkansas,,2021-02-28,7.52
Arkansas,,2021-03-01,7.72
Arkansas,,2021-03-02,7.82
Arkansas,,2021-03-03,8.03
Arkansas,,2021-03-04,8.26
Arkansas,,2021-03-05,8.5
Arkansas,,2021-03-06,8.76
California,,2021-01-12,0.25
California,,2021-01-13,0.34
California,,2021-01-15,0.52
California,,2021-01-19,0.66
California,,2021-01-20,0.69
California,,2021-01-21,0.74
California,,2021-01-22,0.82
California,,2021-01-23,0.86
California,,2021-01-24,0.9
California,,2021-01-25,0.94
California,,2021-01-26,0.98
California,,2021-01-27,1.06
California,,2021-01-28,1.16
California,,2021-01-29,1.23
California,,2021-01-30,1.33
California,,2021-01-31,1.42
California,,2021-02-01,1.47
California,,2021-02-02,1.5
California,,2021-02-03,1.55
California,,2021-02-04,1.58
California,,2021-02-05,1.71
California,,2021-02-06,1.84
California,,2021-02-07,2.05
California,,2021-02-08,2.15
California,,2021-02-09,2.22
California,,2021-02-10,2.35
California,,2021-02-11,2.51
California,,2021-02-12,2.74
California,,2021-02-13,2.98
California,,2021-02-14,3.26
California,,2021-02-16,3.68
California,,2021-02-17,3.82
California,,2021-02-18,4
California,,2021-02-19,4.44
California,,2021-02-20,4.72
California,,2021-02-21,5
California,,2021-02-22,5.18
California,,2021-02-23,5.33
California,,2021-02-24,5.5
California,,2021-02-25,5.73
California,,2021-02-26,6.03
California,,2021-02-27,6.34
California,,2021-02-28,6.61
California,,2021-03-01,6.95
California,,2021-03-02,7.35
California,,2021-03-03,7.59
California,,2021-03-04,7.71
California,,2021-03-05,7.92
California,,2021-03-06,8.26
Colorado,,2021-01-12,0.63
Colorado,,2021-01-13,0.72
Colorado,,2021-01-15,0.82
Colorado,,2021-01-19,0.87
Colorado,,2021-01-20,0.89
Colorado,,2021-01-21,0.95
Colorado,,2021-01-22,1.08
Colorado,,2021-01-23,1.08
Colorado,,2021-01-24,1.34
Colorado,,2021-01-25,1.4
Colorado,,2021-01-26,1.44
Colorado,,2021-01-27,1.57
Colorado,,2021-01-28,1.71
Colorado,,2021-01-29,1.88
Colorado,,2021-01-30,2.06
Colorado,,2021-01-31,2.17
Colorado,,2021-02-01,2.27
Colorado,,2021-02-02,2.31
Colorado,,2021-02-03,2.44
Colorado,,2021-02-04,2.6
Colorado,,2021-02-05,2.82
Colorado,,2021-02-06,3.11
Colorado,,2021-02-07,3.43
Colorado,,2021-02-08,3.61
Colorado,,2021-02-09,3.67
Colorado,,2021-02-10,3.92
Colorado,,2021-02-11,4.16
Colorado,,2021-02-12,4.41
Colorado,,2021-02-13,4.72
Colorado,,2021-02-14,5.05
Colorado,,2021-02-16,5.37
Colorado,,2021-02-17,5.46
Colorado,,2021-02-18,5.6
Colorado,,2021-02-19,6
Colorado,,2021-02-20,6.26
Colorado,,2021-02-21,6.57
Colorado,,2021-02-22,6.82
Colorado,,2021-02-23,6.84
Colorado,,2021-02-24,7.19
Colorado,,2021-02-25,7.41
Colorado,,2021-02-26,7.63
Colorado,,2021-02-27,7.65
Colorado,,2021-02-28,8.02
Colorado,,2021-03-01,8.33
Colorado,,2021-03-02,8.42
Colorado,,2021-03-03,8.67
Colorado,,2021-03-04,8.91
Colorado,,2021-03-05,9.14
Colorado,,2021-03-06,9.54
Connecticut,,2021-01-12,0.12
Connecticut,,2021-01-13,0.15
Connecticut,,2021-01-15,0.48
Connecticut,,2021-01-19,0.65
Connecticut,,2021-01-20,0.7
Connecticut,,2021-01-21,0.8
Connecticut,,2021-01-22,0.93
Connecticut,,2021-01-23,1.04
Connecticut,,2021-01-24,1.14
Connecticut,,2021-01-25,1.19
Connecticut,,2021-01-26,1.27
Connecticut,,2021-01-27,1.46
Connecticut,,2021-01-28,1.67
Connecticut,,2021-01-29,1.9
Connecticut,,2021-01-30,2.07
Connecticut,,2021-01-31,2.23
Connecticut,,2021-02-01,2.35
Connecticut,,2021-02-02,2.43
Connecticut,,2021-02-03,2.54
Connecticut,,2021-02-04,2.74
Connecticut,,2021-02-05,2.98
Connecticut,,2021-02-06,3.24
Connecticut,,2021-02-07,3.45
Connecticut,,2021-02-08,3.57
Connecticut,,2021-02-09,3.74
Connecticut,,2021-02-10,4.01
Connecticut,,2021-02-11,4.34
Connecticut,,2021-02-12,4.71
Connecticut,,2021-02-13,5.14
Connecticut,,2021-02-14,5.38
Connecticut,,2021-02-16,5.8
Connecticut,,2021-02-17,6.14
Connecticut,,2021-02-18,6.5
Connecticut,,2021-02-19,7.12
Connecticut,,2021-02-20,7.44
Connecticut,,2021-02-21,7.6
Connecticut,,2021-02-22,7.77
Connecticut,,2021-02-23,7.85
Connecticut,,2021-02-24,7.94
Connecticut,,2021-02-25,8.02
Connecticut,,2021-02-26,8.15
Connecticut,,2021-02-27,8.29
Connecticut,,2021-02-28,8.42
Connecticut,,2021-03-01,8.56
Connecticut,,2021-03-02,8.61
Connecticut,,2021-03-03,8.71
Connecticut,,2021-03-04,8.8
Connecticut,,2021-03-05,8.89
Connecticut,,2021-03-06,8.98
Delaware,,2021-01-12,0.29
Delaware,,2021-01-13,0.42
Delaware,,2021-01-15,0.55
Delaware,,2021-01-19,0.7
Delaware,,2021-01-20,0.71
Delaware,,2021-01-21,0.76
Delaware,,2021-01-22,0.91
Delaware,,2021-01-23,1.07
Delaware,,2021-01-24,1.18
Delaware,,2021-01-25,1.2
Delaware,,2021-01-26,1.2
Delaware,,2021-01-27,1.27
Delaware,,2021-01-28,1.35
Delaware,,2021-01-29,1.46
Delaware,,2021-01-30,1.54
Delaware,,2021-01-31,1.68
Delaware,,2021-02-01,1.81
Delaware,,2021-02-02,1.85
Delaware,,2021-02-03,1.91
Delaware,,2021-02-04,2.09
Delaware,,2021-02-05,2.18
Delaware,,2021-02-06,2.34
Delaware,,2021-02-07,2.49
Delaware,,2021-02-08,2.59
Delaware,,2021-02-09,2.61
Delaware,,2021-02-10,2.68
Delaware,,2021-02-11,2.76
Delaware,,2021-02-12,2.85
Delaware,,2021-02-13,3.02
Delaware,,2021-02-14,3.19
Delaware,,2021-02-16,3.49
Delaware,,2021-02-17,3.66
Delaware,,2021-02-18,3.85
Delaware,,2021-02-19,4.48
Delaware,,2021-02-20,4.78
Delaware,,2021-02-21,4.81
Delaware,,2021-02-22,4.96
Delaware,,2021-02-23,5.19
Delaware,,2021-02-24,5.44
Delaware,,2021-02-25,5.83
Delaware,,2021-02-26,6.37
Delaware,,2021-02-27,6.97
Delaware,,2021-02-28,7.34
Delaware,,2021-03-01,7.8
Delaware,,2021-03-02,7.8
Delaware,,2021-03-03,8.6
Delaware,,2021-03-04,8.98
Delaware,,2021-03-05,9.45
Delaware,,2021-03-06,9.9
District of Columbia,,2021-01-13,0.18
District of Columbia,,2021-01-15,1.17
District of Columbia,,2021-01-19,1.44
District of Columbia,,2021-01-20,1.5
District of Columbia,,2021-01-21,1.66
District of Columbia,,2021-01-22,1.71
District of Columbia,,2021-01-23,1.79
District of Columbia,,2021-01-24,1.85
District of Columbia,,2021-01-25,1.88
District of Columbia,,2021-01-26,1.88
District of Columbia,,2021-01-27,2.04
District of Columbia,,2021-01-28,2.15
District of Columbia,,2021-01-29,2.28
District of Columbia,,2021-01-30,2.41
District of Columbia,,2021-01-31,2.65
District of Columbia,,2021-02-01,2.72
District of Columbia,,2021-02-02,2.72
District of Columbia,,2021-02-03,2.8
District of Columbia,,2021-02-04,3.02
District of Columbia,,2021-02-05,3.22
District of Columbia,,2021-02-06,3.41
District of Columbia,,2021-02-07,3.7
District of Columbia,,2021-02-08,3.82
District of Columbia,,2021-02-09,3.82
District of Columbia,,2021-02-10,3.82
District of Columbia,,2021-02-11,4.5
District of Columbia,,2021-02-12,4.7
District of Columbia,,2021-02-13,4.87
District of Columbia,,2021-02-14,5.16
District of Columbia,,2021-02-16,5.54
District of Columbia,,2021-02-17,5.66
District of Columbia,,2021-02-18,5.85
District of Columbia,,2021-02-19,7.1
District of Columbia,,2021-02-20,7.31
District of Columbia,,2021-02-21,7.54
District of Columbia,,2021-02-22,7.68
District of Columbia,,2021-02-23,7.85
District of Columbia,,2021-02-24,8.04
District of Columbia,,2021-02-25,8.25
District of Columbia,,2021-02-26,8.44
District of Columbia,,2021-02-27,9.03
District of Columbia,,2021-02-28,9.42
District of Columbia,,2021-03-01,9.69
District of Columbia,,2021-03-02,9.77
District of Columbia,,2021-03-03,9.93
District of Columbia,,2021-03-04,10.14
District of Columbia,,2021-03-05,10.38
District of Columbia,,2021-03-06,11.21
Federated States of Micronesia,,2021-01-15,0
Federated States of Micronesia,,2021-01-19,0
Federated States of Micronesia,,2021-01-20,0
Federated States of Micronesia,,2021-01-21,0
Federated States of Micronesia,,2021-01-22,0
Federated States of Micronesia,,2021-01-23,0
Federated States of Micronesia,,2021-01-24,0
Federated States of Micronesia,,2021-01-25,0
Federated States of Micronesia,,2021-01-26,0
Federated States of Micronesia,,2021-01-27,0
Federated States of Micronesia,,2021-01-28,0
Federated States of Micronesia,,2021-01-29,0
Federated States of Micronesia,,2021-01-30,0
Federated States of Micronesia,,2021-01-31,0
Federated States of Micronesia,,2021-02-01,0.01
Federated States of Micronesia,,2021-02-02,0.02
Federated States of Micronesia,,2021-02-03,0.02
Federated States of Micronesia,,2021-02-04,0.02
Federated States of Micronesia,,2021-02-05,0.03
Federated States of Micronesia,,2021-02-06,0.08
Federated States of Micronesia,,2021-02-07,0.08
Federated States of Micronesia,,2021-02-08,0.11
Federated States of Micronesia,,2021-02-09,0.14
Federated States of Micronesia,,2021-02-10,0.24
Federated States of Micronesia,,2021-02-11,0.33
Federated States of Micronesia,,2021-02-12,0.44
Federated States of Micronesia,,2021-02-13,0.74
Federated States of Micronesia,,2021-02-14,0.86
Federated States of Micronesia,,2021-02-16,1.08
Federated States of Micronesia,,2021-02-17,1.4
Federated States of Micronesia,,2021-02-18,1.7
Federated States of Micronesia,,2021-02-19,2
Federated States of Micronesia,,2021-02-20,2
Federated States of Micronesia,,2021-02-21,2.34
Federated States of Micronesia,,2021-02-22,2.34
Federated States of Micronesia,,2021-02-23,2.34
Federated States of Micronesia,,2021-02-24,2.74
Federated States of Micronesia,,2021-02-25,2.91
Federated States of Micronesia,,2021-02-26,3.29
Federated States of Micronesia,,2021-02-27,3.6
Federated States of Micronesia,,2021-02-28,3.96
Federated States of Micronesia,,2021-03-01,4.25
Federated States of Micronesia,,2021-03-02,4.75
Federated States of Micronesia,,2021-03-03,5.13
Federated States of Micronesia,,2021-03-04,5.46
Federated States of Micronesia,,2021-03-05,5.77
Federated States of Micronesia,,2021-03-06,6.12
Florida,,2021-01-12,0.19
Florida,,2021-01-13,0.25
Florida,,2021-01-15,0.35
Florida,,2021-01-19,0.48
Florida,,2021-01-20,0.52
Florida,,2021-01-21,0.52
Florida,,2021-01-22,0.58
Florida,,2021-01-23,0.71
Florida,,2021-01-24,0.73
Florida,,2021-01-25,0.73
Florida,,2021-01-26,0.74
Florida,,2021-01-27,0.82
Florida,,2021-01-28,0.95
Florida,,2021-01-29,1.1
Florida,,2021-01-30,1.28
Florida,,2021-01-31,1.39
Florida,,2021-02-01,1.47
Florida,,2021-02-02,1.53
Florida,,2021-02-03,1.74
Florida,,2021-02-04,1.97
Florida,,2021-02-05,2.05
Florida,,2021-02-06,2.38
Florida,,2021-02-07,2.93
Florida,,2021-02-08,2.93
Florida,,2021-02-09,3.23
Florida,,2021-02-10,3.52
Florida,,2021-02-11,3.83
Florida,,2021-02-12,4.48
Florida,,2021-02-13,4.79
Florida,,2021-02-14,5.04
Florida,,2021-02-16,5.28
Florida,,2021-02-17,5.5
Florida,,2021-02-18,5.74
Florida,,2021-02-19,6.42
Florida,,2021-02-20,6.44
Florida,,2021-02-21,6.9
Florida,,2021-02-22,6.9
Florida,,2021-02-23,6.95
Florida,,2021-02-24,7.15
Florida,,2021-02-25,7.41
Florida,,2021-02-26,7.64
Florida,,2021-02-27,7.89
Florida,,2021-02-28,8.32
Florida,,2021-03-01,8.32
Florida,,2021-03-02,8.38
Florida,,2021-03-03,8.54
Florida,,2021-03-04,8.78
Florida,,2021-03-05,8.99
Florida,,2021-03-06,9.34
Georgia,GEO,2021-01-12,0.07
Georgia,GEO,2021-01-13,0.08
Georgia,GEO,2021-01-15,0.21
Georgia,GEO,2021-01-19,0.27
Georgia,GEO,2021-01-20,0.33
Georgia,GEO,2021-01-21,0.38
Georgia,GEO,2021-01-22,0.56
Georgia,GEO,2021-01-23,0.56
Georgia,GEO,2021-01-24,0.56
Georgia,GEO,2021-01-25,0.56
Georgia,GEO,2021-01-26,0.61
Georgia,GEO,2021-01-27,0.71
Georgia,GEO,2021-01-28,0.84
Georgia,GEO,2021-01-29,0.94
Georgia,GEO,2021-01-30,1.03
Georgia,GEO,2021-01-31,1.13
Georgia,GEO,2021-02-01,1.18
Georgia,GEO,2021-02-02,1.22
Georgia,GEO,2021-02-03,1.33
Georgia,GEO,2021-02-04,1.44
Georgia,GEO,2021-02-05,1.59
Georgia,GEO,2021-02-06,1.78
Georgia,GEO,2021-02-07,1.98
Georgia,GEO,2021-02-08,2.07
Georgia,GEO,2021-02-09,2.15
Georgia,GEO,2021-02-10,2.37
Georgia,GEO,2021-02-11,2.63
Georgia,GEO,2021-02-12,2.63
Georgia,GEO,2021-02-13,2.96
Georgia,GEO,2021-02-14,3.58
Georgia,GEO,2021-02-16,3.79
Georgia,GEO,2021-02-17,3.79
Georgia,GEO,2021-02-18,4.36
Georgia,GEO,2021-02-19,4.97
Georgia,GEO,2021-02-20,5.35
Georgia,GEO,2021-02-21,5.74
Georgia,GEO,2021-02-22,5.88
Georgia,GEO,2021-02-23,5.92
Georgia,GEO,2021-02-24,6.15
Georgia,GEO,2021-02-25,6.39
Georgia,GEO,2021-02-26,6.69
Georgia,GEO,2021-02-27,7.02
Georgia,GEO,2021-02-28,7.04
Georgia,GEO,2021-03-01,7.04
Georgia,GEO,2021-03-02,7.07
Georgia,GEO,2021-03-03,7.35
Georgia,GEO,2021-03-04,7.63
Georgia,GEO,2021-03-05,7.98
Georgia,GEO,2021-03-06,8.22
Guam,GUM,2021-01-26,2.29
Guam,GUM,2021-01-27,2.33
Guam,GUM,2021-01-28,2.39
Guam,GUM,2021-01-29,2.63
Guam,GUM,2021-01-30,2.71
Guam,GUM,2021-01-31,2.71
Guam,GUM,2021-02-01,2.86
Guam,GUM,2021-02-02,2.98
Guam,GUM,2021-02-03,3.08
Guam,GUM,2021-02-04,3.08
Guam,GUM,2021-02-05,3.21
Guam,GUM,2021-02-06,3.37
Guam,GUM,2021-02-07,3.51
Guam,GUM,2021-02-08,3.52
Guam,GUM,2021-02-09,3.78
Guam,GUM,2021-02-10,4.15
Guam,GUM,2021-02-11,4.65
Guam,GUM,2021-02-12,5.4
Guam,GUM,2021-02-13,6.1
Guam,GUM,2021-02-14,6.45
Guam,GUM,2021-02-16,6.8
Guam,GUM,2021-02-17,7.39
Guam,GUM,2021-02-18,8.03
Guam,GUM,2021-02-19,9.14
Guam,GUM,2021-02-20,9.72
Guam,GUM,2021-02-21,9.72
Guam,GUM,2021-02-22,10.17
Guam,GUM,2021-02-23,10.46
Guam,GUM,2021-02-24,10.84
Guam,GUM,2021-02-25,11.23
Guam,GUM,2021-02-26,11.24
Guam,GUM,2021-02-27,11.79
Guam,GUM,2021-02-28,12.2
Guam,GUM,2021-03-01,12.23
Guam,GUM,2021-03-02,12.29
Guam,GUM,2021-03-03,12.3
Guam,GUM,2021-03-04,12.48
Guam,GUM,2021-03-05,12.56
Guam,GUM,2021-03-06,12.58
Hawaii,,2021-01-15,0.51
Hawaii,,2021-01-19,0.8
Hawaii,,2021-01-20,0.98
Hawaii,,2021-01-21,1.14
Hawaii,,2021-01-22,1.19
Hawaii,,2021-01-23,1.19
Hawaii,,2021-01-24,1.19
Hawaii,,2021-01-25,1.26
Hawaii,,2021-01-26,1.27
Hawaii,,2021-01-27,1.31
Hawaii,,2021-01-28,1.4
Hawaii,,2021-01-29,1.54
Hawaii,,2021-01-30,1.68
Hawaii,,2021-01-31,1.83
Hawaii,,2021-02-01,1.91
Hawaii,,2021-02-02,1.92
Hawaii,,2021-02-03,2
Hawaii,,2021-02-04,2.16
Hawaii,,2021-02-05,2.38
Hawaii,,2021-02-06,2.62
Hawaii,,2021-02-07,2.86
Hawaii,,2021-02-08,3
Hawaii,,2021-02-09,3
Hawaii,,2021-02-10,3
Hawaii,,2021-02-11,3.53
Hawaii,,2021-02-12,3.81
Hawaii,,2021-02-13,4.11
Hawaii,,2021-02-14,4.4
Hawaii,,2021-02-16,4.85
Hawaii,,2021-02-17,4.93
Hawaii,,2021-02-18,5.17
Hawaii,,2021-02-19,6.42
Hawaii,,2021-02-20,6.85
Hawaii,,2021-02-21,7.26
Hawaii,,2021-02-22,7.58
Hawaii,,2021-02-23,7.66
Hawaii,,2021-02-24,7.94
Hawaii,,2021-02-25,8.26
Hawaii,,2021-02-26,8.65
Hawaii,,2021-02-27,9.12
Hawaii,,2021-02-28,9.62
Hawaii,,2021-03-01,9.92
Hawaii,,2021-03-02,10.09
Hawaii,,2021-03-03,10.38
Hawaii,,2021-03-04,10.85
Hawaii,,2021-03-05,11.21
Hawaii,,2021-03-06,11.63
Idaho,,2021-01-12,0.24
Idaho,,2021-01-13,0.32
Idaho,,2021-01-15,0.5
Idaho,,2021-01-19,0.57
Idaho,,2021-01-20,0.6
Idaho,,2021-01-21,0.66
Idaho,,2021-01-22,0.73
Idaho,,2021-01-23,0.77
Idaho,,2021-01-24,0.79
Idaho,,2021-01-25,0.81
Idaho,,2021-01-26,0.82
Idaho,,2021-01-27,0.86
Idaho,,2021-01-28,0.94
Idaho,,2021-01-29,1.06
Idaho,,2021-01-30,1.13
Idaho,,2021-01-31,1.21
Idaho,,2021-02-01,1.26
Idaho,,2021-02-02,1.27
Idaho,,2021-02-03,1.35
Idaho,,2021-02-04,1.47
Idaho,,2021-02-05,1.62
Idaho,,2021-02-06,1.79
Idaho,,2021-02-07,1.92
Idaho,,2021-02-08,2.01
Idaho,,2021-02-09,2.07
Idaho,,2021-02-10,2.22
Idaho,,2021-02-11,2.42
Idaho,,2021-02-12,2.42
Idaho,,2021-02-13,2.6
Idaho,,2021-02-14,3.17
Idaho,,2021-02-16,3.62
Idaho,,2021-02-17,3.79
Idaho,,2021-02-18,4
Idaho,,2021-02-19,4.56
Idaho,,2021-02-20,4.79
Idaho,,2021-02-21,5.16
Idaho,,2021-02-22,5.45
Idaho,,2021-02-23,5.57
Idaho,,2021-02-24,5.77
Idaho,,2021-02-25,6.12
Idaho,,2021-02-26,6.42
Idaho,,2021-02-27,6.7
Idaho,,2021-02-28,7.06
Idaho,,2021-03-01,7.35
Idaho,,2021-03-02,7.49
Idaho,,2021-03-03,7.76
Idaho,,2021-03-04,8.02
Idaho,,2021-03-05,8.4
Idaho,,2021-03-06,8.82
Illinois,,2021-01-12,0.5
Illinois,,2021-01-13,0.58
Illinois,,2021-01-15,0.72
Illinois,,2021-01-19,0.82
Illinois,,2021-01-20,0.85
Illinois,,2021-01-21,0.88
Illinois,,2021-01-22,0.95
Illinois,,2021-01-23,1.02
Illinois,,2021-01-24,1.07
Illinois,,2021-01-25,1.08
Illinois,,2021-01-26,1.11
Illinois,,2021-01-27,1.17
Illinois,,2021-01-28,1.28
Illinois,,2021-01-29,1.43
Illinois,,2021-01-30,1.56
Illinois,,2021-01-31,1.67
Illinois,,2021-02-01,1.73
Illinois,,2021-02-02,1.76
Illinois,,2021-02-03,1.82
Illinois,,2021-02-04,1.96
Illinois,,2021-02-05,2.05
Illinois,,2021-02-06,2.17
Illinois,,2021-02-07,2.28
Illinois,,2021-02-08,2.36
Illinois,,2021-02-09,2.39
Illinois,,2021-02-10,2.48
Illinois,,2021-02-11,2.6
Illinois,,2021-02-12,2.75
Illinois,,2021-02-13,2.97
Illinois,,2021-02-14,3.16
Illinois,,2021-02-16,3.34
Illinois,,2021-02-17,3.4
Illinois,,2021-02-18,3.52
Illinois,,2021-02-19,3.89
Illinois,,2021-02-20,4.16
Illinois,,2021-02-21,4.42
Illinois,,2021-02-22,4.47
Illinois,,2021-02-23,4.67
Illinois,,2021-02-24,4.82
Illinois,,2021-02-25,5.05
Illinois,,2021-02-26,5.45
Illinois,,2021-02-27,5.88
Illinois,,2021-02-28,6.26
Illinois,,2021-03-01,6.58
Illinois,,2021-03-02,6.75
Illinois,,2021-03-03,6.98
Illinois,,2021-03-04,7.31
Illinois,,2021-03-05,7.67
Illinois,,2021-03-06,8.18
Indian Health Svc,,2021-02-17,5.04
Indian Health Svc,,2021-02-18,5.21
Indian Health Svc,,2021-02-19,5.2
Indian Health Svc,,2021-02-20,5.31
Indian Health Svc,,2021-02-21,5.53
Indian Health Svc,,2021-02-22,5.84
Indian Health Svc,,2021-02-23,6.06
Indian Health Svc,,2021-02-24,6.31
Indian Health Svc,,2021-02-25,6.71
Indian Health Svc,,2021-02-26,7.31
Indian Health Svc,,2021-02-27,7.74
Indian Health Svc,,2021-02-28,8.02
Indian Health Svc,,2021-03-01,8.38
Indian Health Svc,,2021-03-02,8.6
Indian Health Svc,,2021-03-03,8.84
Indian Health Svc,,2021-03-04,9.13
Indian Health Svc,,2021-03-05,9.51
Indian Health Svc,,2021-03-06,10.04
Indiana,,2021-01-12,0.35
Indiana,,2021-01-13,0.48
Indiana,,2021-01-15,0.56
Indiana,,2021-01-19,0.76
Indiana,,2021-01-20,0.87
Indiana,,2021-01-21,0.99
Indiana,,2021-01-22,1.1
Indiana,,2021-01-23,1.16
Indiana,,2021-01-24,1.16
Indiana,,2021-01-25,1.24
Indiana,,2021-01-26,1.26
Indiana,,2021-01-27,1.36
Indiana,,2021-01-28,1.45
Indiana,,2021-01-29,1.56
Indiana,,2021-01-30,1.65
Indiana,,2021-01-31,1.65
Indiana,,2021-02-01,1.65
Indiana,,2021-02-02,1.68
Indiana,,2021-02-03,1.79
Indiana,,2021-02-04,1.92
Indiana,,2021-02-05,2.11
Indiana,,2021-02-06,2.32
Indiana,,2021-02-07,2.32
Indiana,,2021-02-08,2.32
Indiana,,2021-02-09,2.4
Indiana,,2021-02-10,2.63
Indiana,,2021-02-11,2.89
Indiana,,2021-02-12,3.17
Indiana,,2021-02-13,3.98
Indiana,,2021-02-14,4.27
Indiana,,2021-02-16,4.5
Indiana,,2021-02-17,4.66
Indiana,,2021-02-18,4.76
Indiana,,2021-02-19,5.2
Indiana,,2021-02-20,5.54
Indiana,,2021-02-21,5.84
Indiana,,2021-02-22,6.02
Indiana,,2021-02-23,6.06
Indiana,,2021-02-24,6.57
Indiana,,2021-02-25,7.39
Indiana,,2021-02-26,7.77
Indiana,,2021-02-27,8.14
Indiana,,2021-02-28,8.44
Indiana,,2021-03-01,8.65
Indiana,,2021-03-02,8.71
Indiana,,2021-03-03,8.98
Indiana,,2021-03-04,9.3
Indiana,,2021-03-05,9.68
Indiana,,2021-03-06,10.04
Iowa,,2021-01-12,0.19
Iowa,,2021-01-13,0.3
Iowa,,2021-01-15,0.34
Iowa,,2021-01-19,0.4
Iowa,,2021-01-20,0.44
Iowa,,2021-01-21,0.53
Iowa,,2021-01-22,0.71
Iowa,,2021-01-23,0.84
Iowa,,2021-01-24,0.98
Iowa,,2021-01-25,1.02
Iowa,,2021-01-26,1.03
Iowa,,2021-01-27,1.14
Iowa,,2021-01-28,1.28
Iowa,,2021-01-29,1.48
Iowa,,2021-01-30,1.66
Iowa,,2021-01-31,1.85
Iowa,,2021-02-01,1.91
Iowa,,2021-02-02,1.94
Iowa,,2021-02-03,2.04
Iowa,,2021-02-04,2.2
Iowa,,2021-02-05,2.35
Iowa,,2021-02-06,2.56
Iowa,,2021-02-07,2.77
Iowa,,2021-02-08,2.84
Iowa,,2021-02-09,2.87
Iowa,,2021-02-10,3.03
Iowa,,2021-02-11,3.17
Iowa,,2021-02-12,3.32
Iowa,,2021-02-13,3.48
Iowa,,2021-02-14,3.66
Iowa,,2021-02-16,3.8
Iowa,,2021-02-17,3.88
Iowa,,2021-02-18,3.93
Iowa,,2021-02-19,4.28
Iowa,,2021-02-20,4.47
Iowa,,2021-02-21,4.68
Iowa,,2021-02-22,4.77
Iowa,,2021-02-23,4.8
Iowa,,2021-02-24,4.86
Iowa,,2021-02-25,4.93
Iowa,,2021-02-26,5.09
Iowa,,2021-02-27,5.28
Iowa,,2021-02-28,5.57
Iowa,,2021-03-01,5.87
Iowa,,2021-03-02,5.93
Iowa,,2021-03-03,6.14
Iowa,,2021-03-04,6.43
Iowa,,2021-03-05,6.86
Iowa,,2021-03-06,7.94
Kansas,,2021-01-12,0.33
Kansas,,2021-01-13,0.43
Kansas,,2021-01-15,0.46
Kansas,,2021-01-19,0.54
Kansas,,2021-01-20,0.55
Kansas,,2021-01-21,0.6
Kansas,,2021-01-22,0.66
Kansas,,2021-01-23,0.72
Kansas,,2021-01-24,0.78
Kansas,,2021-01-25,0.81
Kansas,,2021-01-26,0.87
Kansas,,2021-01-27,0.91
Kansas,,2021-01-28,1.08
Kansas,,2021-01-29,1.08
Kansas,,2021-01-30,1.26
Kansas,,2021-01-31,1.36
Kansas,,2021-02-01,1.45
Kansas,,2021-02-02,1.52
Kansas,,2021-02-03,1.63
Kansas,,2021-02-04,1.76
Kansas,,2021-02-05,1.88
Kansas,,2021-02-06,2.07
Kansas,,2021-02-07,2.25
Kansas,,2021-02-08,2.35
Kansas,,2021-02-09,2.41
Kansas,,2021-02-10,2.63
Kansas,,2021-02-11,2.81
Kansas,,2021-02-12,2.97
Kansas,,2021-02-13,3.14
Kansas,,2021-02-14,3.41
Kansas,,2021-02-16,3.52
Kansas,,2021-02-17,3.65
Kansas,,2021-02-18,3.87
Kansas,,2021-02-19,4.42
Kansas,,2021-02-20,4.76
Kansas,,2021-02-21,5.09
Kansas,,2021-02-22,5.2
Kansas,,2021-02-23,5.23
Kansas,,2021-02-24,5.46
Kansas,,2021-02-25,5.66
Kansas,,2021-02-26,5.93
Kansas,,2021-02-27,6.34
Kansas,,2021-02-28,6.76
Kansas,,2021-03-01,6.84
Kansas,,2021-03-02,6.99
Kansas,,2021-03-03,7.22
Kansas,,2021-03-04,7.44
Kansas,,2021-03-05,7.72
Kansas,,2021-03-06,8.03
Kentucky,,2021-01-12,0.14
Kentucky,,2021-01-13,0.17
Kentucky,,2021-01-15,0.24
Kentucky,,2021-01-19,0.29
Kentucky,,2021-01-20,0.31
Kentucky,,2021-01-21,0.35
Kentucky,,2021-01-22,0.5
Kentucky,,2021-01-23,0.57
Kentucky,,2021-01-24,0.66
Kentucky,,2021-01-25,0.67
Kentucky,,2021-01-26,0.69
Kentucky,,2021-01-27,0.81
Kentucky,,2021-01-28,0.97
Kentucky,,2021-01-29,1.17
Kentucky,,2021-01-30,1.33
Kentucky,,2021-01-31,1.45
Kentucky,,2021-02-01,1.48
Kentucky,,2021-02-02,1.5
Kentucky,,2021-02-03,1.64
Kentucky,,2021-02-04,1.82
Kentucky,,2021-02-05,2.1
Kentucky,,2021-02-06,2.42
Kentucky,,2021-02-07,2.75
Kentucky,,2021-02-08,2.86
Kentucky,,2021-02-09,2.91
Kentucky,,2021-02-10,3.12
Kentucky,,2021-02-11,3.39
Kentucky,,2021-02-12,3.7
Kentucky,,2021-02-13,3.86
Kentucky,,2021-02-14,4.2
Kentucky,,2021-02-16,4.44
Kentucky,,2021-02-17,4.52
Kentucky,,2021-02-18,4.6
Kentucky,,2021-02-19,5.11
Kentucky,,2021-02-20,5.3
Kentucky,,2021-02-21,5.68
Kentucky,,2021-02-22,5.87
Kentucky,,2021-02-23,6.01
Kentucky,,2021-02-24,6.25
Kentucky,,2021-02-25,6.59
Kentucky,,2021-02-26,6.92
Kentucky,,2021-02-27,7.21
Kentucky,,2021-02-28,7.64
Kentucky,,2021-03-01,7.86
Kentucky,,2021-03-02,7.93
Kentucky,,2021-03-03,8.1
Kentucky,,2021-03-04,8.4
Kentucky,,2021-03-05,8.73
Kentucky,,2021-03-06,9.08
Louisiana,,2021-01-12,0.39
Louisiana,,2021-01-13,0.46
Louisiana,,2021-01-15,0.65
Louisiana,,2021-01-19,0.73
Louisiana,,2021-01-20,0.75
Louisiana,,2021-01-21,0.82
Louisiana,,2021-01-22,0.87
Louisiana,,2021-01-23,0.9
Louisiana,,2021-01-24,0.92
Louisiana,,2021-01-25,0.93
Louisiana,,2021-01-26,0.93
Louisiana,,2021-01-27,1.01
Louisiana,,2021-01-28,1.11
Louisiana,,2021-01-29,1.25
Louisiana,,2021-01-30,1.4
Louisiana,,2021-01-31,1.58
Louisiana,,2021-02-01,1.85
Louisiana,,2021-02-02,2.08
Louisiana,,2021-02-03,2.24
Louisiana,,2021-02-04,2.49
Louisiana,,2021-02-05,2.83
Louisiana,,2021-02-06,3.23
Louisiana,,2021-02-07,3.6
Louisiana,,2021-02-08,3.8
Louisiana,,2021-02-09,3.87
Louisiana,,2021-02-10,4.08
Louisiana,,2021-02-11,4.08
Louisiana,,2021-02-12,4.68
Louisiana,,2021-02-13,5.01
Louisiana,,2021-02-14,5.35
Louisiana,,2021-02-16,5.49
Louisiana,,2021-02-17,5.56
Louisiana,,2021-02-18,5.59
Louisiana,,2021-02-19,6.13
Louisiana,,2021-02-20,6.31
Louisiana,,2021-02-21,6.49
Louisiana,,2021-02-22,6.6
Louisiana,,2021-02-23,6.65
Louisiana,,2021-02-24,6.82
Louisiana,,2021-02-25,7.11
Louisiana,,2021-02-26,7.51
Louisiana,,2021-02-27,7.89
Louisiana,,2021-02-28,8.18
Louisiana,,2021-03-01,8.29
Louisiana,,2021-03-02,8.34
Louisiana,,2021-03-03,8.5
Louisiana,,2021-03-04,8.77
Louisiana,,2021-03-05,9.13
Louisiana,,2021-03-06,9.14
Maine,,2021-01-12,0.34
Maine,,2021-01-13,0.39
Maine,,2021-01-15,0.62
Maine,,2021-01-19,0.74
Maine,,2021-01-20,0.79
Maine,,2021-01-21,0.9
Maine,,2021-01-22,1.11
Maine,,2021-01-23,1.31
Maine,,2021-01-24,1.42
Maine,,2021-01-25,1.48
Maine,,2021-01-26,1.5
Maine,,2021-01-27,1.62
Maine,,2021-01-28,1.85
Maine,,2021-01-29,2.1
Maine,,2021-01-30,2.31
Maine,,2021-01-31,2.46
Maine,,2021-02-01,2.55
Maine,,2021-02-02,2.55
Maine,,2021-02-03,2.55
Maine,,2021-02-04,2.74
Maine,,2021-02-05,2.87
Maine,,2021-02-06,3.04
Maine,,2021-02-07,3.31
Maine,,2021-02-08,3.31
Maine,,2021-02-09,3.55
Maine,,2021-02-10,3.7
Maine,,2021-02-11,3.7
Maine,,2021-02-12,3.7
Maine,,2021-02-13,3.7
Maine,,2021-02-14,3.7
Maine,,2021-02-16,4.78
Maine,,2021-02-17,4.9
Maine,,2021-02-18,4.9
Maine,,2021-02-19,5.64
Maine,,2021-02-20,5.65
Maine,,2021-02-21,5.66
Maine,,2021-02-22,6.73
Maine,,2021-02-23,6.8
Maine,,2021-02-24,7.03
Maine,,2021-02-25,7.03
Maine,,2021-02-26,7.03
Maine,,2021-02-27,7.9
Maine,,2021-02-28,7.91
Maine,,2021-03-01,7.92
Maine,,2021-03-02,7.92
Maine,,2021-03-03,7.92
Maine,,2021-03-04,7.92
Maine,,2021-03-05,9.34
Maine,,2021-03-06,9.84
Marshall Islands,MHL,2021-01-12,0
Marshall Islands,MHL,2021-01-13,0
Marshall Islands,MHL,2021-01-15,0
Marshall Islands,MHL,2021-01-19,0
Marshall Islands,MHL,2021-01-20,0
Marshall Islands,MHL,2021-01-21,0
Marshall Islands,MHL,2021-01-22,0
Marshall Islands,MHL,2021-01-23,0
Marshall Islands,MHL,2021-01-24,0
Marshall Islands,MHL,2021-01-25,0
Marshall Islands,MHL,2021-01-26,0
Marshall Islands,MHL,2021-01-27,0.03
Marshall Islands,MHL,2021-01-28,0.22
Marshall Islands,MHL,2021-01-29,0.4
Marshall Islands,MHL,2021-01-30,0.4
Marshall Islands,MHL,2021-01-31,0.56
Marshall Islands,MHL,2021-02-01,0.56
Marshall Islands,MHL,2021-02-02,0.64
Marshall Islands,MHL,2021-02-03,0.64
Marshall Islands,MHL,2021-02-04,0.74
Marshall Islands,MHL,2021-02-05,0.76
Marshall Islands,MHL,2021-02-06,0.76
Marshall Islands,MHL,2021-02-07,0.78
Marshall Islands,MHL,2021-02-08,0.78
Marshall Islands,MHL,2021-02-09,0.82
Marshall Islands,MHL,2021-02-10,0.84
Marshall Islands,MHL,2021-02-11,0.9
Marshall Islands,MHL,2021-02-12,1.01
Marshall Islands,MHL,2021-02-13,1.02
Marshall Islands,MHL,2021-02-14,1.14
Marshall Islands,MHL,2021-02-16,1.24
Marshall Islands,MHL,2021-02-17,1.25
Marshall Islands,MHL,2021-02-18,1.46
Marshall Islands,MHL,2021-02-19,1.99
Marshall Islands,MHL,2021-02-20,2.08
Marshall Islands,MHL,2021-02-21,2.55
Marshall Islands,MHL,2021-02-22,2.9
Marshall Islands,MHL,2021-02-23,3.16
Marshall Islands,MHL,2021-02-24,3.72
Marshall Islands,MHL,2021-02-25,3.81
Marshall Islands,MHL,2021-02-26,3.88
Marshall Islands,MHL,2021-02-27,3.88
Marshall Islands,MHL,2021-02-28,3.99
Marshall Islands,MHL,2021-03-01,3.99
Marshall Islands,MHL,2021-03-02,4.21
Marshall Islands,MHL,2021-03-03,4.21
Marshall Islands,MHL,2021-03-04,4.57
Marshall Islands,MHL,2021-03-05,4.91
Marshall Islands,MHL,2021-03-06,5.5
Maryland,,2021-01-12,0.11
Maryland,,2021-01-13,0.21
Maryland,,2021-01-15,0.26
Maryland,,2021-01-19,0.36
Maryland,,2021-01-20,0.4
Maryland,,2021-01-21,0.46
Maryland,,2021-01-22,0.51
Maryland,,2021-01-23,0.56
Maryland,,2021-01-24,0.62
Maryland,,2021-01-25,0.65
Maryland,,2021-01-26,0.7
Maryland,,2021-01-27,0.8
Maryland,,2021-01-28,0.93
Maryland,,2021-01-29,1.1
Maryland,,2021-01-30,1.27
Maryland,,2021-01-31,1.37
Maryland,,2021-02-01,1.44
Maryland,,2021-02-02,1.46
Maryland,,2021-02-03,1.51
Maryland,,2021-02-04,1.68
Maryland,,2021-02-05,1.91
Maryland,,2021-02-06,2.15
Maryland,,2021-02-07,2.42
Maryland,,2021-02-08,2.5
Maryland,,2021-02-09,2.56
Maryland,,2021-02-10,2.79
Maryland,,2021-02-11,3
Maryland,,2021-02-12,3.27
Maryland,,2021-02-13,3.52
Maryland,,2021-02-14,3.82
Maryland,,2021-02-16,4.04
Maryland,,2021-02-17,4.2
Maryland,,2021-02-18,4.39
Maryland,,2021-02-19,4.96
Maryland,,2021-02-20,5.3
Maryland,,2021-02-21,5.66
Maryland,,2021-02-22,5.87
Maryland,,2021-02-23,6.06
Maryland,,2021-02-24,6.34
Maryland,,2021-02-25,6.6
Maryland,,2021-02-26,6.99
Maryland,,2021-02-27,7.4
Maryland,,2021-02-28,7.78
Maryland,,2021-03-01,8.04
Maryland,,2021-03-02,8.2
Maryland,,2021-03-03,8.55
Maryland,,2021-03-04,8.82
Maryland,,2021-03-05,9.1
Maryland,,2021-03-06,9.43
Massachusetts,,2021-01-12,0.28
Massachusetts,,2021-01-13,0.36
Massachusetts,,2021-01-15,0.51
Massachusetts,,2021-01-19,0.6
Massachusetts,,2021-01-20,0.61
Massachusetts,,2021-01-21,0.67
Massachusetts,,2021-01-22,0.75
Massachusetts,,2021-01-23,0.84
Massachusetts,,2021-01-24,0.92
Massachusetts,,2021-01-25,0.94
Massachusetts,,2021-01-26,0.95
Massachusetts,,2021-01-27,1.06
Massachusetts,,2021-01-28,1.21
Massachusetts,,2021-01-29,1.4
Massachusetts,,2021-01-30,1.55
Massachusetts,,2021-01-31,1.69
Massachusetts,,2021-02-01,1.78
Massachusetts,,2021-02-02,1.84
Massachusetts,,2021-02-03,1.84
Massachusetts,,2021-02-04,1.95
Massachusetts,,2021-02-05,2.08
Massachusetts,,2021-02-06,2.23
Massachusetts,,2021-02-07,2.45
Massachusetts,,2021-02-08,2.53
Massachusetts,,2021-02-09,2.63
Massachusetts,,2021-02-10,2.83
Massachusetts,,2021-02-11,3.01
Massachusetts,,2021-02-12,3.17
Massachusetts,,2021-02-13,3.42
Massachusetts,,2021-02-14,3.77
Massachusetts,,2021-02-16,4.07
Massachusetts,,2021-02-17,4.18
Massachusetts,,2021-02-18,4.35
Massachusetts,,2021-02-19,4.73
Massachusetts,,2021-02-20,4.98
Massachusetts,,2021-02-21,5.34
Massachusetts,,2021-02-22,5.58
Massachusetts,,2021-02-23,5.74
Massachusetts,,2021-02-24,5.95
Massachusetts,,2021-02-25,6.21
Massachusetts,,2021-02-26,6.51
Massachusetts,,2021-02-27,6.9
Massachusetts,,2021-02-28,7.26
Massachusetts,,2021-03-01,7.66
Massachusetts,,2021-03-02,7.89
Massachusetts,,2021-03-03,8.16
Massachusetts,,2021-03-04,8.47
Massachusetts,,2021-03-05,8.87
Massachusetts,,2021-03-06,9.33
Michigan,,2021-01-12,0.19
Michigan,,2021-01-13,0.32
Michigan,,2021-01-15,0.49
Michigan,,2021-01-19,0.63
Michigan,,2021-01-20,0.71
Michigan,,2021-01-21,0.81
Michigan,,2021-01-22,0.93
Michigan,,2021-01-23,1.06
Michigan,,2021-01-24,1.11
Michigan,,2021-01-25,1.17
Michigan,,2021-01-26,1.2
Michigan,,2021-01-27,1.32
Michigan,,2021-01-28,1.44
Michigan,,2021-01-29,1.6
Michigan,,2021-01-30,1.75
Michigan,,2021-01-31,1.91
Michigan,,2021-02-01,1.98
Michigan,,2021-02-02,2
Michigan,,2021-02-03,2.14
Michigan,,2021-02-04,2.3
Michigan,,2021-02-05,2.53
Michigan,,2021-02-06,2.83
Michigan,,2021-02-07,3.13
Michigan,,2021-02-08,3.29
Michigan,,2021-02-09,3.44
Michigan,,2021-02-10,3.72
Michigan,,2021-02-11,3.99
Michigan,,2021-02-12,4.26
Michigan,,2021-02-13,4.6
Michigan,,2021-02-14,4.92
Michigan,,2021-02-16,5.16
Michigan,,2021-02-17,5.27
Michigan,,2021-02-18,5.46
Michigan,,2021-02-19,5.92
Michigan,,2021-02-20,6.19
Michigan,,2021-02-21,6.48
Michigan,,2021-02-22,6.72
Michigan,,2021-02-23,6.79
Michigan,,2021-02-24,7.06
Michigan,,2021-02-25,7.41
Michigan,,2021-02-26,7.7
Michigan,,2021-02-27,8.05
Michigan,,2021-02-28,8.31
Michigan,,2021-03-01,8.48
Michigan,,2021-03-02,8.58
Michigan,,2021-03-03,8.67
Michigan,,2021-03-04,8.92
Michigan,,2021-03-05,9.18
Michigan,,2021-03-06,9.42
Minnesota,,2021-01-12,0.17
Minnesota,,2021-01-13,0.18
Minnesota,,2021-01-15,0.49
Minnesota,,2021-01-19,0.75
Minnesota,,2021-01-20,0.75
Minnesota,,2021-01-21,0.82
Minnesota,,2021-01-22,0.96
Minnesota,,2021-01-23,1.15
Minnesota,,2021-01-24,1.2
Minnesota,,2021-01-25,1.28
Minnesota,,2021-01-26,1.29
Minnesota,,2021-01-27,1.34
Minnesota,,2021-01-28,1.55
Minnesota,,2021-01-29,1.75
Minnesota,,2021-01-30,1.91
Minnesota,,2021-01-31,2.03
Minnesota,,2021-02-01,2.11
Minnesota,,2021-02-02,2.12
Minnesota,,2021-02-03,2.12
Minnesota,,2021-02-04,2.34
Minnesota,,2021-02-05,2.34
Minnesota,,2021-02-06,2.67
Minnesota,,2021-02-07,2.79
Minnesota,,2021-02-08,2.85
Minnesota,,2021-02-09,2.85
Minnesota,,2021-02-10,2.85
Minnesota,,2021-02-11,3.13
Minnesota,,2021-02-12,3.35
Minnesota,,2021-02-13,3.65
Minnesota,,2021-02-14,3.97
Minnesota,,2021-02-16,4.19
Minnesota,,2021-02-17,4.26
Minnesota,,2021-02-18,4.56
Minnesota,,2021-02-19,5.21
Minnesota,,2021-02-20,5.7
Minnesota,,2021-02-21,6.1
Minnesota,,2021-02-22,6.12
Minnesota,,2021-02-23,6.48
Minnesota,,2021-02-24,6.64
Minnesota,,2021-02-25,6.91
Minnesota,,2021-02-26,7.27
Minnesota,,2021-02-27,7.72
Minnesota,,2021-02-28,8.05
Minnesota,,2021-03-01,8.3
Minnesota,,2021-03-02,8.42
Minnesota,,2021-03-03,8.62
Minnesota,,2021-03-04,8.89
Minnesota,,2021-03-05,9.25
Minnesota,,2021-03-06,9.66
Mississippi,,2021-01-12,0.16
Mississippi,,2021-01-13,0.19
Mississippi,,2021-01-15,0.28
Mississippi,,2021-01-19,0.32
Mississippi,,2021-01-20,0.34
Mississippi,,2021-01-21,0.39
Mississippi,,2021-01-22,0.45
Mississippi,,2021-01-23,0.45
Mississippi,,2021-01-24,0.53
Mississippi,,2021-01-25,0.54
Mississippi,,2021-01-26,0.54
Mississippi,,2021-01-27,0.59
Mississippi,,2021-01-28,0.65
Mississippi,,2021-01-29,0.72
Mississippi,,2021-01-30,0.77
Mississippi,,2021-01-31,0.82
Mississippi,,2021-02-01,0.84
Mississippi,,2021-02-02,0.85
Mississippi,,2021-02-03,0.93
Mississippi,,2021-02-04,0.93
Mississippi,,2021-02-05,1.26
Mississippi,,2021-02-06,1.6
Mississippi,,2021-02-07,1.89
Mississippi,,2021-02-08,1.99
Mississippi,,2021-02-09,2.02
Mississippi,,2021-02-10,2.28
Mississippi,,2021-02-11,2.65
Mississippi,,2021-02-12,3.01
Mississippi,,2021-02-13,3.48
Mississippi,,2021-02-14,3.84
Mississippi,,2021-02-16,4.02
Mississippi,,2021-02-17,4.02
Mississippi,,2021-02-18,4.02
Mississippi,,2021-02-19,4.43
Mississippi,,2021-02-20,4.56
Mississippi,,2021-02-21,4.72
Mississippi,,2021-02-22,4.86
Mississippi,,2021-02-23,4.96
Mississippi,,2021-02-24,5.34
Mississippi,,2021-02-25,5.35
Mississippi,,2021-02-26,6.11
Mississippi,,2021-02-27,6.52
Mississippi,,2021-02-28,6.95
Mississippi,,2021-03-01,7.26
Mississippi,,2021-03-02,7.4
Mississippi,,2021-03-03,7.68
Mississippi,,2021-03-04,7.98
Mississippi,,2021-03-05,8.33
Mississippi,,2021-03-06,8.6
Missouri,,2021-01-12,0.36
Missouri,,2021-01-13,0.36
Missouri,,2021-01-15,0.6
Missouri,,2021-01-19,0.74
Missouri,,2021-01-20,0.8
Missouri,,2021-01-21,0.96
Missouri,,2021-01-22,1.09
Missouri,,2021-01-23,1.12
Missouri,,2021-01-24,1.19
Missouri,,2021-01-25,1.23
Missouri,,2021-01-26,1.25
Missouri,,2021-01-27,1.3
Missouri,,2021-01-28,1.4
Missouri,,2021-01-29,1.5
Missouri,,2021-01-30,1.5
Missouri,,2021-01-31,1.63
Missouri,,2021-02-01,1.68
Missouri,,2021-02-02,1.7
Missouri,,2021-02-03,1.74
Missouri,,2021-02-04,1.83
Missouri,,2021-02-05,1.93
Missouri,,2021-02-06,2.11
Missouri,,2021-02-07,2.3
Missouri,,2021-02-08,2.38
Missouri,,2021-02-09,2.4
Missouri,,2021-02-10,2.53
Missouri,,2021-02-11,2.66
Missouri,,2021-02-12,2.82
Missouri,,2021-02-13,3.35
Missouri,,2021-02-14,3.67
Missouri,,2021-02-16,3.89
Missouri,,2021-02-17,3.99
Missouri,,2021-02-18,4.23
Missouri,,2021-02-19,4.81
Missouri,,2021-02-20,5.03
Missouri,,2021-02-21,5.48
Missouri,,2021-02-22,5.68
Missouri,,2021-02-23,5.75
Missouri,,2021-02-24,5.98
Missouri,,2021-02-25,6.27
Missouri,,2021-02-26,6.52
Missouri,,2021-02-27,7.05
Missouri,,2021-02-28,7.06
Missouri,,2021-03-01,7.57
Missouri,,2021-03-02,7.6
Missouri,,2021-03-03,7.78
Missouri,,2021-03-04,8.08
Missouri,,2021-03-05,8.37
Missouri,,2021-03-06,8.65
Montana,,2021-01-12,0.55
Montana,,2021-01-13,0.64
Montana,,2021-01-15,0.77
Montana,,2021-01-19,0.81
Montana,,2021-01-20,0.85
Montana,,2021-01-21,0.93
Montana,,2021-01-22,1.11
Montana,,2021-01-23,1.24
Montana,,2021-01-24,1.32
Montana,,2021-01-25,1.32
Montana,,2021-01-26,1.33
Montana,,2021-01-27,1.44
Montana,,2021-01-28,1.7
Montana,,2021-01-29,1.97
Montana,,2021-01-30,2.22
Montana,,2021-01-31,2.33
Montana,,2021-02-01,2.38
Montana,,2021-02-02,2.42
Montana,,2021-02-03,2.46
Montana,,2021-02-04,2.71
Montana,,2021-02-05,2.88
Montana,,2021-02-06,3.2
Montana,,2021-02-07,3.39
Montana,,2021-02-08,3.42
Montana,,2021-02-09,3.45
Montana,,2021-02-10,3.55
Montana,,2021-02-11,3.72
Montana,,2021-02-12,3.92
Montana,,2021-02-13,4.2
Montana,,2021-02-14,4.56
Montana,,2021-02-16,4.71
Montana,,2021-02-17,4.8
Montana,,2021-02-18,4.98
Montana,,2021-02-19,5.86
Montana,,2021-02-20,6.23
Montana,,2021-02-21,6.63
Montana,,2021-02-22,6.76
Montana,,2021-02-23,6.84
Montana,,2021-02-24,7.04
Montana,,2021-02-25,7.31
Montana,,2021-02-26,7.65
Montana,,2021-02-27,8.15
Montana,,2021-02-28,8.67
Montana,,2021-03-01,8.76
Montana,,2021-03-02,8.85
Montana,,2021-03-03,9.06
Montana,,2021-03-04,9.5
Montana,,2021-03-05,10.02
Montana,,2021-03-06,10.6
Nebraska,,2021-01-12,0.44
Nebraska,,2021-01-13,0.54
Nebraska,,2021-01-15,0.68
Nebraska,,2021-01-19,0.72
Nebraska,,2021-01-20,0.75
Nebraska,,2021-01-21,0.84
Nebraska,,2021-01-22,0.94
Nebraska,,2021-01-23,1.02
Nebraska,,2021-01-24,1.15
Nebraska,,2021-01-25,1.17
Nebraska,,2021-01-26,1.19
Nebraska,,2021-01-27,1.27
Nebraska,,2021-01-28,1.67
Nebraska,,2021-01-29,1.93
Nebraska,,2021-01-30,2.12
Nebraska,,2021-01-31,2.26
Nebraska,,2021-02-01,2.36
Nebraska,,2021-02-02,2.4
Nebraska,,2021-02-03,2.53
Nebraska,,2021-02-04,2.71
Nebraska,,2021-02-05,2.86
Nebraska,,2021-02-06,3.1
Nebraska,,2021-02-07,3.41
Nebraska,,2021-02-08,3.5
Nebraska,,2021-02-09,3.52
Nebraska,,2021-02-10,3.65
Nebraska,,2021-02-11,3.81
Nebraska,,2021-02-12,4.08
Nebraska,,2021-02-13,4.32
Nebraska,,2021-02-14,4.57
Nebraska,,2021-02-16,4.66
Nebraska,,2021-02-17,4.76
Nebraska,,2021-02-18,4.98
Nebraska,,2021-02-19,5.72
Nebraska,,2021-02-20,5.92
Nebraska,,2021-02-21,6.12
Nebraska,,2021-02-22,6.2
Nebraska,,2021-02-23,6.42
Nebraska,,2021-02-24,6.8
Nebraska,,2021-02-25,7.14
Nebraska,,2021-02-26,7.53
Nebraska,,2021-02-27,7.58
Nebraska,,2021-02-28,8.32
Nebraska,,2021-03-01,8.37
Nebraska,,2021-03-02,8.51
Nebraska,,2021-03-03,8.8
Nebraska,,2021-03-04,9.18
Nebraska,,2021-03-05,9.68
Nebraska,,2021-03-06,9.71
Nevada,,2021-01-12,0.28
Nevada,,2021-01-13,0.28
Nevada,,2021-01-15,0.5
Nevada,,2021-01-19,0.54
Nevada,,2021-01-20,0.56
Nevada,,2021-01-21,0.63
Nevada,,2021-01-22,0.66
Nevada,,2021-01-23,0.68
Nevada,,2021-01-24,0.72
Nevada,,2021-01-25,0.72
Nevada,,2021-01-26,0.73
Nevada,,2021-01-27,0.77
Nevada,,2021-01-28,0.86
Nevada,,2021-01-29,0.95
Nevada,,2021-01-30,1.03
Nevada,,2021-01-31,1.1
Nevada,,2021-02-01,1.15
Nevada,,2021-02-02,1.22
Nevada,,2021-02-03,1.34
Nevada,,2021-02-04,1.48
Nevada,,2021-02-05,1.62
Nevada,,2021-02-06,1.83
Nevada,,2021-02-07,2.03
Nevada,,2021-02-08,2.17
Nevada,,2021-02-09,2.2
Nevada,,2021-02-10,2.37
Nevada,,2021-02-11,2.52
Nevada,,2021-02-12,2.71
Nevada,,2021-02-13,2.94
Nevada,,2021-02-14,3.2
Nevada,,2021-02-16,3.5
Nevada,,2021-02-17,3.57
Nevada,,2021-02-18,3.83
Nevada,,2021-02-19,4.5
Nevada,,2021-02-20,5.11
Nevada,,2021-02-21,5.37
Nevada,,2021-02-22,5.72
Nevada,,2021-02-23,5.96
Nevada,,2021-02-24,6.1
Nevada,,2021-02-25,6.31
Nevada,,2021-02-26,6.67
Nevada,,2021-02-27,7.09
Nevada,,2021-02-28,7.4
Nevada,,2021-03-01,7.81
Nevada,,2021-03-02,7.94
Nevada,,2021-03-03,8.1
Nevada,,2021-03-04,8.3
Nevada,,2021-03-05,8.56
Nevada,,2021-03-06,8.91
New Hampshire,,2021-01-12,0
New Hampshire,,2021-01-13,0
New Hampshire,,2021-01-15,0.42
New Hampshire,,2021-01-19,0.52
New Hampshire,,2021-01-20,0.59
New Hampshire,,2021-01-21,0.76
New Hampshire,,2021-01-22,0.92
New Hampshire,,2021-01-23,0.97
New Hampshire,,2021-01-24,0.98
New Hampshire,,2021-01-25,1.02
New Hampshire,,2021-01-26,1.14
New Hampshire,,2021-01-27,1.34
New Hampshire,,2021-01-28,1.6
New Hampshire,,2021-01-29,1.84
New Hampshire,,2021-01-30,2.03
New Hampshire,,2021-01-31,2.19
New Hampshire,,2021-02-01,2.24
New Hampshire,,2021-02-02,2.38
New Hampshire,,2021-02-03,2.51
New Hampshire,,2021-02-04,2.71
New Hampshire,,2021-02-05,2.98
New Hampshire,,2021-02-06,3.23
New Hampshire,,2021-02-07,3.35
New Hampshire,,2021-02-08,3.39
New Hampshire,,2021-02-09,3.49
New Hampshire,,2021-02-10,3.72
New Hampshire,,2021-02-11,3.91
New Hampshire,,2021-02-12,4.1
New Hampshire,,2021-02-13,4.37
New Hampshire,,2021-02-14,4.54
New Hampshire,,2021-02-16,4.8
New Hampshire,,2021-02-17,4.86
New Hampshire,,2021-02-18,5.12
New Hampshire,,2021-02-19,5.5
New Hampshire,,2021-02-20,5.76
New Hampshire,,2021-02-21,5.99
New Hampshire,,2021-02-22,6.1
New Hampshire,,2021-02-23,6.18
New Hampshire,,2021-02-24,6.36
New Hampshire,,2021-02-25,6.55
New Hampshire,,2021-02-26,6.76
New Hampshire,,2021-02-27,6.95
New Hampshire,,2021-02-28,7.1
New Hampshire,,2021-03-01,7.11
New Hampshire,,2021-03-02,7.18
New Hampshire,,2021-03-03,7.34
New Hampshire,,2021-03-04,7.56
New Hampshire,,2021-03-05,7.75
New Hampshire,,2021-03-06,8.09
New Jersey,,2021-01-12,0.16
New Jersey,,2021-01-13,0.3
New Jersey,,2021-01-15,0.41
New Jersey,,2021-01-19,0.49
New Jersey,,2021-01-20,0.56
New Jersey,,2021-01-21,0.56
New Jersey,,2021-01-22,0.63
New Jersey,,2021-01-23,0.69
New Jersey,,2021-01-24,0.73
New Jersey,,2021-01-25,0.78
New Jersey,,2021-01-26,0.81
New Jersey,,2021-01-27,0.9
New Jersey,,2021-01-28,0.99
New Jersey,,2021-01-29,1.22
New Jersey,,2021-01-30,1.33
New Jersey,,2021-01-31,1.39
New Jersey,,2021-02-01,1.44
New Jersey,,2021-02-02,1.54
New Jersey,,2021-02-03,1.64
New Jersey,,2021-02-04,1.64
New Jersey,,2021-02-05,1.78
New Jersey,,2021-02-06,2.24
New Jersey,,2021-02-07,2.37
New Jersey,,2021-02-08,2.49
New Jersey,,2021-02-09,2.71
New Jersey,,2021-02-10,2.93
New Jersey,,2021-02-11,3.15
New Jersey,,2021-02-12,3.44
New Jersey,,2021-02-13,3.75
New Jersey,,2021-02-14,3.95
New Jersey,,2021-02-16,4.32
New Jersey,,2021-02-17,4.58
New Jersey,,2021-02-18,4.88
New Jersey,,2021-02-19,5.17
New Jersey,,2021-02-20,5.46
New Jersey,,2021-02-21,5.75
New Jersey,,2021-02-22,5.87
New Jersey,,2021-02-23,6.16
New Jersey,,2021-02-24,6.41
New Jersey,,2021-02-25,6.76
New Jersey,,2021-02-26,7.2
New Jersey,,2021-02-27,7.53
New Jersey,,2021-02-28,7.76
New Jersey,,2021-03-01,7.84
New Jersey,,2021-03-02,8.16
New Jersey,,2021-03-03,8.39
New Jersey,,2021-03-04,8.63
New Jersey,,2021-03-05,8.94
New Jersey,,2021-03-06,9.25
New Mexico,,2021-01-12,0.54
New Mexico,,2021-01-13,0.59
New Mexico,,2021-01-15,0.89
New Mexico,,2021-01-19,1.11
New Mexico,,2021-01-20,1.18
New Mexico,,2021-01-21,1.29
New Mexico,,2021-01-22,1.4
New Mexico,,2021-01-23,1.58
New Mexico,,2021-01-24,1.66
New Mexico,,2021-01-25,1.69
New Mexico,,2021-01-26,1.71
New Mexico,,2021-01-27,1.83
New Mexico,,2021-01-28,1.99
New Mexico,,2021-01-29,2.24
New Mexico,,2021-01-30,2.39
New Mexico,,2021-01-31,2.69
New Mexico,,2021-02-01,2.87
New Mexico,,2021-02-02,2.9
New Mexico,,2021-02-03,3
New Mexico,,2021-02-04,3.21
New Mexico,,2021-02-05,3.43
New Mexico,,2021-02-06,3.76
New Mexico,,2021-02-07,3.96
New Mexico,,2021-02-08,4.19
New Mexico,,2021-02-09,4.23
New Mexico,,2021-02-10,4.42
New Mexico,,2021-02-11,4.85
New Mexico,,2021-02-12,5.34
New Mexico,,2021-02-13,5.65
New Mexico,,2021-02-14,6.12
New Mexico,,2021-02-16,6.56
New Mexico,,2021-02-17,6.64
New Mexico,,2021-02-18,6.87
New Mexico,,2021-02-19,8.45
New Mexico,,2021-02-20,8.88
New Mexico,,2021-02-21,9.29
New Mexico,,2021-02-22,9.47
New Mexico,,2021-02-23,9.6
New Mexico,,2021-02-24,9.75
New Mexico,,2021-02-25,10.12
New Mexico,,2021-02-26,10.6
New Mexico,,2021-02-27,11.02
New Mexico,,2021-02-28,11.52
New Mexico,,2021-03-01,11.67
New Mexico,,2021-03-02,11.91
New Mexico,,2021-03-03,12.19
New Mexico,,2021-03-04,12.38
New Mexico,,2021-03-05,12.77
New Mexico,,2021-03-06,13.57
New York State,,2021-01-12,0.19
New York State,,2021-01-13,0.23
New York State,,2021-01-15,0.38
New York State,,2021-01-19,0.52
New York State,,2021-01-20,0.55
New York State,,2021-01-21,0.62
New York State,,2021-01-22,0.73
New York State,,2021-01-23,0.84
New York State,,2021-01-24,0.91
New York State,,2021-01-25,0.94
New York State,,2021-01-26,0.98
New York State,,2021-01-27,1.09
New York State,,2021-01-28,1.23
New York State,,2021-01-29,1.4
New York State,,2021-01-30,1.56
New York State,,2021-01-31,1.7
New York State,,2021-02-01,1.77
New York State,,2021-02-02,1.82
New York State,,2021-02-03,1.89
New York State,,2021-02-04,2
New York State,,2021-02-05,2.19
New York State,,2021-02-06,2.41
New York State,,2021-02-07,2.67
New York State,,2021-02-08,2.85
New York State,,2021-02-09,2.94
New York State,,2021-02-10,3.19
New York State,,2021-02-11,3.44
New York State,,2021-02-12,3.71
New York State,,2021-02-13,4
New York State,,2021-02-14,4.28
New York State,,2021-02-16,4.75
New York State,,2021-02-17,4.91
New York State,,2021-02-18,5.11
New York State,,2021-02-19,5.48
New York State,,2021-02-20,5.74
New York State,,2021-02-21,6
New York State,,2021-02-22,6.26
New York State,,2021-02-23,6.45
New York State,,2021-02-24,6.58
New York State,,2021-02-25,6.7
New York State,,2021-02-26,6.88
New York State,,2021-02-27,7.09
New York State,,2021-02-28,7.41
New York State,,2021-03-01,7.64
New York State,,2021-03-02,7.83
New York State,,2021-03-03,8
New York State,,2021-03-04,8.15
New York State,,2021-03-05,8.31
New York State,,2021-03-06,8.51
North Carolina,,2021-01-12,0.18
North Carolina,,2021-01-13,0.34
North Carolina,,2021-01-15,0.41
North Carolina,,2021-01-19,0.52
North Carolina,,2021-01-20,0.56
North Carolina,,2021-01-21,0.64
North Carolina,,2021-01-22,0.71
North Carolina,,2021-01-23,0.76
North Carolina,,2021-01-24,0.8
North Carolina,,2021-01-25,0.82
North Carolina,,2021-01-26,0.83
North Carolina,,2021-01-27,0.84
North Carolina,,2021-01-28,1.15
North Carolina,,2021-01-29,1.15
North Carolina,,2021-01-30,1.29
North Carolina,,2021-01-31,1.43
North Carolina,,2021-02-01,1.49
North Carolina,,2021-02-02,1.49
North Carolina,,2021-02-03,1.62
North Carolina,,2021-02-04,1.78
North Carolina,,2021-02-05,1.97
North Carolina,,2021-02-06,2.2
North Carolina,,2021-02-07,2.5
North Carolina,,2021-02-08,2.61
North Carolina,,2021-02-09,2.67
North Carolina,,2021-02-10,2.87
North Carolina,,2021-02-11,3.15
North Carolina,,2021-02-12,3.53
North Carolina,,2021-02-13,3.88
North Carolina,,2021-02-14,4.28
North Carolina,,2021-02-16,4.61
North Carolina,,2021-02-17,4.85
North Carolina,,2021-02-18,5.16
North Carolina,,2021-02-19,5.88
North Carolina,,2021-02-20,6.22
North Carolina,,2021-02-21,6.59
North Carolina,,2021-02-22,6.83
North Carolina,,2021-02-23,6.91
North Carolina,,2021-02-24,7.19
North Carolina,,2021-02-25,7.46
North Carolina,,2021-02-26,7.74
North Carolina,,2021-02-27,8.01
North Carolina,,2021-02-28,8.3
North Carolina,,2021-03-01,8.46
North Carolina,,2021-03-02,8.53
North Carolina,,2021-03-03,8.74
North Carolina,,2021-03-04,9
North Carolina,,2021-03-05,9.05
North Carolina,,2021-03-06,9.31
North Dakota,,2021-01-12,0.76
North Dakota,,2021-01-13,0.84
North Dakota,,2021-01-15,0.99
North Dakota,,2021-01-19,1.13
North Dakota,,2021-01-20,1.18
North Dakota,,2021-01-21,1.3
North Dakota,,2021-01-22,1.63
North Dakota,,2021-01-23,1.89
North Dakota,,2021-01-24,2.05
North Dakota,,2021-01-25,2.06
North Dakota,,2021-01-26,2.07
North Dakota,,2021-01-27,2.22
North Dakota,,2021-01-28,2.39
North Dakota,,2021-01-29,2.72
North Dakota,,2021-01-30,3.01
North Dakota,,2021-01-31,3.33
North Dakota,,2021-02-01,3.43
North Dakota,,2021-02-02,3.48
North Dakota,,2021-02-03,3.6
North Dakota,,2021-02-04,3.78
North Dakota,,2021-02-05,4.04
North Dakota,,2021-02-06,4.61
North Dakota,,2021-02-07,4.94
North Dakota,,2021-02-08,5.04
North Dakota,,2021-02-09,5.04
North Dakota,,2021-02-10,5.14
North Dakota,,2021-02-11,5.34
North Dakota,,2021-02-12,5.68
North Dakota,,2021-02-13,5.97
North Dakota,,2021-02-14,6.24
North Dakota,,2021-02-16,6.46
North Dakota,,2021-02-17,6.51
North Dakota,,2021-02-18,6.62
North Dakota,,2021-02-19,7.62
North Dakota,,2021-02-20,8.09
North Dakota,,2021-02-21,8.57
North Dakota,,2021-02-22,8.6
North Dakota,,2021-02-23,8.62
North Dakota,,2021-02-24,8.79
North Dakota,,2021-02-25,9.01
North Dakota,,2021-02-26,9.47
North Dakota,,2021-02-27,10.11
North Dakota,,2021-02-28,10.58
North Dakota,,2021-03-01,10.8
North Dakota,,2021-03-02,10.81
North Dakota,,2021-03-03,10.96
North Dakota,,2021-03-04,11.26
North Dakota,,2021-03-05,11.74
North Dakota,,2021-03-06,12.03
Northern Mariana Islands,MNP,2021-01-12,0.58
Northern Mariana Islands,MNP,2021-01-13,1.24
Northern Mariana Islands,MNP,2021-01-15,2.02
Northern Mariana Islands,MNP,2021-01-19,3.37
Northern Mariana Islands,MNP,2021-01-20,3.9
Northern Mariana Islands,MNP,2021-01-21,4.75
Northern Mariana Islands,MNP,2021-01-22,5.3
Northern Mariana Islands,MNP,2021-01-23,5.3
Northern Mariana Islands,MNP,2021-01-24,5.3
Northern Mariana Islands,MNP,2021-01-25,5.3
Northern Mariana Islands,MNP,2021-01-26,5.37
Northern Mariana Islands,MNP,2021-01-27,5.37
Northern Mariana Islands,MNP,2021-01-28,5.38
Northern Mariana Islands,MNP,2021-01-29,5.38
Northern Mariana Islands,MNP,2021-01-30,5.38
Northern Mariana Islands,MNP,2021-01-31,5.54
Northern Mariana Islands,MNP,2021-02-01,5.71
Northern Mariana Islands,MNP,2021-02-02,5.87
Northern Mariana Islands,MNP,2021-02-03,5.94
Northern Mariana Islands,MNP,2021-02-04,5.98
Northern Mariana Islands,MNP,2021-02-05,6.49
Northern Mariana Islands,MNP,2021-02-06,6.89
Northern Mariana Islands,MNP,2021-02-07,7.09
Northern Mariana Islands,MNP,2021-02-08,7.12
Northern Mariana Islands,MNP,2021-02-09,7.44
Northern Mariana Islands,MNP,2021-02-10,7.64
Northern Mariana Islands,MNP,2021-02-11,7.69
Northern Mariana Islands,MNP,2021-02-12,7.85
Northern Mariana Islands,MNP,2021-02-13,8.42
Northern Mariana Islands,MNP,2021-02-14,9.04
Northern Mariana Islands,MNP,2021-02-16,9.61
Northern Mariana Islands,MNP,2021-02-17,10.01
Northern Mariana Islands,MNP,2021-02-18,10.4
Northern Mariana Islands,MNP,2021-02-19,10.91
Northern Mariana Islands,MNP,2021-02-20,10.91
Northern Mariana Islands,MNP,2021-02-21,11.14
Northern Mariana Islands,MNP,2021-02-22,11.44
Northern Mariana Islands,MNP,2021-02-23,11.74
Northern Mariana Islands,MNP,2021-02-24,12.43
Northern Mariana Islands,MNP,2021-02-25,12.89
Northern Mariana Islands,MNP,2021-02-26,13.04
Northern Mariana Islands,MNP,2021-02-27,13.28
Northern Mariana Islands,MNP,2021-02-28,13.43
Northern Mariana Islands,MNP,2021-03-01,13.44
Northern Mariana Islands,MNP,2021-03-02,13.72
Northern Mariana Islands,MNP,2021-03-03,13.98
Northern Mariana Islands,MNP,2021-03-04,14.31
Northern Mariana Islands,MNP,2021-03-05,14.58
Northern Mariana Islands,MNP,2021-03-06,14.69
Ohio,,2021-01-15,0.12
Ohio,,2021-01-19,0.23
Ohio,,2021-01-20,0.26
Ohio,,2021-01-21,0.26
Ohio,,2021-01-22,0.38
Ohio,,2021-01-23,0.51
Ohio,,2021-01-24,0.61
Ohio,,2021-01-25,0.66
Ohio,,2021-01-26,0.69
Ohio,,2021-01-27,0.76
Ohio,,2021-01-28,0.91
Ohio,,2021-01-29,1.08
Ohio,,2021-01-30,1.29
Ohio,,2021-01-31,1.4
Ohio,,2021-02-01,1.53
Ohio,,2021-02-02,1.62
Ohio,,2021-02-03,1.72
Ohio,,2021-02-04,1.86
Ohio,,2021-02-05,2.05
Ohio,,2021-02-06,2.27
Ohio,,2021-02-07,2.44
Ohio,,2021-02-08,2.62
Ohio,,2021-02-09,2.68
Ohio,,2021-02-10,2.8
Ohio,,2021-02-11,2.99
Ohio,,2021-02-12,3.21
Ohio,,2021-02-13,3.5
Ohio,,2021-02-14,3.83
Ohio,,2021-02-16,4.13
Ohio,,2021-02-17,4.24
Ohio,,2021-02-18,4.4
Ohio,,2021-02-19,4.82
Ohio,,2021-02-20,5.16
Ohio,,2021-02-21,5.56
Ohio,,2021-02-22,5.89
Ohio,,2021-02-23,6.06
Ohio,,2021-02-24,6.35
Ohio,,2021-02-25,6.66
Ohio,,2021-02-26,6.91
Ohio,,2021-02-27,7.28
Ohio,,2021-02-28,7.7
Ohio,,2021-03-01,7.9
Ohio,,2021-03-02,8.14
Ohio,,2021-03-03,8.38
Ohio,,2021-03-04,8.58
Ohio,,2021-03-05,8.77
Ohio,,2021-03-06,9.1
Oklahoma,,2021-01-12,0.44
Oklahoma,,2021-01-13,0.56
Oklahoma,,2021-01-15,0.73
Oklahoma,,2021-01-19,0.78
Oklahoma,,2021-01-20,0.82
Oklahoma,,2021-01-21,0.88
Oklahoma,,2021-01-22,0.95
Oklahoma,,2021-01-23,0.99
Oklahoma,,2021-01-24,1.04
Oklahoma,,2021-01-25,1.05
Oklahoma,,2021-01-26,1.06
Oklahoma,,2021-01-27,1.18
Oklahoma,,2021-01-28,1.33
Oklahoma,,2021-01-29,1.53
Oklahoma,,2021-01-30,1.73
Oklahoma,,2021-01-31,1.98
Oklahoma,,2021-02-01,2.03
Oklahoma,,2021-02-02,2.03
Oklahoma,,2021-02-03,2.21
Oklahoma,,2021-02-04,2.51
Oklahoma,,2021-02-05,2.89
Oklahoma,,2021-02-06,3.32
Oklahoma,,2021-02-07,3.68
Oklahoma,,2021-02-08,3.82
Oklahoma,,2021-02-09,3.85
Oklahoma,,2021-02-10,4.1
Oklahoma,,2021-02-11,4.36
Oklahoma,,2021-02-12,4.51
Oklahoma,,2021-02-13,4.77
Oklahoma,,2021-02-14,5.08
Oklahoma,,2021-02-16,5.21
Oklahoma,,2021-02-17,5.23
Oklahoma,,2021-02-18,5.29
Oklahoma,,2021-02-19,6.09
Oklahoma,,2021-02-20,6.34
Oklahoma,,2021-02-21,6.93
Oklahoma,,2021-02-22,7.32
Oklahoma,,2021-02-23,7.56
Oklahoma,,2021-02-24,7.84
Oklahoma,,2021-02-25,8.22
Oklahoma,,2021-02-26,8.76
Oklahoma,,2021-02-27,9.32
Oklahoma,,2021-02-28,9.97
Oklahoma,,2021-03-01,10.16
Oklahoma,,2021-03-02,10.19
Oklahoma,,2021-03-03,10.45
Oklahoma,,2021-03-04,10.82
Oklahoma,,2021-03-05,11.06
Oklahoma,,2021-03-06,11.37
Oregon,,2021-01-12,0.11
Oregon,,2021-01-13,0.17
Oregon,,2021-01-15,0.3
Oregon,,2021-01-19,0.57
Oregon,,2021-01-20,0.57
Oregon,,2021-01-21,0.57
Oregon,,2021-01-22,0.82
Oregon,,2021-01-23,0.9
Oregon,,2021-01-24,0.96
Oregon,,2021-01-25,1.01
Oregon,,2021-01-26,1.04
Oregon,,2021-01-27,1.14
Oregon,,2021-01-28,1.27
Oregon,,2021-01-29,1.39
Oregon,,2021-01-30,1.57
Oregon,,2021-01-31,1.78
Oregon,,2021-02-01,1.88
Oregon,,2021-02-02,1.99
Oregon,,2021-02-03,2.16
Oregon,,2021-02-04,2.38
Oregon,,2021-02-05,2.54
Oregon,,2021-02-06,2.81
Oregon,,2021-02-07,3.1
Oregon,,2021-02-08,3.31
Oregon,,2021-02-09,3.45
Oregon,,2021-02-10,3.61
Oregon,,2021-02-11,3.61
Oregon,,2021-02-12,3.61
Oregon,,2021-02-13,4.31
Oregon,,2021-02-14,4.58
Oregon,,2021-02-16,4.73
Oregon,,2021-02-17,4.81
Oregon,,2021-02-18,4.98
Oregon,,2021-02-19,5.55
Oregon,,2021-02-20,5.91
Oregon,,2021-02-21,6.3
Oregon,,2021-02-22,6.63
Oregon,,2021-02-23,6.93
Oregon,,2021-02-24,6.93
Oregon,,2021-02-25,7.24
Oregon,,2021-02-26,7.72
Oregon,,2021-02-27,8.02
Oregon,,2021-02-28,8.44
Oregon,,2021-03-01,8.7
Oregon,,2021-03-02,8.84
Oregon,,2021-03-03,8.95
Oregon,,2021-03-04,9.21
Oregon,,2021-03-05,9.5
Oregon,,2021-03-06,9.78
Pennsylvania,,2021-01-12,0.08
Pennsylvania,,2021-01-13,0.14
Pennsylvania,,2021-01-15,0.52
Pennsylvania,,2021-01-19,0.62
Pennsylvania,,2021-01-20,0.67
Pennsylvania,,2021-01-21,0.75
Pennsylvania,,2021-01-22,0.88
Pennsylvania,,2021-01-23,0.96
Pennsylvania,,2021-01-24,1.03
Pennsylvania,,2021-01-25,1.06
Pennsylvania,,2021-01-26,1.1
Pennsylvania,,2021-01-27,1.23
Pennsylvania,,2021-01-28,1.24
Pennsylvania,,2021-01-29,1.51
Pennsylvania,,2021-01-30,1.64
Pennsylvania,,2021-01-31,1.75
Pennsylvania,,2021-02-01,1.81
Pennsylvania,,2021-02-02,1.85
Pennsylvania,,2021-02-03,1.86
Pennsylvania,,2021-02-04,2.01
Pennsylvania,,2021-02-05,2.15
Pennsylvania,,2021-02-06,2.33
Pennsylvania,,2021-02-07,2.51
Pennsylvania,,2021-02-08,2.57
Pennsylvania,,2021-02-09,2.66
Pennsylvania,,2021-02-10,2.79
Pennsylvania,,2021-02-11,2.92
Pennsylvania,,2021-02-12,3.12
Pennsylvania,,2021-02-13,3.16
Pennsylvania,,2021-02-14,3.54
Pennsylvania,,2021-02-16,3.57
Pennsylvania,,2021-02-17,3.9
Pennsylvania,,2021-02-18,4.05
Pennsylvania,,2021-02-19,4.51
Pennsylvania,,2021-02-20,4.66
Pennsylvania,,2021-02-21,4.94
Pennsylvania,,2021-02-22,5.09
Pennsylvania,,2021-02-23,5.19
Pennsylvania,,2021-02-24,5.36
Pennsylvania,,2021-02-25,5.59
Pennsylvania,,2021-02-26,5.86
Pennsylvania,,2021-02-27,6.23
Pennsylvania,,2021-02-28,6.48
Pennsylvania,,2021-03-01,6.79
Pennsylvania,,2021-03-02,6.92
Pennsylvania,,2021-03-03,7.12
Pennsylvania,,2021-03-04,7.4
Pennsylvania,,2021-03-05,7.69
Pennsylvania,,2021-03-06,8.05
Puerto Rico,PRI,2021-01-12,0.24
Puerto Rico,PRI,2021-01-13,0.36
Puerto Rico,PRI,2021-01-15,0.51
Puerto Rico,PRI,2021-01-19,0.67
Puerto Rico,PRI,2021-01-20,0.73
Puerto Rico,PRI,2021-01-21,0.83
Puerto Rico,PRI,2021-01-22,1.01
Puerto Rico,PRI,2021-01-23,1.12
Puerto Rico,PRI,2021-01-24,1.22
Puerto Rico,PRI,2021-01-25,1.23
Puerto Rico,PRI,2021-01-26,1.24
Puerto Rico,PRI,2021-01-27,1.33
Puerto Rico,PRI,2021-01-28,1.41
Puerto Rico,PRI,2021-01-29,1.51
Puerto Rico,PRI,2021-01-30,1.6
Puerto Rico,PRI,2021-01-31,1.7
Puerto Rico,PRI,2021-02-01,1.72
Puerto Rico,PRI,2021-02-02,1.72
Puerto Rico,PRI,2021-02-03,1.85
Puerto Rico,PRI,2021-02-04,1.95
Puerto Rico,PRI,2021-02-05,2.04
Puerto Rico,PRI,2021-02-06,2.17
Puerto Rico,PRI,2021-02-07,2.17
Puerto Rico,PRI,2021-02-08,2.17
Puerto Rico,PRI,2021-02-09,2.37
Puerto Rico,PRI,2021-02-10,2.53
Puerto Rico,PRI,2021-02-11,2.71
Puerto Rico,PRI,2021-02-12,2.71
Puerto Rico,PRI,2021-02-13,3.22
Puerto Rico,PRI,2021-02-14,3.41
Puerto Rico,PRI,2021-02-16,3.48
Puerto Rico,PRI,2021-02-17,3.54
Puerto Rico,PRI,2021-02-18,3.83
Puerto Rico,PRI,2021-02-19,4.36
Puerto Rico,PRI,2021-02-20,4.63
Puerto Rico,PRI,2021-02-21,4.84
Puerto Rico,PRI,2021-02-22,4.84
Puerto Rico,PRI,2021-02-23,4.91
Puerto Rico,PRI,2021-02-24,5.15
Puerto Rico,PRI,2021-02-25,5.39
Puerto Rico,PRI,2021-02-26,5.84
Puerto Rico,PRI,2021-02-27,5.87
Puerto Rico,PRI,2021-02-28,6.1
Puerto Rico,PRI,2021-03-01,6.15
Puerto Rico,PRI,2021-03-02,6.15
Puerto Rico,PRI,2021-03-03,6.35
Puerto Rico,PRI,2021-03-04,6.78
Puerto Rico,PRI,2021-03-05,6.79
Puerto Rico,PRI,2021-03-06,6.98
Republic of Palau,,2021-01-15,0.01
Republic of Palau,,2021-01-19,0.01
Republic of Palau,,2021-01-20,0.01
Republic of Palau,,2021-01-21,0.01
Republic of Palau,,2021-01-22,0.01
Republic of Palau,,2021-01-23,0.01
Republic of Palau,,2021-01-24,0.01
Republic of Palau,,2021-01-25,0.01
Republic of Palau,,2021-01-26,0.01
Republic of Palau,,2021-01-29,0.01
Republic of Palau,,2021-01-30,0.01
Republic of Palau,,2021-01-31,0.01
Republic of Palau,,2021-02-01,0.01
Republic of Palau,,2021-02-02,0.35
Republic of Palau,,2021-02-03,0.66
Republic of Palau,,2021-02-04,0.66
Republic of Palau,,2021-02-05,1.4
Republic of Palau,,2021-02-06,1.4
Republic of Palau,,2021-02-07,2
Republic of Palau,,2021-02-08,2
Republic of Palau,,2021-02-09,2
Republic of Palau,,2021-02-10,2.33
Republic of Palau,,2021-02-11,4.03
Republic of Palau,,2021-02-12,4.26
Republic of Palau,,2021-02-13,6.16
Republic of Palau,,2021-02-14,6.77
Republic of Palau,,2021-02-16,8.74
Republic of Palau,,2021-02-17,10.6
Republic of Palau,,2021-02-18,10.98
Republic of Palau,,2021-02-19,13.29
Republic of Palau,,2021-02-20,13.3
Republic of Palau,,2021-02-21,14.88
Republic of Palau,,2021-02-22,14.88
Republic of Palau,,2021-02-23,16.86
Republic of Palau,,2021-02-24,16.86
Republic of Palau,,2021-02-25,16.91
Republic of Palau,,2021-02-26,17.09
Republic of Palau,,2021-02-27,17.09
Republic of Palau,,2021-02-28,17.31
Republic of Palau,,2021-03-01,17.31
Republic of Palau,,2021-03-02,17.31
Republic of Palau,,2021-03-03,17.31
Republic of Palau,,2021-03-04,17.31
Republic of Palau,,2021-03-05,17.31
Republic of Palau,,2021-03-06,17.31
Rhode Island,,2021-01-12,0.39
Rhode Island,,2021-01-13,0.52
Rhode Island,,2021-01-15,0.77
Rhode Island,,2021-01-19,0.94
Rhode Island,,2021-01-20,1.01
Rhode Island,,2021-01-21,1.05
Rhode Island,,2021-01-22,1.14
Rhode Island,,2021-01-23,1.19
Rhode Island,,2021-01-24,1.25
Rhode Island,,2021-01-25,1.29
Rhode Island,,2021-01-26,1.34
Rhode Island,,2021-01-27,1.55
Rhode Island,,2021-01-28,1.75
Rhode Island,,2021-01-29,1.92
Rhode Island,,2021-01-30,2.11
Rhode Island,,2021-01-31,2.21
Rhode Island,,2021-02-01,2.4
Rhode Island,,2021-02-02,2.46
Rhode Island,,2021-02-03,2.55
Rhode Island,,2021-02-04,2.63
Rhode Island,,2021-02-05,2.74
Rhode Island,,2021-02-06,2.9
Rhode Island,,2021-02-07,3.18
Rhode Island,,2021-02-08,3.34
Rhode Island,,2021-02-09,3.38
Rhode Island,,2021-02-10,3.5
Rhode Island,,2021-02-11,3.6
Rhode Island,,2021-02-12,3.78
Rhode Island,,2021-02-13,3.93
Rhode Island,,2021-02-14,4.13
Rhode Island,,2021-02-16,4.39
Rhode Island,,2021-02-17,4.54
Rhode Island,,2021-02-18,4.88
Rhode Island,,2021-02-19,5.39
Rhode Island,,2021-02-20,5.62
Rhode Island,,2021-02-21,5.82
Rhode Island,,2021-02-22,5.99
Rhode Island,,2021-02-23,6.08
Rhode Island,,2021-02-24,6.2
Rhode Island,,2021-02-25,6.33
Rhode Island,,2021-02-26,6.46
Rhode Island,,2021-02-27,6.67
Rhode Island,,2021-02-28,7.05
Rhode Island,,2021-03-01,7.41
Rhode Island,,2021-03-02,7.57
Rhode Island,,2021-03-03,7.74
Rhode Island,,2021-03-04,7.88
Rhode Island,,2021-03-05,8.14
Rhode Island,,2021-03-06,8.41
South Carolina,,2021-01-12,0.08
South Carolina,,2021-01-13,0.24
South Carolina,,2021-01-15,0.38
South Carolina,,2021-01-19,0.59
South Carolina,,2021-01-20,0.6
South Carolina,,2021-01-21,0.67
South Carolina,,2021-01-22,0.74
South Carolina,,2021-01-23,0.79
South Carolina,,2021-01-24,0.85
South Carolina,,2021-01-25,0.92
South Carolina,,2021-01-26,0.94
South Carolina,,2021-01-27,0.97
South Carolina,,2021-01-28,1.07
South Carolina,,2021-01-29,1.18
South Carolina,,2021-01-30,1.29
South Carolina,,2021-01-31,1.45
South Carolina,,2021-02-01,1.56
South Carolina,,2021-02-02,1.58
South Carolina,,2021-02-03,1.63
South Carolina,,2021-02-04,1.75
South Carolina,,2021-02-05,1.87
South Carolina,,2021-02-06,2.01
South Carolina,,2021-02-07,2.2
South Carolina,,2021-02-08,2.32
South Carolina,,2021-02-09,2.32
South Carolina,,2021-02-10,2.46
South Carolina,,2021-02-11,2.6
South Carolina,,2021-02-12,2.74
South Carolina,,2021-02-13,2.97
South Carolina,,2021-02-14,3.26
South Carolina,,2021-02-16,3.56
South Carolina,,2021-02-17,3.71
South Carolina,,2021-02-18,3.92
South Carolina,,2021-02-19,4.33
South Carolina,,2021-02-20,4.61
South Carolina,,2021-02-21,4.95
South Carolina,,2021-02-22,5.15
South Carolina,,2021-02-23,5.22
South Carolina,,2021-02-24,5.42
South Carolina,,2021-02-25,5.68
South Carolina,,2021-02-26,5.94
South Carolina,,2021-02-27,6.26
South Carolina,,2021-02-28,6.56
South Carolina,,2021-03-01,6.78
South Carolina,,2021-03-02,6.82
South Carolina,,2021-03-03,7.16
South Carolina,,2021-03-04,7.83
South Carolina,,2021-03-05,8.09
South Carolina,,2021-03-06,8.65
South Dakota,,2021-01-12,0.83
South Dakota,,2021-01-13,0.9
South Dakota,,2021-01-15,1.09
South Dakota,,2021-01-19,1.1
South Dakota,,2021-01-20,1.12
South Dakota,,2021-01-21,1.22
South Dakota,,2021-01-22,1.56
South Dakota,,2021-01-23,1.83
South Dakota,,2021-01-24,1.96
South Dakota,,2021-01-25,2.09
South Dakota,,2021-01-26,2.12
South Dakota,,2021-01-27,2.48
South Dakota,,2021-01-28,2.77
South Dakota,,2021-01-29,3.01
South Dakota,,2021-01-30,3.23
South Dakota,,2021-01-31,3.32
South Dakota,,2021-02-01,3.45
South Dakota,,2021-02-02,3.48
South Dakota,,2021-02-03,3.6
South Dakota,,2021-02-04,3.83
South Dakota,,2021-02-05,4.02
South Dakota,,2021-02-06,4.37
South Dakota,,2021-02-07,4.49
South Dakota,,2021-02-08,4.56
South Dakota,,2021-02-09,4.57
South Dakota,,2021-02-10,4.7
South Dakota,,2021-02-11,4.95
South Dakota,,2021-02-12,5.14
South Dakota,,2021-02-13,5.5
South Dakota,,2021-02-14,5.68
South Dakota,,2021-02-16,5.84
South Dakota,,2021-02-17,5.92
South Dakota,,2021-02-18,6.17
South Dakota,,2021-02-19,7.81
South Dakota,,2021-02-20,8.25
South Dakota,,2021-02-21,8.56
South Dakota,,2021-02-22,8.73
South Dakota,,2021-02-23,8.8
South Dakota,,2021-02-24,9.02
South Dakota,,2021-02-25,9.34
South Dakota,,2021-02-26,9.85
South Dakota,,2021-02-27,10.23
South Dakota,,2021-02-28,10.66
South Dakota,,2021-03-01,10.82
South Dakota,,2021-03-02,10.84
South Dakota,,2021-03-03,11.03
South Dakota,,2021-03-04,11.38
South Dakota,,2021-03-05,11.92
South Dakota,,2021-03-06,12.26
Tennessee,,2021-01-12,0.26
Tennessee,,2021-01-13,0.35
Tennessee,,2021-01-15,0.55
Tennessee,,2021-01-19,0.72
Tennessee,,2021-01-20,0.76
Tennessee,,2021-01-21,0.9
Tennessee,,2021-01-22,1.12
Tennessee,,2021-01-23,1.28
Tennessee,,2021-01-24,1.42
Tennessee,,2021-01-25,1.46
Tennessee,,2021-01-26,1.49
Tennessee,,2021-01-27,1.64
Tennessee,,2021-01-28,1.8
Tennessee,,2021-01-29,2.1
Tennessee,,2021-01-30,2.28
Tennessee,,2021-01-31,2.48
Tennessee,,2021-02-01,2.61
Tennessee,,2021-02-02,2.63
Tennessee,,2021-02-03,2.82
Tennessee,,2021-02-04,2.99
Tennessee,,2021-02-05,3.16
Tennessee,,2021-02-06,3.34
Tennessee,,2021-02-07,3.58
Tennessee,,2021-02-08,3.65
Tennessee,,2021-02-09,3.67
Tennessee,,2021-02-10,3.8
Tennessee,,2021-02-11,3.92
Tennessee,,2021-02-12,4.1
Tennessee,,2021-02-13,4.22
Tennessee,,2021-02-14,4.45
Tennessee,,2021-02-16,4.59
Tennessee,,2021-02-17,4.61
Tennessee,,2021-02-18,4.67
Tennessee,,2021-02-19,4.96
Tennessee,,2021-02-20,5.05
Tennessee,,2021-02-21,5.2
Tennessee,,2021-02-22,5.3
Tennessee,,2021-02-23,5.38
Tennessee,,2021-02-24,5.66
Tennessee,,2021-02-25,5.9
Tennessee,,2021-02-26,6.18
Tennessee,,2021-02-27,6.47
Tennessee,,2021-02-28,6.81
Tennessee,,2021-03-01,6.96
Tennessee,,2021-03-02,7
Tennessee,,2021-03-03,7.25
Tennessee,,2021-03-04,7.46
Tennessee,,2021-03-05,7.79
Tennessee,,2021-03-06,8
Texas,,2021-01-12,0.35
Texas,,2021-01-13,0.4
Texas,,2021-01-15,0.54
Texas,,2021-01-19,0.62
Texas,,2021-01-20,0.65
Texas,,2021-01-21,0.71
Texas,,2021-01-22,0.8
Texas,,2021-01-23,0.87
Texas,,2021-01-24,0.89
Texas,,2021-01-25,0.93
Texas,,2021-01-26,1.04
Texas,,2021-01-27,1.12
Texas,,2021-01-28,1.29
Texas,,2021-01-29,1.43
Texas,,2021-01-30,1.56
Texas,,2021-01-31,1.65
Texas,,2021-02-01,1.73
Texas,,2021-02-02,1.73
Texas,,2021-02-03,1.95
Texas,,2021-02-04,2.14
Texas,,2021-02-05,2.31
Texas,,2021-02-06,2.53
Texas,,2021-02-07,2.69
Texas,,2021-02-08,2.78
Texas,,2021-02-09,2.91
Texas,,2021-02-10,3.08
Texas,,2021-02-11,3.31
Texas,,2021-02-12,3.57
Texas,,2021-02-13,3.81
Texas,,2021-02-14,4
Texas,,2021-02-16,4.19
Texas,,2021-02-17,4.31
Texas,,2021-02-18,4.34
Texas,,2021-02-19,4.59
Texas,,2021-02-20,4.72
Texas,,2021-02-21,4.83
Texas,,2021-02-22,4.92
Texas,,2021-02-23,5.12
Texas,,2021-02-24,5.36
Texas,,2021-02-25,5.75
Texas,,2021-02-26,6.05
Texas,,2021-02-27,6.23
Texas,,2021-02-28,6.5
Texas,,2021-03-01,6.5
Texas,,2021-03-02,7.12
Texas,,2021-03-03,7.52
Texas,,2021-03-04,7.8
Texas,,2021-03-05,8.02
Texas,,2021-03-06,8.31
United States,USA,2021-01-12,0.24
United States,USA,2021-01-13,0.31
United States,USA,2021-01-15,0.49
United States,USA,2021-01-19,0.61
United States,USA,2021-01-20,0.65
United States,USA,2021-01-21,0.72
United States,USA,2021-01-22,0.83
United States,USA,2021-01-23,0.91
United States,USA,2021-01-24,0.97
United States,USA,2021-01-25,1.01
United States,USA,2021-01-26,1.05
United States,USA,2021-01-27,1.14
United States,USA,2021-01-28,1.28
United States,USA,2021-01-29,1.44
United States,USA,2021-01-30,1.58
United States,USA,2021-01-31,1.7
United States,USA,2021-02-01,1.79
United States,USA,2021-02-02,1.83
United States,USA,2021-02-03,1.94
United States,USA,2021-02-04,2.09
United States,USA,2021-02-05,2.26
United States,USA,2021-02-06,2.51
United States,USA,2021-02-07,2.76
United States,USA,2021-02-08,2.87
United States,USA,2021-02-09,2.96
United States,USA,2021-02-10,3.15
United States,USA,2021-02-11,3.37
United States,USA,2021-02-12,3.64
United States,USA,2021-02-13,3.94
United States,USA,2021-02-14,4.24
United States,USA,2021-02-16,4.52
United States,USA,2021-02-17,4.66
United States,USA,2021-02-18,4.87
United States,USA,2021-02-19,5.13
United States,USA,2021-02-20,5.39
United States,USA,2021-02-21,5.68
United States,USA,2021-02-22,5.86
United States,USA,2021-02-23,5.99
United States,USA,2021-02-24,6.21
United States,USA,2021-02-25,6.49
United States,USA,2021-02-26,6.81
United States,USA,2021-02-27,7.14
United States,USA,2021-02-28,7.46
United States,USA,2021-03-01,7.67
United States,USA,2021-03-02,7.88
United States,USA,2021-03-03,8.12
United States,USA,2021-03-04,8.37
United States,USA,2021-03-05,8.65
United States,USA,2021-03-06,8.97
Utah,,2021-01-12,0.14
Utah,,2021-01-13,0.19
Utah,,2021-01-15,0.33
Utah,,2021-01-19,0.48
Utah,,2021-01-20,0.51
Utah,,2021-01-21,0.54
Utah,,2021-01-22,0.65
Utah,,2021-01-23,0.65
Utah,,2021-01-24,0.65
Utah,,2021-01-25,0.8
Utah,,2021-01-26,0.8
Utah,,2021-01-27,0.94
Utah,,2021-01-28,0.94
Utah,,2021-01-29,1.28
Utah,,2021-01-30,1.43
Utah,,2021-01-31,1.43
Utah,,2021-02-01,1.95
Utah,,2021-02-02,1.97
Utah,,2021-02-03,1.97
Utah,,2021-02-04,2.34
Utah,,2021-02-05,2.52
Utah,,2021-02-06,2.75
Utah,,2021-02-07,2.75
Utah,,2021-02-08,3.25
Utah,,2021-02-09,3.3
Utah,,2021-02-10,3.3
Utah,,2021-02-11,3.3
Utah,,2021-02-12,3.3
Utah,,2021-02-13,3.3
Utah,,2021-02-14,3.3
Utah,,2021-02-16,3.68
Utah,,2021-02-17,3.68
Utah,,2021-02-18,3.93
Utah,,2021-02-19,4.24
Utah,,2021-02-20,4.56
Utah,,2021-02-21,4.56
Utah,,2021-02-22,4.57
Utah,,2021-02-23,4.57
Utah,,2021-02-24,4.83
Utah,,2021-02-25,5.26
Utah,,2021-02-26,5.26
Utah,,2021-02-27,5.52
Utah,,2021-02-28,5.54
Utah,,2021-03-01,5.54
Utah,,2021-03-02,5.95
Utah,,2021-03-03,6.13
Utah,,2021-03-04,6.14
Utah,,2021-03-05,6.43
Utah,,2021-03-06,6.6
Vermont,,2021-01-15,0.66
Vermont,,2021-01-19,0.98
Vermont,,2021-01-20,0.99
Vermont,,2021-01-21,1.05
Vermont,,2021-01-22,1.27
Vermont,,2021-01-23,1.42
Vermont,,2021-01-24,1.58
Vermont,,2021-01-25,1.63
Vermont,,2021-01-26,1.66
Vermont,,2021-01-27,1.73
Vermont,,2021-01-28,1.99
Vermont,,2021-01-29,2.27
Vermont,,2021-01-30,2.44
Vermont,,2021-01-31,2.64
Vermont,,2021-02-01,2.94
Vermont,,2021-02-02,3.03
Vermont,,2021-02-03,3.08
Vermont,,2021-02-04,3.34
Vermont,,2021-02-05,3.6
Vermont,,2021-02-06,3.88
Vermont,,2021-02-07,4.19
Vermont,,2021-02-08,4.35
Vermont,,2021-02-09,4.49
Vermont,,2021-02-10,4.51
Vermont,,2021-02-11,4.76
Vermont,,2021-02-12,5
Vermont,,2021-02-13,5.16
Vermont,,2021-02-14,5.37
Vermont,,2021-02-16,5.89
Vermont,,2021-02-17,5.92
Vermont,,2021-02-18,6.15
Vermont,,2021-02-19,6.54
Vermont,,2021-02-20,6.9
Vermont,,2021-02-21,7.21
Vermont,,2021-02-22,7.49
Vermont,,2021-02-23,7.64
Vermont,,2021-02-24,7.65
Vermont,,2021-02-25,7.87
Vermont,,2021-02-26,8.06
Vermont,,2021-02-27,8.45
Vermont,,2021-02-28,8.85
Vermont,,2021-03-01,9.3
Vermont,,2021-03-02,9.54
Vermont,,2021-03-03,9.63
Vermont,,2021-03-04,9.78
Vermont,,2021-03-05,9.92
Vermont,,2021-03-06,10.13
Virgin Islands,,2021-01-15,0.15
Virgin Islands,,2021-01-19,0.16
Virgin Islands,,2021-01-20,0.23
Virgin Islands,,2021-01-21,0.28
Virgin Islands,,2021-01-22,0.35
Virgin Islands,,2021-01-23,0.39
Virgin Islands,,2021-01-24,0.39
Virgin Islands,,2021-01-25,0.4
Virgin Islands,,2021-01-26,0.47
Virgin Islands,,2021-01-27,0.61
Virgin Islands,,2021-01-28,0.69
Virgin Islands,,2021-01-29,0.85
Virgin Islands,,2021-01-30,1.02
Virgin Islands,,2021-01-31,1.04
Virgin Islands,,2021-02-01,1.04
Virgin Islands,,2021-02-02,1.21
Virgin Islands,,2021-02-03,1.42
Virgin Islands,,2021-02-04,1.89
Virgin Islands,,2021-02-05,2.11
Virgin Islands,,2021-02-06,2.39
Virgin Islands,,2021-02-07,2.39
Virgin Islands,,2021-02-08,2.4
Virgin Islands,,2021-02-09,2.63
Virgin Islands,,2021-02-10,2.82
Virgin Islands,,2021-02-11,2.99
Virgin Islands,,2021-02-12,3.14
Virgin Islands,,2021-02-13,3.38
Virgin Islands,,2021-02-14,3.4
Virgin Islands,,2021-02-16,3.45
Virgin Islands,,2021-02-17,3.69
Virgin Islands,,2021-02-18,3.99
Virgin Islands,,2021-02-19,4.25
Virgin Islands,,2021-02-20,4.57
Virgin Islands,,2021-02-21,4.66
Virgin Islands,,2021-02-22,4.72
Virgin Islands,,2021-02-23,4.99
Virgin Islands,,2021-02-24,5.26
Virgin Islands,,2021-02-25,5.41
Virgin Islands,,2021-02-26,5.8
Virgin Islands,,2021-02-27,6.09
Virgin Islands,,2021-02-28,6.15
Virgin Islands,,2021-03-01,6.24
Virgin Islands,,2021-03-02,6.35
Virgin Islands,,2021-03-03,6.54
Virgin Islands,,2021-03-04,6.87
Virgin Islands,,2021-03-05,7.12
Virgin Islands,,2021-03-06,7.28
Virginia,,2021-01-15,0.33
Virginia,,2021-01-19,0.41
Virginia,,2021-01-20,0.44
Virginia,,2021-01-21,0.47
Virginia,,2021-01-22,0.54
Virginia,,2021-01-23,0.57
Virginia,,2021-01-24,0.6
Virginia,,2021-01-25,0.7
Virginia,,2021-01-26,0.85
Virginia,,2021-01-27,0.93
Virginia,,2021-01-28,1.05
Virginia,,2021-01-29,1.17
Virginia,,2021-01-30,1.3
Virginia,,2021-01-31,1.39
Virginia,,2021-02-01,1.48
Virginia,,2021-02-02,1.55
Virginia,,2021-02-03,1.62
Virginia,,2021-02-04,1.72
Virginia,,2021-02-05,1.87
Virginia,,2021-02-06,2.12
Virginia,,2021-02-07,2.32
Virginia,,2021-02-08,2.45
Virginia,,2021-02-09,2.58
Virginia,,2021-02-10,2.71
Virginia,,2021-02-11,2.9
Virginia,,2021-02-12,3.2
Virginia,,2021-02-13,3.59
Virginia,,2021-02-14,3.75
Virginia,,2021-02-16,4.15
Virginia,,2021-02-17,4.32
Virginia,,2021-02-18,4.64
Virginia,,2021-02-19,5.39
Virginia,,2021-02-20,5.59
Virginia,,2021-02-21,5.87
Virginia,,2021-02-22,6.1
Virginia,,2021-02-23,6.29
Virginia,,2021-02-24,6.54
Virginia,,2021-02-25,6.87
Virginia,,2021-02-26,7.41
Virginia,,2021-02-27,7.78
Virginia,,2021-02-28,8.4
Virginia,,2021-03-01,8.64
Virginia,,2021-03-02,8.77
Virginia,,2021-03-03,9.01
Virginia,,2021-03-04,9.31
Virginia,,2021-03-05,9.59
Virginia,,2021-03-06,9.84
Washington,,2021-01-12,0.23
Washington,,2021-01-13,0.3
Washington,,2021-01-15,0.42
Washington,,2021-01-19,0.59
Washington,,2021-01-20,0.65
Washington,,2021-01-21,0.73
Washington,,2021-01-22,0.82
Washington,,2021-01-23,0.88
Washington,,2021-01-24,0.9
Washington,,2021-01-25,0.97
Washington,,2021-01-26,1
Washington,,2021-01-27,1.07
Washington,,2021-01-28,1.2
Washington,,2021-01-29,1.31
Washington,,2021-01-30,1.42
Washington,,2021-01-31,1.54
Washington,,2021-02-01,1.66
Washington,,2021-02-02,1.72
Washington,,2021-02-03,1.81
Washington,,2021-02-04,1.94
Washington,,2021-02-05,2.07
Washington,,2021-02-06,2.24
Washington,,2021-02-07,2.41
Washington,,2021-02-08,2.54
Washington,,2021-02-09,2.6
Washington,,2021-02-10,2.83
Washington,,2021-02-11,3.02
Washington,,2021-02-12,3.25
Washington,,2021-02-13,3.46
Washington,,2021-02-14,3.7
Washington,,2021-02-16,3.9
Washington,,2021-02-17,4.11
Washington,,2021-02-18,4.3
Washington,,2021-02-19,4.79
Washington,,2021-02-20,5.12
Washington,,2021-02-21,5.4
Washington,,2021-02-22,5.71
Washington,,2021-02-23,5.82
Washington,,2021-02-24,5.98
Washington,,2021-02-25,6.37
Washington,,2021-02-26,6.74
Washington,,2021-02-27,7.18
Washington,,2021-02-28,7.62
Washington,,2021-03-01,8.13
Washington,,2021-03-02,8.4
Washington,,2021-03-03,8.7
Washington,,2021-03-04,8.98
Washington,,2021-03-05,9.31
Washington,,2021-03-06,9.64
West Virginia,,2021-01-15,1.18
West Virginia,,2021-01-19,1.32
West Virginia,,2021-01-20,1.43
West Virginia,,2021-01-21,1.76
West Virginia,,2021-01-22,1.98
West Virginia,,2021-01-23,2.12
West Virginia,,2021-01-24,2.18
West Virginia,,2021-01-25,2.2
West Virginia,,2021-01-26,2.39
West Virginia,,2021-01-27,2.53
West Virginia,,2021-01-28,2.84
West Virginia,,2021-01-29,3.24
West Virginia,,2021-01-30,3.64
West Virginia,,2021-01-31,3.75
West Virginia,,2021-02-01,3.76
West Virginia,,2021-02-02,3.9
West Virginia,,2021-02-03,4.04
West Virginia,,2021-02-04,4.38
West Virginia,,2021-02-05,4.89
West Virginia,,2021-02-06,5.59
West Virginia,,2021-02-07,5.8
West Virginia,,2021-02-08,5.84
West Virginia,,2021-02-09,6.01
West Virginia,,2021-02-10,6.16
West Virginia,,2021-02-11,6.39
West Virginia,,2021-02-12,6.74
West Virginia,,2021-02-13,7.47
West Virginia,,2021-02-14,7.75
West Virginia,,2021-02-16,7.97
West Virginia,,2021-02-17,8.06
West Virginia,,2021-02-18,8.3
West Virginia,,2021-02-19,9
West Virginia,,2021-02-20,9.47
West Virginia,,2021-02-21,9.66
West Virginia,,2021-02-22,9.72
West Virginia,,2021-02-23,9.86
West Virginia,,2021-02-24,9.99
West Virginia,,2021-02-25,10.34
West Virginia,,2021-02-26,10.8
West Virginia,,2021-02-27,11.48
West Virginia,,2021-02-28,11.7
West Virginia,,2021-03-01,11.75
West Virginia,,2021-03-02,11.81
West Virginia,,2021-03-03,11.94
West Virginia,,2021-03-04,12.15
West Virginia,,2021-03-05,12.51
West Virginia,,2021-03-06,12.88
Wisconsin,,2021-01-12,0.19
Wisconsin,,2021-01-13,0.19
Wisconsin,,2021-01-15,0.29
Wisconsin,,2021-01-19,0.41
Wisconsin,,2021-01-20,0.47
Wisconsin,,2021-01-21,0.55
Wisconsin,,2021-01-22,0.65
Wisconsin,,2021-01-23,0.73
Wisconsin,,2021-01-24,0.78
Wisconsin,,2021-01-25,0.81
Wisconsin,,2021-01-26,0.82
Wisconsin,,2021-01-27,0.9
Wisconsin,,2021-01-28,0.99
Wisconsin,,2021-01-29,1.12
Wisconsin,,2021-01-30,1.24
Wisconsin,,2021-01-31,1.36
Wisconsin,,2021-02-01,1.39
Wisconsin,,2021-02-02,1.4
Wisconsin,,2021-02-03,1.46
Wisconsin,,2021-02-04,1.46
Wisconsin,,2021-02-05,1.66
Wisconsin,,2021-02-06,1.89
Wisconsin,,2021-02-07,2.63
Wisconsin,,2021-02-08,2.73
Wisconsin,,2021-02-09,2.76
Wisconsin,,2021-02-10,2.89
Wisconsin,,2021-02-11,3.03
Wisconsin,,2021-02-12,3.26
Wisconsin,,2021-02-13,3.71
Wisconsin,,2021-02-14,4.03
Wisconsin,,2021-02-16,4.18
Wisconsin,,2021-02-17,4.34
Wisconsin,,2021-02-18,4.57
Wisconsin,,2021-02-19,5.26
Wisconsin,,2021-02-20,5.75
Wisconsin,,2021-02-21,6.17
Wisconsin,,2021-02-22,6.39
Wisconsin,,2021-02-23,6.46
Wisconsin,,2021-02-24,6.71
Wisconsin,,2021-02-25,7.05
Wisconsin,,2021-02-26,7.51
Wisconsin,,2021-02-27,8.08
Wisconsin,,2021-02-28,8.56
Wisconsin,,2021-03-01,8.85
Wisconsin,,2021-03-02,8.98
Wisconsin,,2021-03-03,9.22
Wisconsin,,2021-03-04,9.56
Wisconsin,,2021-03-05,9.98
Wisconsin,,2021-03-06,10.41
Wyoming,,2021-01-12,0.37
Wyoming,,2021-01-13,0.44
Wyoming,,2021-01-15,0.48
Wyoming,,2021-01-19,0.56
Wyoming,,2021-01-20,0.6
Wyoming,,2021-01-21,0.6
Wyoming,,2021-01-22,0.78
Wyoming,,2021-01-23,0.82
Wyoming,,2021-01-24,0.85
Wyoming,,2021-01-25,0.85
Wyoming,,2021-01-26,0.85
Wyoming,,2021-01-27,0.94
Wyoming,,2021-01-28,0.94
Wyoming,,2021-01-29,1.33
Wyoming,,2021-01-30,1.33
Wyoming,,2021-01-31,1.61
Wyoming,,2021-02-01,1.67
Wyoming,,2021-02-02,1.7
Wyoming,,2021-02-03,1.81
Wyoming,,2021-02-04,1.81
Wyoming,,2021-02-05,2.22
Wyoming,,2021-02-06,2.56
Wyoming,,2021-02-07,2.56
Wyoming,,2021-02-08,2.89
Wyoming,,2021-02-09,2.89
Wyoming,,2021-02-10,3.14
Wyoming,,2021-02-11,3.14
Wyoming,,2021-02-12,3.98
Wyoming,,2021-02-13,3.98
Wyoming,,2021-02-14,4.69
Wyoming,,2021-02-16,4.76
Wyoming,,2021-02-17,4.76
Wyoming,,2021-02-18,5.2
Wyoming,,2021-02-19,6.33
Wyoming,,2021-02-20,6.79
Wyoming,,2021-02-21,6.82
Wyoming,,2021-02-22,7.48
Wyoming,,2021-02-23,7.53
Wyoming,,2021-02-24,7.56
Wyoming,,2021-02-25,8.09
Wyoming,,2021-02-26,8.47
Wyoming,,2021-02-27,9.09
Wyoming,,2021-02-28,9.5
Wyoming,,2021-03-01,9.56
Wyoming,,2021-03-02,9.56
Wyoming,,2021-03-03,10
Wyoming,,2021-03-04,10.03
Wyoming,,2021-03-05,10.38
Wyoming,,2021-03-06,11.26