Entity,Code,Date,daily_vaccinations_per_million
Alabama,,2021-01-13,1205
Alabama,,2021-01-14,1445
Alabama,,2021-01-15,1525
Alabama,,2021-01-16,1529
Alabama,,2021-01-17,1531
Alabama,,2021-01-18,1533
Alabama,,2021-01-19,1534
Alabama,,2021-01-20,1607
Alabama,,2021-01-21,2145
Alabama,,2021-01-22,2877
Alabama,,2021-01-23,3304
Alabama,,2021-01-24,3731
Alabama,,2021-01-25,3711
Alabama,,2021-01-26,3618
Alabama,,2021-01-27,3707
Alabama,,2021-01-28,3294
Alabama,,2021-01-29,2960
Alabama,,2021-01-30,3522
Alabama,,2021-01-31,3212
Alabama,,2021-02-01,3137
Alabama,,2021-02-02,3407
Alabama,,2021-02-03,3552
Alabama,,2021-02-04,3771
Alabama,,2021-02-05,3778
Alabama,,2021-02-06,3285
Alabama,,2021-02-07,3157
Alabama,,2021-02-08,3186
Alabama,,2021-02-09,3470
Alabama,,2021-02-10,3714
Alabama,,2021-02-11,3928
Alabama,,2021-02-12,4094
Alabama,,2021-02-13,4253
Alabama,,2021-02-14,4368
Alabama,,2021-02-15,4569
Alabama,,2021-02-16,4245
Alabama,,2021-02-17,3911
Alabama,,2021-02-18,3753
Alabama,,2021-02-19,4895
Alabama,,2021-02-20,5121
Alabama,,2021-02-21,5138
Alabama,,2021-02-22,4928
Alabama,,2021-02-23,5198
Alabama,,2021-02-24,5527
Alabama,,2021-02-25,5615
Alabama,,2021-02-26,4508
Alabama,,2021-02-27,4491
Alabama,,2021-02-28,4484
Alabama,,2021-03-01,4510
Alabama,,2021-03-02,4576
Alabama,,2021-03-03,4671
Alabama,,2021-03-04,4878
Alabama,,2021-03-05,4974
Alabama,,2021-03-06,4913
Alaska,,2021-01-13,3885
Alaska,,2021-01-14,4619
Alaska,,2021-01-15,6015
Alaska,,2021-01-16,5989
Alaska,,2021-01-17,5972
Alaska,,2021-01-18,5963
Alaska,,2021-01-19,5955
Alaska,,2021-01-20,5782
Alaska,,2021-01-21,5724
Alaska,,2021-01-22,6261
Alaska,,2021-01-23,6831
Alaska,,2021-01-24,7142
Alaska,,2021-01-25,6839
Alaska,,2021-01-26,6213
Alaska,,2021-01-27,6504
Alaska,,2021-01-28,6630
Alaska,,2021-01-29,5722
Alaska,,2021-01-30,5257
Alaska,,2021-01-31,4947
Alaska,,2021-02-01,4880
Alaska,,2021-02-02,4939
Alaska,,2021-02-03,4720
Alaska,,2021-02-04,4702
Alaska,,2021-02-05,4609
Alaska,,2021-02-06,4663
Alaska,,2021-02-07,5174
Alaska,,2021-02-08,5647
Alaska,,2021-02-09,5747
Alaska,,2021-02-10,5955
Alaska,,2021-02-11,6315
Alaska,,2021-02-12,6529
Alaska,,2021-02-13,7029
Alaska,,2021-02-14,7372
Alaska,,2021-02-15,7125
Alaska,,2021-02-16,7447
Alaska,,2021-02-17,7296
Alaska,,2021-02-18,7201
Alaska,,2021-02-19,9528
Alaska,,2021-02-20,10206
Alaska,,2021-02-21,10020
Alaska,,2021-02-22,9932
Alaska,,2021-02-23,9552
Alaska,,2021-02-24,9771
Alaska,,2021-02-25,9844
Alaska,,2021-02-26,7442
Alaska,,2021-02-27,6276
Alaska,,2021-02-28,5781
Alaska,,2021-03-01,5883
Alaska,,2021-03-02,5862
Alaska,,2021-03-03,5800
Alaska,,2021-03-04,5338
Alaska,,2021-03-05,5298
Alaska,,2021-03-06,5680
American Samoa,ASM,2021-01-13,8134
American Samoa,ASM,2021-01-14,7614
American Samoa,ASM,2021-01-15,10523
American Samoa,ASM,2021-01-16,8871
American Samoa,ASM,2021-01-17,7883
American Samoa,ASM,2021-01-18,7219
American Samoa,ASM,2021-01-19,6752
American Samoa,ASM,2021-01-20,7021
American Samoa,ASM,2021-01-21,6913
American Samoa,ASM,2021-01-22,6895
American Samoa,ASM,2021-01-23,7003
American Samoa,ASM,2021-01-24,9553
American Samoa,ASM,2021-01-25,8996
American Samoa,ASM,2021-01-26,9122
American Samoa,ASM,2021-01-27,9679
American Samoa,ASM,2021-01-28,8781
American Samoa,ASM,2021-01-29,8601
American Samoa,ASM,2021-01-30,7937
American Samoa,ASM,2021-01-31,4812
American Samoa,ASM,2021-02-01,6967
American Samoa,ASM,2021-02-02,6267
American Samoa,ASM,2021-02-03,5082
American Samoa,ASM,2021-02-04,5567
American Samoa,ASM,2021-02-05,5405
American Samoa,ASM,2021-02-06,5980
American Samoa,ASM,2021-02-07,5980
American Samoa,ASM,2021-02-08,3843
American Samoa,ASM,2021-02-09,4920
American Samoa,ASM,2021-02-10,5782
American Samoa,ASM,2021-02-11,5782
American Samoa,ASM,2021-02-12,7703
American Samoa,ASM,2021-02-13,8009
American Samoa,ASM,2021-02-14,8009
American Samoa,ASM,2021-02-15,8943
American Samoa,ASM,2021-02-16,8799
American Samoa,ASM,2021-02-17,7578
American Samoa,ASM,2021-02-18,7075
American Samoa,ASM,2021-02-19,3178
American Samoa,ASM,2021-02-20,6051
American Samoa,ASM,2021-02-21,8709
American Samoa,ASM,2021-02-22,7883
American Samoa,ASM,2021-02-23,6949
American Samoa,ASM,2021-02-24,8907
American Samoa,ASM,2021-02-25,8907
American Samoa,ASM,2021-02-26,10433
American Samoa,ASM,2021-02-27,6662
American Samoa,ASM,2021-02-28,4004
American Samoa,ASM,2021-03-01,3897
American Samoa,ASM,2021-03-02,5800
American Samoa,ASM,2021-03-03,3430
American Samoa,ASM,2021-03-04,4830
American Samoa,ASM,2021-03-05,3304
American Samoa,ASM,2021-03-06,3304
Arizona,,2021-01-13,1840
Arizona,,2021-01-14,2219
Arizona,,2021-01-15,2552
Arizona,,2021-01-16,2508
Arizona,,2021-01-17,2482
Arizona,,2021-01-18,2464
Arizona,,2021-01-19,2452
Arizona,,2021-01-20,2495
Arizona,,2021-01-21,2556
Arizona,,2021-01-22,2596
Arizona,,2021-01-23,2877
Arizona,,2021-01-24,3120
Arizona,,2021-01-25,3232
Arizona,,2021-01-26,3231
Arizona,,2021-01-27,3462
Arizona,,2021-01-28,3597
Arizona,,2021-01-29,3763
Arizona,,2021-01-30,3855
Arizona,,2021-01-31,3994
Arizona,,2021-02-01,4062
Arizona,,2021-02-02,3940
Arizona,,2021-02-03,3882
Arizona,,2021-02-04,3905
Arizona,,2021-02-05,3893
Arizona,,2021-02-06,4110
Arizona,,2021-02-07,4222
Arizona,,2021-02-08,4326
Arizona,,2021-02-09,4556
Arizona,,2021-02-10,4744
Arizona,,2021-02-11,5014
Arizona,,2021-02-12,5316
Arizona,,2021-02-13,5382
Arizona,,2021-02-14,5494
Arizona,,2021-02-15,5512
Arizona,,2021-02-16,5707
Arizona,,2021-02-17,5243
Arizona,,2021-02-18,5126
Arizona,,2021-02-19,7578
Arizona,,2021-02-20,7542
Arizona,,2021-02-21,7468
Arizona,,2021-02-22,7551
Arizona,,2021-02-23,7286
Arizona,,2021-02-24,7675
Arizona,,2021-02-25,7944
Arizona,,2021-02-26,5788
Arizona,,2021-02-27,5946
Arizona,,2021-02-28,6335
Arizona,,2021-03-01,6726
Arizona,,2021-03-02,7143
Arizona,,2021-03-03,7361
Arizona,,2021-03-04,7309
Arizona,,2021-03-05,7210
Arizona,,2021-03-06,6192
Arkansas,,2021-01-13,17886
Arkansas,,2021-01-14,11173
Arkansas,,2021-01-15,8556
Arkansas,,2021-01-16,6914
Arkansas,,2021-01-17,5929
Arkansas,,2021-01-18,5272
Arkansas,,2021-01-19,4803
Arkansas,,2021-01-20,3714
Arkansas,,2021-01-21,3077
Arkansas,,2021-01-22,3945
Arkansas,,2021-01-23,3661
Arkansas,,2021-01-24,3972
Arkansas,,2021-01-25,4012
Arkansas,,2021-01-26,4448
Arkansas,,2021-01-27,3764
Arkansas,,2021-01-28,3764
Arkansas,,2021-01-29,3234
Arkansas,,2021-01-30,4117
Arkansas,,2021-01-31,4239
Arkansas,,2021-02-01,4267
Arkansas,,2021-02-02,3701
Arkansas,,2021-02-03,3296
Arkansas,,2021-02-04,4043
Arkansas,,2021-02-05,3843
Arkansas,,2021-02-06,4072
Arkansas,,2021-02-07,4244
Arkansas,,2021-02-08,4281
Arkansas,,2021-02-09,4244
Arkansas,,2021-02-10,4526
Arkansas,,2021-02-11,4382
Arkansas,,2021-02-12,4543
Arkansas,,2021-02-13,3915
Arkansas,,2021-02-14,3744
Arkansas,,2021-02-15,3613
Arkansas,,2021-02-16,3754
Arkansas,,2021-02-17,3261
Arkansas,,2021-02-18,2837
Arkansas,,2021-02-19,3320
Arkansas,,2021-02-20,3007
Arkansas,,2021-02-21,2648
Arkansas,,2021-02-22,2719
Arkansas,,2021-02-23,2687
Arkansas,,2021-02-24,3196
Arkansas,,2021-02-25,3873
Arkansas,,2021-02-26,3821
Arkansas,,2021-02-27,4817
Arkansas,,2021-02-28,5720
Arkansas,,2021-03-01,5972
Arkansas,,2021-03-02,6183
Arkansas,,2021-03-03,6294
Arkansas,,2021-03-04,6240
Arkansas,,2021-03-05,5954
Arkansas,,2021-03-06,5750
California,,2021-01-13,1903
California,,2021-01-14,2012
California,,2021-01-15,2165
California,,2021-01-16,2237
California,,2021-01-17,2280
California,,2021-01-18,2308
California,,2021-01-19,2329
California,,2021-01-20,2317
California,,2021-01-21,2381
California,,2021-01-22,2642
California,,2021-01-23,3031
California,,2021-01-24,3374
California,,2021-01-25,3496
California,,2021-01-26,3565
California,,2021-01-27,3787
California,,2021-01-28,4024
California,,2021-01-29,4002
California,,2021-01-30,3932
California,,2021-01-31,3924
California,,2021-02-01,4059
California,,2021-02-02,3967
California,,2021-02-03,3947
California,,2021-02-04,3532
California,,2021-02-05,3652
California,,2021-02-06,3767
California,,2021-02-07,4338
California,,2021-02-08,4446
California,,2021-02-09,4486
California,,2021-02-10,4649
California,,2021-02-11,5102
California,,2021-02-12,5136
California,,2021-02-13,5152
California,,2021-02-14,4828
California,,2021-02-15,4819
California,,2021-02-16,5158
California,,2021-02-17,4938
California,,2021-02-18,4922
California,,2021-02-19,5870
California,,2021-02-20,5926
California,,2021-02-21,5904
California,,2021-02-22,5745
California,,2021-02-23,5485
California,,2021-02-24,5615
California,,2021-02-25,5669
California,,2021-02-26,4868
California,,2021-02-27,4934
California,,2021-02-28,4944
California,,2021-03-01,5428
California,,2021-03-02,6396
California,,2021-03-03,6707
California,,2021-03-04,6494
California,,2021-03-05,6365
California,,2021-03-06,6683
Colorado,,2021-01-13,2646
Colorado,,2021-01-14,2629
Colorado,,2021-01-15,2767
Colorado,,2021-01-16,2705
Colorado,,2021-01-17,2668
Colorado,,2021-01-18,2644
Colorado,,2021-01-19,2626
Colorado,,2021-01-20,2500
Colorado,,2021-01-21,2443
Colorado,,2021-01-22,2606
Colorado,,2021-01-23,2246
Colorado,,2021-01-24,3305
Colorado,,2021-01-25,3277
Colorado,,2021-01-26,3162
Colorado,,2021-01-27,3326
Colorado,,2021-01-28,3535
Colorado,,2021-01-29,3587
Colorado,,2021-01-30,4169
Colorado,,2021-01-31,3342
Colorado,,2021-02-01,3520
Colorado,,2021-02-02,3562
Colorado,,2021-02-03,3537
Colorado,,2021-02-04,3553
Colorado,,2021-02-05,3469
Colorado,,2021-02-06,3709
Colorado,,2021-02-07,3986
Colorado,,2021-02-08,4023
Colorado,,2021-02-09,3875
Colorado,,2021-02-10,4215
Colorado,,2021-02-11,4371
Colorado,,2021-02-12,4538
Colorado,,2021-02-13,4731
Colorado,,2021-02-14,4885
Colorado,,2021-02-15,5253
Colorado,,2021-02-16,6029
Colorado,,2021-02-17,5882
Colorado,,2021-02-18,5902
Colorado,,2021-02-19,7140
Colorado,,2021-02-20,7003
Colorado,,2021-02-21,6831
Colorado,,2021-02-22,6648
Colorado,,2021-02-23,5777
Colorado,,2021-02-24,6056
Colorado,,2021-02-25,5983
Colorado,,2021-02-26,4732
Colorado,,2021-02-27,3890
Colorado,,2021-02-28,4203
Colorado,,2021-03-01,4495
Colorado,,2021-03-02,4847
Colorado,,2021-03-03,4806
Colorado,,2021-03-04,4978
Colorado,,2021-03-05,5102
Colorado,,2021-03-06,6337
Connecticut,,2021-01-13,2939
Connecticut,,2021-01-14,2875
Connecticut,,2021-01-15,3223
Connecticut,,2021-01-16,3182
Connecticut,,2021-01-17,3158
Connecticut,,2021-01-18,3142
Connecticut,,2021-01-19,3130
Connecticut,,2021-01-20,3256
Connecticut,,2021-01-21,3719
Connecticut,,2021-01-22,4070
Connecticut,,2021-01-23,4408
Connecticut,,2021-01-24,4570
Connecticut,,2021-01-25,4514
Connecticut,,2021-01-26,4533
Connecticut,,2021-01-27,4722
Connecticut,,2021-01-28,4666
Connecticut,,2021-01-29,4645
Connecticut,,2021-01-30,4584
Connecticut,,2021-01-31,4612
Connecticut,,2021-02-01,4728
Connecticut,,2021-02-02,4546
Connecticut,,2021-02-03,4168
Connecticut,,2021-02-04,4034
Connecticut,,2021-02-05,3966
Connecticut,,2021-02-06,3935
Connecticut,,2021-02-07,3891
Connecticut,,2021-02-08,3733
Connecticut,,2021-02-09,3936
Connecticut,,2021-02-10,4397
Connecticut,,2021-02-11,4745
Connecticut,,2021-02-12,4982
Connecticut,,2021-02-13,5424
Connecticut,,2021-02-14,5640
Connecticut,,2021-02-15,6031
Connecticut,,2021-02-16,6284
Connecticut,,2021-02-17,6549
Connecticut,,2021-02-18,6689
Connecticut,,2021-02-19,7851
Connecticut,,2021-02-20,7735
Connecticut,,2021-02-21,7446
Connecticut,,2021-02-22,7607
Connecticut,,2021-02-23,7282
Connecticut,,2021-02-24,6966
Connecticut,,2021-02-25,6361
Connecticut,,2021-02-26,5271
Connecticut,,2021-02-27,5305
Connecticut,,2021-02-28,5767
Connecticut,,2021-03-01,5951
Connecticut,,2021-03-02,5901
Connecticut,,2021-03-03,5984
Connecticut,,2021-03-04,6466
Connecticut,,2021-03-05,6706
Connecticut,,2021-03-06,7088
Delaware,,2021-01-13,2057
Delaware,,2021-01-14,2403
Delaware,,2021-01-15,1602
Delaware,,2021-01-16,1938
Delaware,,2021-01-17,2139
Delaware,,2021-01-18,2273
Delaware,,2021-01-19,2369
Delaware,,2021-01-20,2527
Delaware,,2021-01-21,2681
Delaware,,2021-01-22,3399
Delaware,,2021-01-23,3824
Delaware,,2021-01-24,4014
Delaware,,2021-01-25,3994
Delaware,,2021-01-26,3807
Delaware,,2021-01-27,4666
Delaware,,2021-01-28,4830
Delaware,,2021-01-29,4847
Delaware,,2021-01-30,4766
Delaware,,2021-01-31,5248
Delaware,,2021-02-01,5250
Delaware,,2021-02-02,5174
Delaware,,2021-02-03,4415
Delaware,,2021-02-04,4181
Delaware,,2021-02-05,3951
Delaware,,2021-02-06,3809
Delaware,,2021-02-07,3443
Delaware,,2021-02-08,3514
Delaware,,2021-02-09,3484
Delaware,,2021-02-10,3312
Delaware,,2021-02-11,3314
Delaware,,2021-02-12,3281
Delaware,,2021-02-13,3466
Delaware,,2021-02-14,3376
Delaware,,2021-02-15,3340
Delaware,,2021-02-16,3648
Delaware,,2021-02-17,3667
Delaware,,2021-02-18,3884
Delaware,,2021-02-19,5680
Delaware,,2021-02-20,5648
Delaware,,2021-02-21,5062
Delaware,,2021-02-22,5060
Delaware,,2021-02-23,5022
Delaware,,2021-02-24,5095
Delaware,,2021-02-25,5235
Delaware,,2021-02-26,4172
Delaware,,2021-02-27,4715
Delaware,,2021-02-28,5630
Delaware,,2021-03-01,6085
Delaware,,2021-03-02,5692
Delaware,,2021-03-03,7017
Delaware,,2021-03-04,7432
Delaware,,2021-03-05,7524
Delaware,,2021-03-06,7609
District of Columbia,,2021-01-13,4587
District of Columbia,,2021-01-14,4866
District of Columbia,,2021-01-15,4781
District of Columbia,,2021-01-16,4476
District of Columbia,,2021-01-17,4293
District of Columbia,,2021-01-18,4171
District of Columbia,,2021-01-19,4084
District of Columbia,,2021-01-20,3782
District of Columbia,,2021-01-21,3731
District of Columbia,,2021-01-22,3428
District of Columbia,,2021-01-23,3511
District of Columbia,,2021-01-24,3528
District of Columbia,,2021-01-25,3384
District of Columbia,,2021-01-26,2988
District of Columbia,,2021-01-27,3310
District of Columbia,,2021-01-28,3184
District of Columbia,,2021-01-29,3333
District of Columbia,,2021-01-30,3416
District of Columbia,,2021-01-31,3671
District of Columbia,,2021-02-01,3710
District of Columbia,,2021-02-02,3806
District of Columbia,,2021-02-03,3437
District of Columbia,,2021-02-04,4707
District of Columbia,,2021-02-05,5169
District of Columbia,,2021-02-06,5134
District of Columbia,,2021-02-07,5119
District of Columbia,,2021-02-08,5254
District of Columbia,,2021-02-09,5044
District of Columbia,,2021-02-10,4738
District of Columbia,,2021-02-11,3568
District of Columbia,,2021-02-12,3086
District of Columbia,,2021-02-13,2881
District of Columbia,,2021-02-14,3136
District of Columbia,,2021-02-15,3123
District of Columbia,,2021-02-16,3649
District of Columbia,,2021-02-17,4045
District of Columbia,,2021-02-18,3789
District of Columbia,,2021-02-19,8704
District of Columbia,,2021-02-20,8781
District of Columbia,,2021-02-21,8373
District of Columbia,,2021-02-22,8157
District of Columbia,,2021-02-23,8142
District of Columbia,,2021-02-24,8478
District of Columbia,,2021-02-25,8622
District of Columbia,,2021-02-26,3833
District of Columbia,,2021-02-27,5083
District of Columbia,,2021-02-28,6492
District of Columbia,,2021-03-01,6849
District of Columbia,,2021-03-02,6576
District of Columbia,,2021-03-03,6426
District of Columbia,,2021-03-04,6961
District of Columbia,,2021-03-05,7225
District of Columbia,,2021-03-06,7265
Federated States of Micronesia,,2021-01-13,1360
Federated States of Micronesia,,2021-01-14,868
Federated States of Micronesia,,2021-01-15,868
Federated States of Micronesia,,2021-01-16,1100
Federated States of Micronesia,,2021-01-17,1235
Federated States of Micronesia,,2021-01-18,1331
Federated States of Micronesia,,2021-01-19,1399
Federated States of Micronesia,,2021-01-20,1640
Federated States of Micronesia,,2021-01-21,2045
Federated States of Micronesia,,2021-01-22,2509
Federated States of Micronesia,,2021-01-23,2586
Federated States of Micronesia,,2021-01-24,2325
Federated States of Micronesia,,2021-01-25,2074
Federated States of Micronesia,,2021-01-26,2123
Federated States of Micronesia,,2021-01-27,2045
Federated States of Micronesia,,2021-01-28,1949
Federated States of Micronesia,,2021-01-29,1997
Federated States of Micronesia,,2021-01-30,1669
Federated States of Micronesia,,2021-01-31,1669
Federated States of Micronesia,,2021-02-01,3242
Federated States of Micronesia,,2021-02-02,3792
Federated States of Micronesia,,2021-02-03,4149
Federated States of Micronesia,,2021-02-04,4409
Federated States of Micronesia,,2021-02-05,4187
Federated States of Micronesia,,2021-02-06,4641
Federated States of Micronesia,,2021-02-07,4757
Federated States of Micronesia,,2021-02-08,3223
Federated States of Micronesia,,2021-02-09,2759
Federated States of Micronesia,,2021-02-10,2431
Federated States of Micronesia,,2021-02-11,2296
Federated States of Micronesia,,2021-02-12,2402
Federated States of Micronesia,,2021-02-13,2615
Federated States of Micronesia,,2021-02-14,2759
Federated States of Micronesia,,2021-02-15,3097
Federated States of Micronesia,,2021-02-16,3107
Federated States of Micronesia,,2021-02-17,3560
Federated States of Micronesia,,2021-02-18,3792
Federated States of Micronesia,,2021-02-19,3917
Federated States of Micronesia,,2021-02-20,3252
Federated States of Micronesia,,2021-02-21,3830
Federated States of Micronesia,,2021-02-22,3445
Federated States of Micronesia,,2021-02-23,3059
Federated States of Micronesia,,2021-02-24,3300
Federated States of Micronesia,,2021-02-25,3030
Federated States of Micronesia,,2021-02-26,3068
Federated States of Micronesia,,2021-02-27,3763
Federated States of Micronesia,,2021-02-28,3473
Federated States of Micronesia,,2021-03-01,3898
Federated States of Micronesia,,2021-03-02,4834
Federated States of Micronesia,,2021-03-03,4400
Federated States of Micronesia,,2021-03-04,4487
Federated States of Micronesia,,2021-03-05,4516
Federated States of Micronesia,,2021-03-06,4554
Florida,,2021-01-13,3350
Florida,,2021-01-14,3283
Florida,,2021-01-15,3409
Florida,,2021-01-16,3492
Florida,,2021-01-17,3543
Florida,,2021-01-18,3576
Florida,,2021-01-19,3600
Florida,,2021-01-20,3556
Florida,,2021-01-21,3096
Florida,,2021-01-22,3068
Florida,,2021-01-23,3695
Florida,,2021-01-24,3531
Florida,,2021-01-25,2997
Florida,,2021-01-26,2666
Florida,,2021-01-27,2611
Florida,,2021-01-28,3108
Florida,,2021-01-29,3205
Florida,,2021-01-30,2669
Florida,,2021-01-31,2759
Florida,,2021-02-01,3064
Florida,,2021-02-02,3144
Florida,,2021-02-03,3330
Florida,,2021-02-04,3435
Florida,,2021-02-05,3090
Florida,,2021-02-06,3297
Florida,,2021-02-07,4309
Florida,,2021-02-08,4005
Florida,,2021-02-09,4544
Florida,,2021-02-10,4672
Florida,,2021-02-11,4882
Florida,,2021-02-12,6354
Florida,,2021-02-13,6423
Florida,,2021-02-14,5722
Florida,,2021-02-15,6159
Florida,,2021-02-16,5771
Florida,,2021-02-17,5767
Florida,,2021-02-18,5730
Florida,,2021-02-19,6534
Florida,,2021-02-20,5683
Florida,,2021-02-21,6114
Florida,,2021-02-22,5702
Florida,,2021-02-23,5368
Florida,,2021-02-24,5322
Florida,,2021-02-25,5228
Florida,,2021-02-26,3366
Florida,,2021-02-27,4100
Florida,,2021-02-28,4372
Florida,,2021-03-01,4372
Florida,,2021-03-02,4469
Florida,,2021-03-03,4421
Florida,,2021-03-04,4716
Florida,,2021-03-05,4949
Florida,,2021-03-06,5760
Georgia,GEO,2021-01-13,2655
Georgia,GEO,2021-01-14,2860
Georgia,GEO,2021-01-15,1907
Georgia,GEO,2021-01-16,1907
Georgia,GEO,2021-01-17,1907
Georgia,GEO,2021-01-18,1907
Georgia,GEO,2021-01-19,1907
Georgia,GEO,2021-01-20,2668
Georgia,GEO,2021-01-21,2995
Georgia,GEO,2021-01-22,5008
Georgia,GEO,2021-01-23,4743
Georgia,GEO,2021-01-24,4470
Georgia,GEO,2021-01-25,4198
Georgia,GEO,2021-01-26,4793
Georgia,GEO,2021-01-27,4249
Georgia,GEO,2021-01-28,4176
Georgia,GEO,2021-01-29,2783
Georgia,GEO,2021-01-30,3400
Georgia,GEO,2021-01-31,4065
Georgia,GEO,2021-02-01,4392
Georgia,GEO,2021-02-02,3653
Georgia,GEO,2021-02-03,3528
Georgia,GEO,2021-02-04,3281
Georgia,GEO,2021-02-05,3247
Georgia,GEO,2021-02-06,3258
Georgia,GEO,2021-02-07,3227
Georgia,GEO,2021-02-08,3192
Georgia,GEO,2021-02-09,3228
Georgia,GEO,2021-02-10,3348
Georgia,GEO,2021-02-11,3565
Georgia,GEO,2021-02-12,2979
Georgia,GEO,2021-02-13,3094
Georgia,GEO,2021-02-14,3925
Georgia,GEO,2021-02-15,3873
Georgia,GEO,2021-02-16,3949
Georgia,GEO,2021-02-17,3358
Georgia,GEO,2021-02-18,3985
Georgia,GEO,2021-02-19,6025
Georgia,GEO,2021-02-20,6162
Georgia,GEO,2021-02-21,5559
Georgia,GEO,2021-02-22,5626
Georgia,GEO,2021-02-23,5476
Georgia,GEO,2021-02-24,5999
Georgia,GEO,2021-02-25,5283
Georgia,GEO,2021-02-26,3942
Georgia,GEO,2021-02-27,3812
Georgia,GEO,2021-02-28,2982
Georgia,GEO,2021-03-01,2677
Georgia,GEO,2021-03-02,2753
Georgia,GEO,2021-03-03,2883
Georgia,GEO,2021-03-04,3033
Georgia,GEO,2021-03-05,3219
Georgia,GEO,2021-03-06,3202
Guam,GUM,2021-01-13,0
Guam,GUM,2021-01-14,0
Guam,GUM,2021-01-15,0
Guam,GUM,2021-01-16,0
Guam,GUM,2021-01-17,0
Guam,GUM,2021-01-18,0
Guam,GUM,2021-01-19,0
Guam,GUM,2021-01-20,0
Guam,GUM,2021-01-21,0
Guam,GUM,2021-01-22,0
Guam,GUM,2021-01-23,0
Guam,GUM,2021-01-24,0
Guam,GUM,2021-01-25,0
Guam,GUM,2021-01-26,11649
Guam,GUM,2021-01-27,12469
Guam,GUM,2021-01-28,13555
Guam,GUM,2021-01-29,15051
Guam,GUM,2021-01-30,16083
Guam,GUM,2021-01-31,16083
Guam,GUM,2021-02-01,16939
Guam,GUM,2021-02-02,6467
Guam,GUM,2021-02-03,6726
Guam,GUM,2021-02-04,5640
Guam,GUM,2021-02-05,5272
Guam,GUM,2021-02-06,5604
Guam,GUM,2021-02-07,6135
Guam,GUM,2021-02-08,5405
Guam,GUM,2021-02-09,5266
Guam,GUM,2021-02-10,5496
Guam,GUM,2021-02-11,6829
Guam,GUM,2021-02-12,7366
Guam,GUM,2021-02-13,7577
Guam,GUM,2021-02-14,7800
Guam,GUM,2021-02-15,8053
Guam,GUM,2021-02-16,7396
Guam,GUM,2021-02-17,7378
Guam,GUM,2021-02-18,7480
Guam,GUM,2021-02-19,9465
Guam,GUM,2021-02-20,9169
Guam,GUM,2021-02-21,8494
Guam,GUM,2021-02-22,9067
Guam,GUM,2021-02-23,9477
Guam,GUM,2021-02-24,9055
Guam,GUM,2021-02-25,8608
Guam,GUM,2021-02-26,5001
Guam,GUM,2021-02-27,5049
Guam,GUM,2021-02-28,5803
Guam,GUM,2021-03-01,4886
Guam,GUM,2021-03-02,4223
Guam,GUM,2021-03-03,3378
Guam,GUM,2021-03-04,2992
Guam,GUM,2021-03-05,3191
Guam,GUM,2021-03-06,1924
Hawaii,,2021-01-13,2205
Hawaii,,2021-01-14,5121
Hawaii,,2021-01-15,3173
Hawaii,,2021-01-16,3130
Hawaii,,2021-01-17,3104
Hawaii,,2021-01-18,3086
Hawaii,,2021-01-19,3074
Hawaii,,2021-01-20,3565
Hawaii,,2021-01-21,3171
Hawaii,,2021-01-22,3817
Hawaii,,2021-01-23,3389
Hawaii,,2021-01-24,2960
Hawaii,,2021-01-25,3268
Hawaii,,2021-01-26,3007
Hawaii,,2021-01-27,2598
Hawaii,,2021-01-28,2475
Hawaii,,2021-01-29,2661
Hawaii,,2021-01-30,3603
Hawaii,,2021-01-31,4488
Hawaii,,2021-02-01,4414
Hawaii,,2021-02-02,4455
Hawaii,,2021-02-03,4641
Hawaii,,2021-02-04,4759
Hawaii,,2021-02-05,5907
Hawaii,,2021-02-06,5908
Hawaii,,2021-02-07,5830
Hawaii,,2021-02-08,5872
Hawaii,,2021-02-09,5662
Hawaii,,2021-02-10,5080
Hawaii,,2021-02-11,4996
Hawaii,,2021-02-12,3945
Hawaii,,2021-02-13,3907
Hawaii,,2021-02-14,3849
Hawaii,,2021-02-15,3748
Hawaii,,2021-02-16,4352
Hawaii,,2021-02-17,4710
Hawaii,,2021-02-18,4719
Hawaii,,2021-02-19,9339
Hawaii,,2021-02-20,9580
Hawaii,,2021-02-21,9865
Hawaii,,2021-02-22,10104
Hawaii,,2021-02-23,9729
Hawaii,,2021-02-24,9995
Hawaii,,2021-02-25,10242
Hawaii,,2021-02-26,5825
Hawaii,,2021-02-27,5854
Hawaii,,2021-02-28,6037
Hawaii,,2021-03-01,5885
Hawaii,,2021-03-02,5970
Hawaii,,2021-03-03,5996
Hawaii,,2021-03-04,6293
Hawaii,,2021-03-05,6345
Hawaii,,2021-03-06,6417
Idaho,,2021-01-13,1694
Idaho,,2021-01-14,1886
Idaho,,2021-01-15,2013
Idaho,,2021-01-16,2116
Idaho,,2021-01-17,2178
Idaho,,2021-01-18,2219
Idaho,,2021-01-19,2249
Idaho,,2021-01-20,2430
Idaho,,2021-01-21,2461
Idaho,,2021-01-22,2506
Idaho,,2021-01-23,2532
Idaho,,2021-01-24,2544
Idaho,,2021-01-25,2529
Idaho,,2021-01-26,2382
Idaho,,2021-01-27,2216
Idaho,,2021-01-28,2352
Idaho,,2021-01-29,2469
Idaho,,2021-01-30,2565
Idaho,,2021-01-31,2698
Idaho,,2021-02-01,2646
Idaho,,2021-02-02,2628
Idaho,,2021-02-03,2829
Idaho,,2021-02-04,3125
Idaho,,2021-02-05,4038
Idaho,,2021-02-06,4915
Idaho,,2021-02-07,5180
Idaho,,2021-02-08,5693
Idaho,,2021-02-09,5770
Idaho,,2021-02-10,5835
Idaho,,2021-02-11,5769
Idaho,,2021-02-12,4370
Idaho,,2021-02-13,3627
Idaho,,2021-02-14,4526
Idaho,,2021-02-15,4586
Idaho,,2021-02-16,5180
Idaho,,2021-02-17,5179
Idaho,,2021-02-18,5149
Idaho,,2021-02-19,7241
Idaho,,2021-02-20,7345
Idaho,,2021-02-21,6718
Idaho,,2021-02-22,6658
Idaho,,2021-02-23,6141
Idaho,,2021-02-24,6104
Idaho,,2021-02-25,6276
Idaho,,2021-02-26,4994
Idaho,,2021-02-27,5191
Idaho,,2021-02-28,5278
Idaho,,2021-03-01,5436
Idaho,,2021-03-02,5531
Idaho,,2021-03-03,5789
Idaho,,2021-03-04,5693
Idaho,,2021-03-05,6026
Idaho,,2021-03-06,6318
Illinois,,2021-01-13,1488
Illinois,,2021-01-14,2236
Illinois,,2021-01-15,2387
Illinois,,2021-01-16,2222
Illinois,,2021-01-17,2123
Illinois,,2021-01-18,2057
Illinois,,2021-01-19,2010
Illinois,,2021-01-20,1962
Illinois,,2021-01-21,1881
Illinois,,2021-01-22,1914
Illinois,,2021-01-23,2200
Illinois,,2021-01-24,2453
Illinois,,2021-01-25,2478
Illinois,,2021-01-26,2398
Illinois,,2021-01-27,2556
Illinois,,2021-01-28,2850
Illinois,,2021-01-29,3123
Illinois,,2021-01-30,3315
Illinois,,2021-01-31,3522
Illinois,,2021-02-01,3738
Illinois,,2021-02-02,3778
Illinois,,2021-02-03,3855
Illinois,,2021-02-04,4003
Illinois,,2021-02-05,4093
Illinois,,2021-02-06,4297
Illinois,,2021-02-07,4398
Illinois,,2021-02-08,4542
Illinois,,2021-02-09,4562
Illinois,,2021-02-10,4861
Illinois,,2021-02-11,4808
Illinois,,2021-02-12,4819
Illinois,,2021-02-13,4990
Illinois,,2021-02-14,5103
Illinois,,2021-02-15,5035
Illinois,,2021-02-16,5373
Illinois,,2021-02-17,5144
Illinois,,2021-02-18,4876
Illinois,,2021-02-19,5632
Illinois,,2021-02-20,5512
Illinois,,2021-02-21,5471
Illinois,,2021-02-22,5074
Illinois,,2021-02-23,5204
Illinois,,2021-02-24,5245
Illinois,,2021-02-25,5435
Illinois,,2021-02-26,5245
Illinois,,2021-02-27,5341
Illinois,,2021-02-28,5464
Illinois,,2021-03-01,6225
Illinois,,2021-03-02,6121
Illinois,,2021-03-03,6325
Illinois,,2021-03-04,6632
Illinois,,2021-03-05,6365
Illinois,,2021-03-06,6829
Indian Health Svc,,2021-02-17,5909
Indian Health Svc,,2021-02-18,5351
Indian Health Svc,,2021-02-19,4120
Indian Health Svc,,2021-02-20,3380
Indian Health Svc,,2021-02-21,3252
Indian Health Svc,,2021-02-22,4110
Indian Health Svc,,2021-02-23,4807
Indian Health Svc,,2021-02-24,5336
Indian Health Svc,,2021-02-25,5982
Indian Health Svc,,2021-02-26,7506
Indian Health Svc,,2021-02-27,8581
Indian Health Svc,,2021-02-28,8753
Indian Health Svc,,2021-03-01,8737
Indian Health Svc,,2021-03-02,8391
Indian Health Svc,,2021-03-03,8205
Indian Health Svc,,2021-03-04,7861
Indian Health Svc,,2021-03-05,7153
Indian Health Svc,,2021-03-06,7223
Indiana,,2021-01-13,2895
Indiana,,2021-01-14,3093
Indiana,,2021-01-15,3390
Indiana,,2021-01-16,3233
Indiana,,2021-01-17,3139
Indiana,,2021-01-18,3076
Indiana,,2021-01-19,3031
Indiana,,2021-01-20,3078
Indiana,,2021-01-21,3260
Indiana,,2021-01-22,3264
Indiana,,2021-01-23,3546
Indiana,,2021-01-24,3152
Indiana,,2021-01-25,3730
Indiana,,2021-01-26,3483
Indiana,,2021-01-27,3561
Indiana,,2021-01-28,3501
Indiana,,2021-01-29,3548
Indiana,,2021-01-30,3420
Indiana,,2021-01-31,3420
Indiana,,2021-02-01,2447
Indiana,,2021-02-02,2408
Indiana,,2021-02-03,2410
Indiana,,2021-02-04,2526
Indiana,,2021-02-05,2749
Indiana,,2021-02-06,3026
Indiana,,2021-02-07,3026
Indiana,,2021-02-08,3026
Indiana,,2021-02-09,3157
Indiana,,2021-02-10,3352
Indiana,,2021-02-11,3413
Indiana,,2021-02-12,3452
Indiana,,2021-02-13,5708
Indiana,,2021-02-14,6559
Indiana,,2021-02-15,6908
Indiana,,2021-02-16,7017
Indiana,,2021-02-17,6742
Indiana,,2021-02-18,6237
Indiana,,2021-02-19,6801
Indiana,,2021-02-20,4576
Indiana,,2021-02-21,4477
Indiana,,2021-02-22,4605
Indiana,,2021-02-23,4395
Indiana,,2021-02-24,5255
Indiana,,2021-02-25,7073
Indiana,,2021-02-26,6598
Indiana,,2021-02-27,6738
Indiana,,2021-02-28,6801
Indiana,,2021-03-01,6850
Indiana,,2021-03-02,6911
Indiana,,2021-03-03,6294
Indiana,,2021-03-04,5055
Indiana,,2021-03-05,5169
Indiana,,2021-03-06,5281
Iowa,,2021-01-13,4248
Iowa,,2021-01-14,2124
Iowa,,2021-01-15,2355
Iowa,,2021-01-16,2241
Iowa,,2021-01-17,2173
Iowa,,2021-01-18,2127
Iowa,,2021-01-19,2095
Iowa,,2021-01-20,1710
Iowa,,2021-01-21,2112
Iowa,,2021-01-22,2247
Iowa,,2021-01-23,2406
Iowa,,2021-01-24,2636
Iowa,,2021-01-25,2592
Iowa,,2021-01-26,2401
Iowa,,2021-01-27,2461
Iowa,,2021-01-28,2434
Iowa,,2021-01-29,2433
Iowa,,2021-01-30,2615
Iowa,,2021-01-31,2763
Iowa,,2021-02-01,2774
Iowa,,2021-02-02,2786
Iowa,,2021-02-03,2834
Iowa,,2021-02-04,3022
Iowa,,2021-02-05,3125
Iowa,,2021-02-06,3199
Iowa,,2021-02-07,3451
Iowa,,2021-02-08,3979
Iowa,,2021-02-09,4178
Iowa,,2021-02-10,4618
Iowa,,2021-02-11,4895
Iowa,,2021-02-12,5216
Iowa,,2021-02-13,5612
Iowa,,2021-02-14,5800
Iowa,,2021-02-15,5694
Iowa,,2021-02-16,6063
Iowa,,2021-02-17,5738
Iowa,,2021-02-18,5446
Iowa,,2021-02-19,6526
Iowa,,2021-02-20,6561
Iowa,,2021-02-21,6474
Iowa,,2021-02-22,6342
Iowa,,2021-02-23,5851
Iowa,,2021-02-24,5716
Iowa,,2021-02-25,5592
Iowa,,2021-02-26,4590
Iowa,,2021-02-27,4855
Iowa,,2021-02-28,5142
Iowa,,2021-03-01,5599
Iowa,,2021-03-02,5695
Iowa,,2021-03-03,5983
Iowa,,2021-03-04,6437
Iowa,,2021-03-05,6658
Iowa,,2021-03-06,7999
Kansas,,2021-01-13,2534
Kansas,,2021-01-14,2282
Kansas,,2021-01-15,2233
Kansas,,2021-01-16,2118
Kansas,,2021-01-17,2049
Kansas,,2021-01-18,2003
Kansas,,2021-01-19,1970
Kansas,,2021-01-20,1817
Kansas,,2021-01-21,1906
Kansas,,2021-01-22,1928
Kansas,,2021-01-23,2058
Kansas,,2021-01-24,2115
Kansas,,2021-01-25,2032
Kansas,,2021-01-26,1976
Kansas,,2021-01-27,2240
Kansas,,2021-01-28,2935
Kansas,,2021-01-29,2621
Kansas,,2021-01-30,3021
Kansas,,2021-01-31,3443
Kansas,,2021-02-01,3539
Kansas,,2021-02-02,3553
Kansas,,2021-02-03,3568
Kansas,,2021-02-04,2997
Kansas,,2021-02-05,3584
Kansas,,2021-02-06,3615
Kansas,,2021-02-07,3669
Kansas,,2021-02-08,3737
Kansas,,2021-02-09,3647
Kansas,,2021-02-10,3850
Kansas,,2021-02-11,3996
Kansas,,2021-02-12,4272
Kansas,,2021-02-13,4298
Kansas,,2021-02-14,4595
Kansas,,2021-02-15,4439
Kansas,,2021-02-16,4495
Kansas,,2021-02-17,4193
Kansas,,2021-02-18,4163
Kansas,,2021-02-19,5687
Kansas,,2021-02-20,5926
Kansas,,2021-02-21,5852
Kansas,,2021-02-22,5939
Kansas,,2021-02-23,5891
Kansas,,2021-02-24,6166
Kansas,,2021-02-25,6110
Kansas,,2021-02-26,4612
Kansas,,2021-02-27,4647
Kansas,,2021-02-28,4925
Kansas,,2021-03-01,5208
Kansas,,2021-03-02,5500
Kansas,,2021-03-03,5591
Kansas,,2021-03-04,5821
Kansas,,2021-03-05,5996
Kansas,,2021-03-06,6100
Kentucky,,2021-01-13,2310
Kentucky,,2021-01-14,2630
Kentucky,,2021-01-15,3181
Kentucky,,2021-01-16,2963
Kentucky,,2021-01-17,2833
Kentucky,,2021-01-18,2746
Kentucky,,2021-01-19,2683
Kentucky,,2021-01-20,2606
Kentucky,,2021-01-21,2543
Kentucky,,2021-01-22,2539
Kentucky,,2021-01-23,2746
Kentucky,,2021-01-24,3329
Kentucky,,2021-01-25,3253
Kentucky,,2021-01-26,3075
Kentucky,,2021-01-27,3176
Kentucky,,2021-01-28,3423
Kentucky,,2021-01-29,3597
Kentucky,,2021-01-30,3678
Kentucky,,2021-01-31,3364
Kentucky,,2021-02-01,3456
Kentucky,,2021-02-02,3433
Kentucky,,2021-02-03,3586
Kentucky,,2021-02-04,3632
Kentucky,,2021-02-05,3745
Kentucky,,2021-02-06,4194
Kentucky,,2021-02-07,4593
Kentucky,,2021-02-08,4769
Kentucky,,2021-02-09,4767
Kentucky,,2021-02-10,4782
Kentucky,,2021-02-11,4874
Kentucky,,2021-02-12,4884
Kentucky,,2021-02-13,4241
Kentucky,,2021-02-14,4170
Kentucky,,2021-02-15,4173
Kentucky,,2021-02-16,4570
Kentucky,,2021-02-17,4314
Kentucky,,2021-02-18,3772
Kentucky,,2021-02-19,4559
Kentucky,,2021-02-20,4705
Kentucky,,2021-02-21,4644
Kentucky,,2021-02-22,4615
Kentucky,,2021-02-23,4472
Kentucky,,2021-02-24,4956
Kentucky,,2021-02-25,5809
Kentucky,,2021-02-26,5310
Kentucky,,2021-02-27,5876
Kentucky,,2021-02-28,6268
Kentucky,,2021-03-01,6629
Kentucky,,2021-03-02,6708
Kentucky,,2021-03-03,6631
Kentucky,,2021-03-04,6700
Kentucky,,2021-03-05,6956
Kentucky,,2021-03-06,7317
Louisiana,,2021-01-13,2886
Louisiana,,2021-01-14,3554
Louisiana,,2021-01-15,3958
Louisiana,,2021-01-16,3743
Louisiana,,2021-01-17,3614
Louisiana,,2021-01-18,3528
Louisiana,,2021-01-19,3467
Louisiana,,2021-01-20,3325
Louisiana,,2021-01-21,3183
Louisiana,,2021-01-22,3063
Louisiana,,2021-01-23,3154
Louisiana,,2021-01-24,3298
Louisiana,,2021-01-25,3081
Louisiana,,2021-01-26,2768
Louisiana,,2021-01-27,2899
Louisiana,,2021-01-28,2965
Louisiana,,2021-01-29,3093
Louisiana,,2021-01-30,3254
Louisiana,,2021-01-31,3369
Louisiana,,2021-02-01,3741
Louisiana,,2021-02-02,4005
Louisiana,,2021-02-03,4001
Louisiana,,2021-02-04,4120
Louisiana,,2021-02-05,4243
Louisiana,,2021-02-06,4604
Louisiana,,2021-02-07,4801
Louisiana,,2021-02-08,4636
Louisiana,,2021-02-09,4416
Louisiana,,2021-02-10,4611
Louisiana,,2021-02-11,3965
Louisiana,,2021-02-12,5061
Louisiana,,2021-02-13,5067
Louisiana,,2021-02-14,5200
Louisiana,,2021-02-15,5010
Louisiana,,2021-02-16,5078
Louisiana,,2021-02-17,4688
Louisiana,,2021-02-18,4809
Louisiana,,2021-02-19,4869
Louisiana,,2021-02-20,4365
Louisiana,,2021-02-21,3852
Louisiana,,2021-02-22,3877
Louisiana,,2021-02-23,3760
Louisiana,,2021-02-24,3971
Louisiana,,2021-02-25,4545
Louisiana,,2021-02-26,3647
Louisiana,,2021-02-27,4354
Louisiana,,2021-02-28,4992
Louisiana,,2021-03-01,5327
Louisiana,,2021-03-02,5444
Louisiana,,2021-03-03,5741
Louisiana,,2021-03-04,6012
Louisiana,,2021-03-05,6174
Louisiana,,2021-03-06,4933
Maine,,2021-01-13,1713
Maine,,2021-01-14,2300
Maine,,2021-01-15,1533
Maine,,2021-01-16,1747
Maine,,2021-01-17,1876
Maine,,2021-01-18,1962
Maine,,2021-01-19,2023
Maine,,2021-01-20,2011
Maine,,2021-01-21,2059
Maine,,2021-01-22,2685
Maine,,2021-01-23,3046
Maine,,2021-01-24,3429
Maine,,2021-01-25,3540
Maine,,2021-01-26,3289
Maine,,2021-01-27,3509
Maine,,2021-01-28,3687
Maine,,2021-01-29,3912
Maine,,2021-01-30,4152
Maine,,2021-01-31,4308
Maine,,2021-02-01,4434
Maine,,2021-02-02,4342
Maine,,2021-02-03,3890
Maine,,2021-02-04,4065
Maine,,2021-02-05,3829
Maine,,2021-02-06,3886
Maine,,2021-02-07,4048
Maine,,2021-02-08,3471
Maine,,2021-02-09,4435
Maine,,2021-02-10,5044
Maine,,2021-02-11,4231
Maine,,2021-02-12,3615
Maine,,2021-02-13,2616
Maine,,2021-02-14,1573
Maine,,2021-02-15,3958
Maine,,2021-02-16,5380
Maine,,2021-02-17,5228
Maine,,2021-02-18,5228
Maine,,2021-02-19,7962
Maine,,2021-02-20,7979
Maine,,2021-02-21,8018
Maine,,2021-02-22,8653
Maine,,2021-02-23,6514
Maine,,2021-02-24,6686
Maine,,2021-02-25,6690
Maine,,2021-02-26,3966
Maine,,2021-02-27,6805
Maine,,2021-02-28,6834
Maine,,2021-03-01,3921
Maine,,2021-03-02,3708
Maine,,2021-03-03,3091
Maine,,2021-03-04,3096
Maine,,2021-03-05,8145
Maine,,2021-03-06,7030
Marshall Islands,MHL,2021-01-13,171
Marshall Islands,MHL,2021-01-14,86
Marshall Islands,MHL,2021-01-15,103
Marshall Islands,MHL,2021-01-16,753
Marshall Islands,MHL,2021-01-17,1130
Marshall Islands,MHL,2021-01-18,1387
Marshall Islands,MHL,2021-01-19,1575
Marshall Islands,MHL,2021-01-20,2123
Marshall Islands,MHL,2021-01-21,3287
Marshall Islands,MHL,2021-01-22,4348
Marshall Islands,MHL,2021-01-23,5033
Marshall Islands,MHL,2021-01-24,5204
Marshall Islands,MHL,2021-01-25,4828
Marshall Islands,MHL,2021-01-26,4896
Marshall Islands,MHL,2021-01-27,4948
Marshall Islands,MHL,2021-01-28,4314
Marshall Islands,MHL,2021-01-29,3646
Marshall Islands,MHL,2021-01-30,2739
Marshall Islands,MHL,2021-01-31,2517
Marshall Islands,MHL,2021-02-01,2517
Marshall Islands,MHL,2021-02-02,2380
Marshall Islands,MHL,2021-02-03,1763
Marshall Islands,MHL,2021-02-04,1643
Marshall Islands,MHL,2021-02-05,1524
Marshall Islands,MHL,2021-02-06,1832
Marshall Islands,MHL,2021-02-07,1900
Marshall Islands,MHL,2021-02-08,1900
Marshall Islands,MHL,2021-02-09,2174
Marshall Islands,MHL,2021-02-10,2448
Marshall Islands,MHL,2021-02-11,2465
Marshall Islands,MHL,2021-02-12,2585
Marshall Islands,MHL,2021-02-13,2414
Marshall Islands,MHL,2021-02-14,2517
Marshall Islands,MHL,2021-02-15,3150
Marshall Islands,MHL,2021-02-16,3201
Marshall Islands,MHL,2021-02-17,2927
Marshall Islands,MHL,2021-02-18,3253
Marshall Islands,MHL,2021-02-19,4417
Marshall Islands,MHL,2021-02-20,4896
Marshall Islands,MHL,2021-02-21,6796
Marshall Islands,MHL,2021-02-22,6677
Marshall Islands,MHL,2021-02-23,7361
Marshall Islands,MHL,2021-02-24,8645
Marshall Islands,MHL,2021-02-25,8799
Marshall Islands,MHL,2021-02-26,8132
Marshall Islands,MHL,2021-02-27,7361
Marshall Islands,MHL,2021-02-28,6060
Marshall Islands,MHL,2021-03-01,5547
Marshall Islands,MHL,2021-03-02,4622
Marshall Islands,MHL,2021-03-03,3321
Marshall Islands,MHL,2021-03-04,4280
Marshall Islands,MHL,2021-03-05,4520
Marshall Islands,MHL,2021-03-06,6231
Maryland,,2021-01-13,5264
Maryland,,2021-01-14,2632
Maryland,,2021-01-15,2673
Maryland,,2021-01-16,2551
Maryland,,2021-01-17,2478
Maryland,,2021-01-18,2430
Maryland,,2021-01-19,2395
Maryland,,2021-01-20,1892
Maryland,,2021-01-21,2218
Maryland,,2021-01-22,2193
Maryland,,2021-01-23,2351
Maryland,,2021-01-24,2774
Maryland,,2021-01-25,2752
Maryland,,2021-01-26,2786
Maryland,,2021-01-27,3098
Maryland,,2021-01-28,3315
Maryland,,2021-01-29,3664
Maryland,,2021-01-30,3979
Maryland,,2021-01-31,3944
Maryland,,2021-02-01,4193
Maryland,,2021-02-02,4053
Maryland,,2021-02-03,3714
Maryland,,2021-02-04,3630
Maryland,,2021-02-05,3594
Maryland,,2021-02-06,3569
Maryland,,2021-02-07,3771
Maryland,,2021-02-08,3663
Maryland,,2021-02-09,3684
Maryland,,2021-02-10,4129
Maryland,,2021-02-11,4245
Maryland,,2021-02-12,4351
Maryland,,2021-02-13,4381
Maryland,,2021-02-14,4394
Maryland,,2021-02-15,4399
Maryland,,2021-02-16,4607
Maryland,,2021-02-17,4301
Maryland,,2021-02-18,4374
Maryland,,2021-02-19,5495
Maryland,,2021-02-20,5724
Maryland,,2021-02-21,5595
Maryland,,2021-02-22,5720
Maryland,,2021-02-23,5778
Maryland,,2021-02-24,6068
Maryland,,2021-02-25,6346
Maryland,,2021-02-26,5395
Maryland,,2021-02-27,5345
Maryland,,2021-02-28,5629
Maryland,,2021-03-01,5969
Maryland,,2021-03-02,6094
Maryland,,2021-03-03,6959
Maryland,,2021-03-04,7051
Maryland,,2021-03-05,7295
Maryland,,2021-03-06,7696
Massachusetts,,2021-01-13,1938
Massachusetts,,2021-01-14,2132
Massachusetts,,2021-01-15,2568
Massachusetts,,2021-01-16,2485
Massachusetts,,2021-01-17,2436
Massachusetts,,2021-01-18,2403
Massachusetts,,2021-01-19,2379
Massachusetts,,2021-01-20,2343
Massachusetts,,2021-01-21,2480
Massachusetts,,2021-01-22,2351
Massachusetts,,2021-01-23,2495
Massachusetts,,2021-01-24,2731
Massachusetts,,2021-01-25,2698
Massachusetts,,2021-01-26,2566
Massachusetts,,2021-01-27,2773
Massachusetts,,2021-01-28,2844
Massachusetts,,2021-01-29,3106
Massachusetts,,2021-01-30,3194
Massachusetts,,2021-01-31,3303
Massachusetts,,2021-02-01,3634
Massachusetts,,2021-02-02,3788
Massachusetts,,2021-02-03,3341
Massachusetts,,2021-02-04,3370
Massachusetts,,2021-02-05,3411
Massachusetts,,2021-02-06,3732
Massachusetts,,2021-02-07,4168
Massachusetts,,2021-02-08,4092
Massachusetts,,2021-02-09,4286
Massachusetts,,2021-02-10,5357
Massachusetts,,2021-02-11,5631
Massachusetts,,2021-02-12,5754
Massachusetts,,2021-02-13,5854
Massachusetts,,2021-02-14,6328
Massachusetts,,2021-02-15,6422
Massachusetts,,2021-02-16,6521
Massachusetts,,2021-02-17,5937
Massachusetts,,2021-02-18,6015
Massachusetts,,2021-02-19,7331
Massachusetts,,2021-02-20,7583
Massachusetts,,2021-02-21,7066
Massachusetts,,2021-02-22,7312
Massachusetts,,2021-02-23,7321
Massachusetts,,2021-02-24,7527
Massachusetts,,2021-02-25,7500
Massachusetts,,2021-02-26,6406
Massachusetts,,2021-02-27,6402
Massachusetts,,2021-02-28,6413
Massachusetts,,2021-03-01,6934
Massachusetts,,2021-03-02,7000
Massachusetts,,2021-03-03,7267
Massachusetts,,2021-03-04,7552
Massachusetts,,2021-03-05,7881
Massachusetts,,2021-03-06,8243
Michigan,,2021-01-13,6392
Michigan,,2021-01-14,4984
Michigan,,2021-01-15,4556
Michigan,,2021-01-16,4164
Michigan,,2021-01-17,3929
Michigan,,2021-01-18,3773
Michigan,,2021-01-19,3661
Michigan,,2021-01-20,3105
Michigan,,2021-01-21,3170
Michigan,,2021-01-22,3308
Michigan,,2021-01-23,3700
Michigan,,2021-01-24,3882
Michigan,,2021-01-25,3915
Michigan,,2021-01-26,3700
Michigan,,2021-01-27,3768
Michigan,,2021-01-28,3799
Michigan,,2021-01-29,3879
Michigan,,2021-01-30,3859
Michigan,,2021-01-31,4030
Michigan,,2021-02-01,3978
Michigan,,2021-02-02,3908
Michigan,,2021-02-03,3866
Michigan,,2021-02-04,3782
Michigan,,2021-02-05,3827
Michigan,,2021-02-06,3873
Michigan,,2021-02-07,3932
Michigan,,2021-02-08,3960
Michigan,,2021-02-09,4211
Michigan,,2021-02-10,4530
Michigan,,2021-02-11,4767
Michigan,,2021-02-12,4741
Michigan,,2021-02-13,4930
Michigan,,2021-02-14,5050
Michigan,,2021-02-15,4987
Michigan,,2021-02-16,4965
Michigan,,2021-02-17,4606
Michigan,,2021-02-18,4388
Michigan,,2021-02-19,5268
Michigan,,2021-02-20,4952
Michigan,,2021-02-21,4702
Michigan,,2021-02-22,4881
Michigan,,2021-02-23,4699
Michigan,,2021-02-24,5201
Michigan,,2021-02-25,5498
Michigan,,2021-02-26,4750
Michigan,,2021-02-27,5173
Michigan,,2021-02-28,5504
Michigan,,2021-03-01,5508
Michigan,,2021-03-02,5779
Michigan,,2021-03-03,5427
Michigan,,2021-03-04,5345
Michigan,,2021-03-05,5567
Michigan,,2021-03-06,5602
Minnesota,,2021-01-13,552
Minnesota,,2021-01-14,1547
Minnesota,,2021-01-15,2129
Minnesota,,2021-01-16,2187
Minnesota,,2021-01-17,2222
Minnesota,,2021-01-18,2245
Minnesota,,2021-01-19,2262
Minnesota,,2021-01-20,2209
Minnesota,,2021-01-21,2020
Minnesota,,2021-01-22,2026
Minnesota,,2021-01-23,2374
Minnesota,,2021-01-24,2439
Minnesota,,2021-01-25,2752
Minnesota,,2021-01-26,2759
Minnesota,,2021-01-27,3112
Minnesota,,2021-01-28,3653
Minnesota,,2021-01-29,4106
Minnesota,,2021-01-30,4574
Minnesota,,2021-01-31,5004
Minnesota,,2021-02-01,5053
Minnesota,,2021-02-02,4870
Minnesota,,2021-02-03,4491
Minnesota,,2021-02-04,5847
Minnesota,,2021-02-05,4917
Minnesota,,2021-02-06,5510
Minnesota,,2021-02-07,5328
Minnesota,,2021-02-08,5040
Minnesota,,2021-02-09,4879
Minnesota,,2021-02-10,4879
Minnesota,,2021-02-11,3035
Minnesota,,2021-02-12,3864
Minnesota,,2021-02-13,3245
Minnesota,,2021-02-14,3588
Minnesota,,2021-02-15,3661
Minnesota,,2021-02-16,4144
Minnesota,,2021-02-17,4557
Minnesota,,2021-02-18,5143
Minnesota,,2021-02-19,6707
Minnesota,,2021-02-20,6734
Minnesota,,2021-02-21,6741
Minnesota,,2021-02-22,6295
Minnesota,,2021-02-23,6621
Minnesota,,2021-02-24,6685
Minnesota,,2021-02-25,6625
Minnesota,,2021-02-26,5319
Minnesota,,2021-02-27,5699
Minnesota,,2021-02-28,6514
Minnesota,,2021-03-01,7379
Minnesota,,2021-03-02,6931
Minnesota,,2021-03-03,7306
Minnesota,,2021-03-04,7449
Minnesota,,2021-03-05,7619
Minnesota,,2021-03-06,7744
Mississippi,,2021-01-13,2266
Mississippi,,2021-01-14,2907
Mississippi,,2021-01-15,3336
Mississippi,,2021-01-16,3116
Mississippi,,2021-01-17,2984
Mississippi,,2021-01-18,2896
Mississippi,,2021-01-19,2834
Mississippi,,2021-01-20,2942
Mississippi,,2021-01-21,3112
Mississippi,,2021-01-22,3178
Mississippi,,2021-01-23,2826
Mississippi,,2021-01-24,3777
Mississippi,,2021-01-25,3586
Mississippi,,2021-01-26,3285
Mississippi,,2021-01-27,3247
Mississippi,,2021-01-28,3099
Mississippi,,2021-01-29,2987
Mississippi,,2021-01-30,3454
Mississippi,,2021-01-31,2821
Mississippi,,2021-02-01,2779
Mississippi,,2021-02-02,2790
Mississippi,,2021-02-03,2912
Mississippi,,2021-02-04,2384
Mississippi,,2021-02-05,3030
Mississippi,,2021-02-06,3743
Mississippi,,2021-02-07,4062
Mississippi,,2021-02-08,4251
Mississippi,,2021-02-09,4270
Mississippi,,2021-02-10,4541
Mississippi,,2021-02-11,5496
Mississippi,,2021-02-12,5301
Mississippi,,2021-02-13,5149
Mississippi,,2021-02-14,5096
Mississippi,,2021-02-15,5057
Mississippi,,2021-02-16,5246
Mississippi,,2021-02-17,4457
Mississippi,,2021-02-18,3502
Mississippi,,2021-02-19,4223
Mississippi,,2021-02-20,3538
Mississippi,,2021-02-21,3068
Mississippi,,2021-02-22,3181
Mississippi,,2021-02-23,3230
Mississippi,,2021-02-24,4181
Mississippi,,2021-02-25,4206
Mississippi,,2021-02-26,4463
Mississippi,,2021-02-27,5377
Mississippi,,2021-02-28,6151
Mississippi,,2021-03-01,6627
Mississippi,,2021-03-02,6758
Mississippi,,2021-03-03,6735
Mississippi,,2021-03-04,7662
Mississippi,,2021-03-05,6878
Mississippi,,2021-03-06,6882
Missouri,,2021-01-13,0
Missouri,,2021-01-14,1102
Missouri,,2021-01-15,1557
Missouri,,2021-01-16,1634
Missouri,,2021-01-17,1680
Missouri,,2021-01-18,1711
Missouri,,2021-01-19,1733
Missouri,,2021-01-20,1925
Missouri,,2021-01-21,2096
Missouri,,2021-01-22,2217
Missouri,,2021-01-23,2091
Missouri,,2021-01-24,2430
Missouri,,2021-01-25,2581
Missouri,,2021-01-26,2421
Missouri,,2021-01-27,2646
Missouri,,2021-01-28,2727
Missouri,,2021-01-29,2857
Missouri,,2021-01-30,2717
Missouri,,2021-01-31,2948
Missouri,,2021-02-01,2945
Missouri,,2021-02-02,2936
Missouri,,2021-02-03,2885
Missouri,,2021-02-04,2855
Missouri,,2021-02-05,2974
Missouri,,2021-02-06,4085
Missouri,,2021-02-07,4208
Missouri,,2021-02-08,4219
Missouri,,2021-02-09,4200
Missouri,,2021-02-10,4365
Missouri,,2021-02-11,4417
Missouri,,2021-02-12,4220
Missouri,,2021-02-13,5189
Missouri,,2021-02-14,5188
Missouri,,2021-02-15,5122
Missouri,,2021-02-16,5402
Missouri,,2021-02-17,5175
Missouri,,2021-02-18,5132
Missouri,,2021-02-19,6908
Missouri,,2021-02-20,5493
Missouri,,2021-02-21,5486
Missouri,,2021-02-22,5596
Missouri,,2021-02-23,5399
Missouri,,2021-02-24,5708
Missouri,,2021-02-25,5873
Missouri,,2021-02-26,4637
Missouri,,2021-02-27,5475
Missouri,,2021-02-28,4555
Missouri,,2021-03-01,6311
Missouri,,2021-03-02,6358
Missouri,,2021-03-03,6484
Missouri,,2021-03-04,6765
Missouri,,2021-03-05,6768
Missouri,,2021-03-06,6379
Montana,,2021-01-13,1853
Montana,,2021-01-14,2122
Montana,,2021-01-15,2271
Montana,,2021-01-16,2085
Montana,,2021-01-17,1973
Montana,,2021-01-18,1899
Montana,,2021-01-19,1846
Montana,,2021-01-20,1759
Montana,,2021-01-21,1840
Montana,,2021-01-22,2270
Montana,,2021-01-23,2880
Montana,,2021-01-24,3203
Montana,,2021-01-25,3087
Montana,,2021-01-26,2921
Montana,,2021-01-27,3201
Montana,,2021-01-28,3452
Montana,,2021-01-29,3508
Montana,,2021-01-30,3572
Montana,,2021-01-31,3734
Montana,,2021-02-01,3848
Montana,,2021-02-02,3953
Montana,,2021-02-03,3904
Montana,,2021-02-04,4001
Montana,,2021-02-05,4003
Montana,,2021-02-06,4225
Montana,,2021-02-07,4443
Montana,,2021-02-08,4428
Montana,,2021-02-09,4384
Montana,,2021-02-10,4541
Montana,,2021-02-11,4437
Montana,,2021-02-12,4700
Montana,,2021-02-13,4876
Montana,,2021-02-14,5219
Montana,,2021-02-15,5342
Montana,,2021-02-16,5552
Montana,,2021-02-17,5378
Montana,,2021-02-18,5445
Montana,,2021-02-19,8492
Montana,,2021-02-20,8224
Montana,,2021-02-21,8059
Montana,,2021-02-22,8231
Montana,,2021-02-23,8200
Montana,,2021-02-24,8294
Montana,,2021-02-25,8317
Montana,,2021-02-26,5315
Montana,,2021-02-27,5638
Montana,,2021-02-28,5925
Montana,,2021-03-01,5863
Montana,,2021-03-02,5767
Montana,,2021-03-03,6008
Montana,,2021-03-04,6511
Montana,,2021-03-05,6857
Montana,,2021-03-06,7088
Nebraska,,2021-01-13,2719
Nebraska,,2021-01-14,2709
Nebraska,,2021-01-15,2887
Nebraska,,2021-01-16,2569
Nebraska,,2021-01-17,2379
Nebraska,,2021-01-18,2251
Nebraska,,2021-01-19,2160
Nebraska,,2021-01-20,1963
Nebraska,,2021-01-21,1988
Nebraska,,2021-01-22,2013
Nebraska,,2021-01-23,2197
Nebraska,,2021-01-24,2615
Nebraska,,2021-01-25,2472
Nebraska,,2021-01-26,2322
Nebraska,,2021-01-27,2459
Nebraska,,2021-01-28,2819
Nebraska,,2021-01-29,2948
Nebraska,,2021-01-30,3191
Nebraska,,2021-01-31,3313
Nebraska,,2021-02-01,3463
Nebraska,,2021-02-02,3492
Nebraska,,2021-02-03,3597
Nebraska,,2021-02-04,3331
Nebraska,,2021-02-05,3380
Nebraska,,2021-02-06,3776
Nebraska,,2021-02-07,3926
Nebraska,,2021-02-08,3925
Nebraska,,2021-02-09,3906
Nebraska,,2021-02-10,3898
Nebraska,,2021-02-11,3896
Nebraska,,2021-02-12,4119
Nebraska,,2021-02-13,4102
Nebraska,,2021-02-14,4049
Nebraska,,2021-02-15,3996
Nebraska,,2021-02-16,4086
Nebraska,,2021-02-17,3976
Nebraska,,2021-02-18,4222
Nebraska,,2021-02-19,6488
Nebraska,,2021-02-20,6398
Nebraska,,2021-02-21,6421
Nebraska,,2021-02-22,6830
Nebraska,,2021-02-23,7542
Nebraska,,2021-02-24,8197
Nebraska,,2021-02-25,8667
Nebraska,,2021-02-26,6983
Nebraska,,2021-02-27,6158
Nebraska,,2021-02-28,7517
Nebraska,,2021-03-01,7065
Nebraska,,2021-03-02,6804
Nebraska,,2021-03-03,6736
Nebraska,,2021-03-04,6726
Nebraska,,2021-03-05,6861
Nebraska,,2021-03-06,6806
Nevada,,2021-01-13,0
Nevada,,2021-01-14,2466
Nevada,,2021-01-15,2383
Nevada,,2021-01-16,2176
Nevada,,2021-01-17,2052
Nevada,,2021-01-18,1969
Nevada,,2021-01-19,1910
Nevada,,2021-01-20,2109
Nevada,,2021-01-21,1815
Nevada,,2021-01-22,1984
Nevada,,2021-01-23,2252
Nevada,,2021-01-24,2734
Nevada,,2021-01-25,2867
Nevada,,2021-01-26,2853
Nevada,,2021-01-27,3118
Nevada,,2021-01-28,3662
Nevada,,2021-01-29,3883
Nevada,,2021-01-30,4043
Nevada,,2021-01-31,4122
Nevada,,2021-02-01,4123
Nevada,,2021-02-02,4119
Nevada,,2021-02-03,4875
Nevada,,2021-02-04,4483
Nevada,,2021-02-05,4366
Nevada,,2021-02-06,4548
Nevada,,2021-02-07,4313
Nevada,,2021-02-08,4542
Nevada,,2021-02-09,4562
Nevada,,2021-02-10,4029
Nevada,,2021-02-11,4057
Nevada,,2021-02-12,4167
Nevada,,2021-02-13,4119
Nevada,,2021-02-14,4376
Nevada,,2021-02-15,4217
Nevada,,2021-02-16,4419
Nevada,,2021-02-17,4020
Nevada,,2021-02-18,4077
Nevada,,2021-02-19,5944
Nevada,,2021-02-20,6710
Nevada,,2021-02-21,6557
Nevada,,2021-02-22,6906
Nevada,,2021-02-23,7032
Nevada,,2021-02-24,7134
Nevada,,2021-02-25,7199
Nevada,,2021-02-26,5576
Nevada,,2021-02-27,5094
Nevada,,2021-02-28,5375
Nevada,,2021-03-01,5965
Nevada,,2021-03-02,5786
Nevada,,2021-03-03,5896
Nevada,,2021-03-04,5935
Nevada,,2021-03-05,6063
Nevada,,2021-03-06,6236
New Hampshire,,2021-01-13,3387
New Hampshire,,2021-01-14,2978
New Hampshire,,2021-01-15,2918
New Hampshire,,2021-01-16,2604
New Hampshire,,2021-01-17,2416
New Hampshire,,2021-01-18,2290
New Hampshire,,2021-01-19,2200
New Hampshire,,2021-01-20,2123
New Hampshire,,2021-01-21,2304
New Hampshire,,2021-01-22,2425
New Hampshire,,2021-01-23,2631
New Hampshire,,2021-01-24,2763
New Hampshire,,2021-01-25,2661
New Hampshire,,2021-01-26,2673
New Hampshire,,2021-01-27,2906
New Hampshire,,2021-01-28,3132
New Hampshire,,2021-01-29,3343
New Hampshire,,2021-01-30,3564
New Hampshire,,2021-01-31,3674
New Hampshire,,2021-02-01,3771
New Hampshire,,2021-02-02,4076
New Hampshire,,2021-02-03,3697
New Hampshire,,2021-02-04,3639
New Hampshire,,2021-02-05,3754
New Hampshire,,2021-02-06,3933
New Hampshire,,2021-02-07,3948
New Hampshire,,2021-02-08,3791
New Hampshire,,2021-02-09,3460
New Hampshire,,2021-02-10,3984
New Hampshire,,2021-02-11,4099
New Hampshire,,2021-02-12,3989
New Hampshire,,2021-02-13,4149
New Hampshire,,2021-02-14,4481
New Hampshire,,2021-02-15,4832
New Hampshire,,2021-02-16,5035
New Hampshire,,2021-02-17,4426
New Hampshire,,2021-02-18,4493
New Hampshire,,2021-02-19,5282
New Hampshire,,2021-02-20,5214
New Hampshire,,2021-02-21,5492
New Hampshire,,2021-02-22,5810
New Hampshire,,2021-02-23,6053
New Hampshire,,2021-02-24,6715
New Hampshire,,2021-02-25,6765
New Hampshire,,2021-02-26,6145
New Hampshire,,2021-02-27,6354
New Hampshire,,2021-02-28,6387
New Hampshire,,2021-03-01,5979
New Hampshire,,2021-03-02,5912
New Hampshire,,2021-03-03,6015
New Hampshire,,2021-03-04,6154
New Hampshire,,2021-03-05,6159
New Hampshire,,2021-03-06,6340
New Jersey,,2021-01-13,4721
New Jersey,,2021-01-14,2385
New Jersey,,2021-01-15,3604
New Jersey,,2021-01-16,3287
New Jersey,,2021-01-17,3098
New Jersey,,2021-01-18,2971
New Jersey,,2021-01-19,2881
New Jersey,,2021-01-20,2722
New Jersey,,2021-01-21,2715
New Jersey,,2021-01-22,2369
New Jersey,,2021-01-23,2622
New Jersey,,2021-01-24,2847
New Jersey,,2021-01-25,2956
New Jersey,,2021-01-26,2824
New Jersey,,2021-01-27,2889
New Jersey,,2021-01-28,3474
New Jersey,,2021-01-29,4231
New Jersey,,2021-01-30,4311
New Jersey,,2021-01-31,4179
New Jersey,,2021-02-01,3975
New Jersey,,2021-02-02,4195
New Jersey,,2021-02-03,3858
New Jersey,,2021-02-04,3273
New Jersey,,2021-02-05,2530
New Jersey,,2021-02-06,4380
New Jersey,,2021-02-07,4493
New Jersey,,2021-02-08,4577
New Jersey,,2021-02-09,4185
New Jersey,,2021-02-10,4777
New Jersey,,2021-02-11,5548
New Jersey,,2021-02-12,5919
New Jersey,,2021-02-13,4317
New Jersey,,2021-02-14,4415
New Jersey,,2021-02-15,4720
New Jersey,,2021-02-16,5316
New Jersey,,2021-02-17,5335
New Jersey,,2021-02-18,5557
New Jersey,,2021-02-19,5657
New Jersey,,2021-02-20,5451
New Jersey,,2021-02-21,5464
New Jersey,,2021-02-22,5200
New Jersey,,2021-02-23,5335
New Jersey,,2021-02-24,5198
New Jersey,,2021-02-25,5214
New Jersey,,2021-02-26,5447
New Jersey,,2021-02-27,5789
New Jersey,,2021-02-28,6058
New Jersey,,2021-03-01,6190
New Jersey,,2021-03-02,6888
New Jersey,,2021-03-03,7178
New Jersey,,2021-03-04,7380
New Jersey,,2021-03-05,7398
New Jersey,,2021-03-06,7562
New Mexico,,2021-01-13,1726
New Mexico,,2021-01-14,2666
New Mexico,,2021-01-15,3349
New Mexico,,2021-01-16,3670
New Mexico,,2021-01-17,3862
New Mexico,,2021-01-18,3990
New Mexico,,2021-01-19,4082
New Mexico,,2021-01-20,4186
New Mexico,,2021-01-21,4296
New Mexico,,2021-01-22,4275
New Mexico,,2021-01-23,5156
New Mexico,,2021-01-24,5546
New Mexico,,2021-01-25,5194
New Mexico,,2021-01-26,4905
New Mexico,,2021-01-27,5026
New Mexico,,2021-01-28,4921
New Mexico,,2021-01-29,5226
New Mexico,,2021-01-30,4335
New Mexico,,2021-01-31,4361
New Mexico,,2021-02-01,4807
New Mexico,,2021-02-02,4597
New Mexico,,2021-02-03,4616
New Mexico,,2021-02-04,4761
New Mexico,,2021-02-05,4646
New Mexico,,2021-02-06,5061
New Mexico,,2021-02-07,4609
New Mexico,,2021-02-08,4603
New Mexico,,2021-02-09,4663
New Mexico,,2021-02-10,4755
New Mexico,,2021-02-11,5130
New Mexico,,2021-02-12,5577
New Mexico,,2021-02-13,5267
New Mexico,,2021-02-14,6001
New Mexico,,2021-02-15,6052
New Mexico,,2021-02-16,6629
New Mexico,,2021-02-17,6319
New Mexico,,2021-02-18,5871
New Mexico,,2021-02-19,11839
New Mexico,,2021-02-20,12196
New Mexico,,2021-02-21,11996
New Mexico,,2021-02-22,11794
New Mexico,,2021-02-23,11523
New Mexico,,2021-02-24,11670
New Mexico,,2021-02-25,12182
New Mexico,,2021-02-26,6441
New Mexico,,2021-02-27,6756
New Mexico,,2021-02-28,7466
New Mexico,,2021-03-01,7282
New Mexico,,2021-03-02,7425
New Mexico,,2021-03-03,7989
New Mexico,,2021-03-04,7430
New Mexico,,2021-03-05,7416
New Mexico,,2021-03-06,8382
New York State,,2021-01-13,2721
New York State,,2021-01-14,2803
New York State,,2021-01-15,3049
New York State,,2021-01-16,3067
New York State,,2021-01-17,3078
New York State,,2021-01-18,3085
New York State,,2021-01-19,3090
New York State,,2021-01-20,3040
New York State,,2021-01-21,3142
New York State,,2021-01-22,3279
New York State,,2021-01-23,3410
New York State,,2021-01-24,3573
New York State,,2021-01-25,3515
New York State,,2021-01-26,3331
New York State,,2021-01-27,3468
New York State,,2021-01-28,3775
New York State,,2021-01-29,3666
New York State,,2021-01-30,3741
New York State,,2021-01-31,3746
New York State,,2021-02-01,3740
New York State,,2021-02-02,3763
New York State,,2021-02-03,3558
New York State,,2021-02-04,3156
New York State,,2021-02-05,3151
New York State,,2021-02-06,3183
New York State,,2021-02-07,3388
New York State,,2021-02-08,3601
New York State,,2021-02-09,3490
New York State,,2021-02-10,3912
New York State,,2021-02-11,4116
New York State,,2021-02-12,4261
New York State,,2021-02-13,4377
New York State,,2021-02-14,4320
New York State,,2021-02-15,4404
New York State,,2021-02-16,4911
New York State,,2021-02-17,4718
New York State,,2021-02-18,4649
New York State,,2021-02-19,5397
New York State,,2021-02-20,5248
New York State,,2021-02-21,5117
New York State,,2021-02-22,5095
New York State,,2021-02-23,4863
New York State,,2021-02-24,4720
New York State,,2021-02-25,4593
New York State,,2021-02-26,3728
New York State,,2021-02-27,3851
New York State,,2021-02-28,4430
New York State,,2021-03-01,4728
New York State,,2021-03-02,5310
New York State,,2021-03-03,5776
New York State,,2021-03-04,6253
New York State,,2021-03-05,6678
New York State,,2021-03-06,7210
North Carolina,,2021-01-13,5275
North Carolina,,2021-01-14,2698
North Carolina,,2021-01-15,2899
North Carolina,,2021-01-16,2758
North Carolina,,2021-01-17,2673
North Carolina,,2021-01-18,2617
North Carolina,,2021-01-19,2577
North Carolina,,2021-01-20,2187
North Carolina,,2021-01-21,2793
North Carolina,,2021-01-22,3025
North Carolina,,2021-01-23,3401
North Carolina,,2021-01-24,3877
North Carolina,,2021-01-25,4083
North Carolina,,2021-01-26,4072
North Carolina,,2021-01-27,3940
North Carolina,,2021-01-28,5128
North Carolina,,2021-01-29,4445
North Carolina,,2021-01-30,4382
North Carolina,,2021-01-31,4294
North Carolina,,2021-02-01,4082
North Carolina,,2021-02-02,3765
North Carolina,,2021-02-03,4222
North Carolina,,2021-02-04,2910
North Carolina,,2021-02-05,3526
North Carolina,,2021-02-06,3712
North Carolina,,2021-02-07,3962
North Carolina,,2021-02-08,4067
North Carolina,,2021-02-09,4241
North Carolina,,2021-02-10,4214
North Carolina,,2021-02-11,4348
North Carolina,,2021-02-12,4595
North Carolina,,2021-02-13,4797
North Carolina,,2021-02-14,5106
North Carolina,,2021-02-15,5132
North Carolina,,2021-02-16,5412
North Carolina,,2021-02-17,5431
North Carolina,,2021-02-18,5443
North Carolina,,2021-02-19,6971
North Carolina,,2021-02-20,6611
North Carolina,,2021-02-21,6144
North Carolina,,2021-02-22,6184
North Carolina,,2021-02-23,5903
North Carolina,,2021-02-24,5852
North Carolina,,2021-02-25,5832
North Carolina,,2021-02-26,4433
North Carolina,,2021-02-27,4866
North Carolina,,2021-02-28,5438
North Carolina,,2021-03-01,5727
North Carolina,,2021-03-02,5815
North Carolina,,2021-03-03,6026
North Carolina,,2021-03-04,6144
North Carolina,,2021-03-05,5390
North Carolina,,2021-03-06,5377
North Dakota,,2021-01-13,1639
North Dakota,,2021-01-14,2163
North Dakota,,2021-01-15,3031
North Dakota,,2021-01-16,3110
North Dakota,,2021-01-17,3157
North Dakota,,2021-01-18,3189
North Dakota,,2021-01-19,3211
North Dakota,,2021-01-20,3173
North Dakota,,2021-01-21,3088
North Dakota,,2021-01-22,3317
North Dakota,,2021-01-23,3757
North Dakota,,2021-01-24,4061
North Dakota,,2021-01-25,3971
North Dakota,,2021-01-26,3534
North Dakota,,2021-01-27,3669
North Dakota,,2021-01-28,3900
North Dakota,,2021-01-29,4137
North Dakota,,2021-01-30,4235
North Dakota,,2021-01-31,4637
North Dakota,,2021-02-01,4544
North Dakota,,2021-02-02,4599
North Dakota,,2021-02-03,4938
North Dakota,,2021-02-04,5034
North Dakota,,2021-02-05,4996
North Dakota,,2021-02-06,5465
North Dakota,,2021-02-07,5420
North Dakota,,2021-02-08,5679
North Dakota,,2021-02-09,5585
North Dakota,,2021-02-10,4958
North Dakota,,2021-02-11,5009
North Dakota,,2021-02-12,4980
North Dakota,,2021-02-13,4393
North Dakota,,2021-02-14,4141
North Dakota,,2021-02-15,4010
North Dakota,,2021-02-16,4433
North Dakota,,2021-02-17,4511
North Dakota,,2021-02-18,4337
North Dakota,,2021-02-19,8048
North Dakota,,2021-02-20,8308
North Dakota,,2021-02-21,8528
North Dakota,,2021-02-22,8472
North Dakota,,2021-02-23,8089
North Dakota,,2021-02-24,8571
North Dakota,,2021-02-25,8840
North Dakota,,2021-02-26,5681
North Dakota,,2021-02-27,6905
North Dakota,,2021-02-28,7461
North Dakota,,2021-03-01,7914
North Dakota,,2021-03-02,7925
North Dakota,,2021-03-03,7755
North Dakota,,2021-03-04,7944
North Dakota,,2021-03-05,7997
North Dakota,,2021-03-06,7274
Northern Mariana Islands,MNP,2021-01-13,7366
Northern Mariana Islands,MNP,2021-01-14,7700
Northern Mariana Islands,MNP,2021-01-15,6962
Northern Mariana Islands,MNP,2021-01-16,6821
Northern Mariana Islands,MNP,2021-01-17,6751
Northern Mariana Islands,MNP,2021-01-18,6698
Northern Mariana Islands,MNP,2021-01-19,6663
Northern Mariana Islands,MNP,2021-01-20,6663
Northern Mariana Islands,MNP,2021-01-21,6804
Northern Mariana Islands,MNP,2021-01-22,7067
Northern Mariana Islands,MNP,2021-01-23,6944
Northern Mariana Islands,MNP,2021-01-24,6909
Northern Mariana Islands,MNP,2021-01-25,6259
Northern Mariana Islands,MNP,2021-01-26,5942
Northern Mariana Islands,MNP,2021-01-27,5608
Northern Mariana Islands,MNP,2021-01-28,4870
Northern Mariana Islands,MNP,2021-01-29,4588
Northern Mariana Islands,MNP,2021-01-30,4254
Northern Mariana Islands,MNP,2021-01-31,4167
Northern Mariana Islands,MNP,2021-02-01,4149
Northern Mariana Islands,MNP,2021-02-02,4184
Northern Mariana Islands,MNP,2021-02-03,4096
Northern Mariana Islands,MNP,2021-02-04,4307
Northern Mariana Islands,MNP,2021-02-05,4483
Northern Mariana Islands,MNP,2021-02-06,4940
Northern Mariana Islands,MNP,2021-02-07,4624
Northern Mariana Islands,MNP,2021-02-08,4430
Northern Mariana Islands,MNP,2021-02-09,4659
Northern Mariana Islands,MNP,2021-02-10,4712
Northern Mariana Islands,MNP,2021-02-11,4430
Northern Mariana Islands,MNP,2021-02-12,4114
Northern Mariana Islands,MNP,2021-02-13,4254
Northern Mariana Islands,MNP,2021-02-14,4676
Northern Mariana Islands,MNP,2021-02-15,5450
Northern Mariana Islands,MNP,2021-02-16,5415
Northern Mariana Islands,MNP,2021-02-17,5555
Northern Mariana Islands,MNP,2021-02-18,5995
Northern Mariana Islands,MNP,2021-02-19,6417
Northern Mariana Islands,MNP,2021-02-20,5344
Northern Mariana Islands,MNP,2021-02-21,5450
Northern Mariana Islands,MNP,2021-02-22,5028
Northern Mariana Islands,MNP,2021-02-23,4922
Northern Mariana Islands,MNP,2021-02-24,5854
Northern Mariana Islands,MNP,2021-02-25,5925
Northern Mariana Islands,MNP,2021-02-26,5766
Northern Mariana Islands,MNP,2021-02-27,6522
Northern Mariana Islands,MNP,2021-02-28,6136
Northern Mariana Islands,MNP,2021-03-01,6259
Northern Mariana Islands,MNP,2021-03-02,6311
Northern Mariana Islands,MNP,2021-03-03,5397
Northern Mariana Islands,MNP,2021-03-04,5292
Northern Mariana Islands,MNP,2021-03-05,5239
Northern Mariana Islands,MNP,2021-03-06,5503
Ohio,,2021-01-13,1491
Ohio,,2021-01-14,1563
Ohio,,2021-01-15,1812
Ohio,,2021-01-16,1876
Ohio,,2021-01-17,1914
Ohio,,2021-01-18,1940
Ohio,,2021-01-19,1958
Ohio,,2021-01-20,1933
Ohio,,2021-01-21,1699
Ohio,,2021-01-22,2079
Ohio,,2021-01-23,2387
Ohio,,2021-01-24,2730
Ohio,,2021-01-25,2905
Ohio,,2021-01-26,2884
Ohio,,2021-01-27,3163
Ohio,,2021-01-28,3696
Ohio,,2021-01-29,3637
Ohio,,2021-01-30,3863
Ohio,,2021-01-31,3751
Ohio,,2021-02-01,3899
Ohio,,2021-02-02,4120
Ohio,,2021-02-03,4145
Ohio,,2021-02-04,4133
Ohio,,2021-02-05,4084
Ohio,,2021-02-06,4051
Ohio,,2021-02-07,4155
Ohio,,2021-02-08,4176
Ohio,,2021-02-09,4016
Ohio,,2021-02-10,3924
Ohio,,2021-02-11,4046
Ohio,,2021-02-12,4439
Ohio,,2021-02-13,4530
Ohio,,2021-02-14,4864
Ohio,,2021-02-15,4853
Ohio,,2021-02-16,5148
Ohio,,2021-02-17,5118
Ohio,,2021-02-18,4916
Ohio,,2021-02-19,5613
Ohio,,2021-02-20,5547
Ohio,,2021-02-21,5485
Ohio,,2021-02-22,5538
Ohio,,2021-02-23,5301
Ohio,,2021-02-24,5658
Ohio,,2021-02-25,5990
Ohio,,2021-02-26,5053
Ohio,,2021-02-27,5315
Ohio,,2021-02-28,5611
Ohio,,2021-03-01,5674
Ohio,,2021-03-02,6043
Ohio,,2021-03-03,6134
Ohio,,2021-03-04,6097
Ohio,,2021-03-05,6171
Ohio,,2021-03-06,6421
Oklahoma,,2021-01-13,3680
Oklahoma,,2021-01-14,3718
Oklahoma,,2021-01-15,3839
Oklahoma,,2021-01-16,3490
Oklahoma,,2021-01-17,3281
Oklahoma,,2021-01-18,3141
Oklahoma,,2021-01-19,3042
Oklahoma,,2021-01-20,2862
Oklahoma,,2021-01-21,2894
Oklahoma,,2021-01-22,3036
Oklahoma,,2021-01-23,3312
Oklahoma,,2021-01-24,3612
Oklahoma,,2021-01-25,3398
Oklahoma,,2021-01-26,3133
Oklahoma,,2021-01-27,3374
Oklahoma,,2021-01-28,3459
Oklahoma,,2021-01-29,3581
Oklahoma,,2021-01-30,3809
Oklahoma,,2021-01-31,4158
Oklahoma,,2021-02-01,4225
Oklahoma,,2021-02-02,4217
Oklahoma,,2021-02-03,4235
Oklahoma,,2021-02-04,4373
Oklahoma,,2021-02-05,4477
Oklahoma,,2021-02-06,4728
Oklahoma,,2021-02-07,4901
Oklahoma,,2021-02-08,5144
Oklahoma,,2021-02-09,5146
Oklahoma,,2021-02-10,5198
Oklahoma,,2021-02-11,5198
Oklahoma,,2021-02-12,4681
Oklahoma,,2021-02-13,4317
Oklahoma,,2021-02-14,3921
Oklahoma,,2021-02-15,3698
Oklahoma,,2021-02-16,3842
Oklahoma,,2021-02-17,3250
Oklahoma,,2021-02-18,2602
Oklahoma,,2021-02-19,6252
Oklahoma,,2021-02-20,6140
Oklahoma,,2021-02-21,6629
Oklahoma,,2021-02-22,7319
Oklahoma,,2021-02-23,7653
Oklahoma,,2021-02-24,8629
Oklahoma,,2021-02-25,9642
Oklahoma,,2021-02-26,6952
Oklahoma,,2021-02-27,7801
Oklahoma,,2021-02-28,8282
Oklahoma,,2021-03-01,8225
Oklahoma,,2021-03-02,7873
Oklahoma,,2021-03-03,7667
Oklahoma,,2021-03-04,7722
Oklahoma,,2021-03-05,7472
Oklahoma,,2021-03-06,7190
Oregon,,2021-01-13,2481
Oregon,,2021-01-14,2986
Oregon,,2021-01-15,3283
Oregon,,2021-01-16,3511
Oregon,,2021-01-17,3648
Oregon,,2021-01-18,3739
Oregon,,2021-01-19,3804
Oregon,,2021-01-20,3450
Oregon,,2021-01-21,2951
Oregon,,2021-01-22,3643
Oregon,,2021-01-23,3611
Oregon,,2021-01-24,3536
Oregon,,2021-01-25,3436
Oregon,,2021-01-26,3087
Oregon,,2021-01-27,3677
Oregon,,2021-01-28,4181
Oregon,,2021-01-29,3580
Oregon,,2021-01-30,3791
Oregon,,2021-01-31,4131
Oregon,,2021-02-01,4164
Oregon,,2021-02-02,4411
Oregon,,2021-02-03,4362
Oregon,,2021-02-04,4457
Oregon,,2021-02-05,4327
Oregon,,2021-02-06,4318
Oregon,,2021-02-07,4229
Oregon,,2021-02-08,4431
Oregon,,2021-02-09,4552
Oregon,,2021-02-10,4565
Oregon,,2021-02-11,3965
Oregon,,2021-02-12,3451
Oregon,,2021-02-13,4778
Oregon,,2021-02-14,4694
Oregon,,2021-02-15,4194
Oregon,,2021-02-16,3811
Oregon,,2021-02-17,3514
Oregon,,2021-02-18,4049
Oregon,,2021-02-19,6049
Oregon,,2021-02-20,4872
Oregon,,2021-02-21,5094
Oregon,,2021-02-22,5621
Oregon,,2021-02-23,6088
Oregon,,2021-02-24,5859
Oregon,,2021-02-25,6129
Oregon,,2021-02-26,5427
Oregon,,2021-02-27,5619
Oregon,,2021-02-28,5849
Oregon,,2021-03-01,6091
Oregon,,2021-03-02,5873
Oregon,,2021-03-03,6243
Oregon,,2021-03-04,6216
Oregon,,2021-03-05,5762
Oregon,,2021-03-06,6002
Pennsylvania,,2021-01-13,2968
Pennsylvania,,2021-01-14,2674
Pennsylvania,,2021-01-15,2765
Pennsylvania,,2021-01-16,2544
Pennsylvania,,2021-01-17,2411
Pennsylvania,,2021-01-18,2323
Pennsylvania,,2021-01-19,2259
Pennsylvania,,2021-01-20,2106
Pennsylvania,,2021-01-21,2176
Pennsylvania,,2021-01-22,2285
Pennsylvania,,2021-01-23,2496
Pennsylvania,,2021-01-24,2771
Pennsylvania,,2021-01-25,2862
Pennsylvania,,2021-01-26,2856
Pennsylvania,,2021-01-27,3162
Pennsylvania,,2021-01-28,2800
Pennsylvania,,2021-01-29,3569
Pennsylvania,,2021-01-30,3756
Pennsylvania,,2021-01-31,3834
Pennsylvania,,2021-02-01,3988
Pennsylvania,,2021-02-02,3968
Pennsylvania,,2021-02-03,3416
Pennsylvania,,2021-02-04,4044
Pennsylvania,,2021-02-05,3334
Pennsylvania,,2021-02-06,3415
Pennsylvania,,2021-02-07,3567
Pennsylvania,,2021-02-08,3428
Pennsylvania,,2021-02-09,3596
Pennsylvania,,2021-02-10,4240
Pennsylvania,,2021-02-11,4193
Pennsylvania,,2021-02-12,4434
Pennsylvania,,2021-02-13,3791
Pennsylvania,,2021-02-14,4625
Pennsylvania,,2021-02-15,4309
Pennsylvania,,2021-02-16,3955
Pennsylvania,,2021-02-17,4599
Pennsylvania,,2021-02-18,4556
Pennsylvania,,2021-02-19,5759
Pennsylvania,,2021-02-20,6177
Pennsylvania,,2021-02-21,5407
Pennsylvania,,2021-02-22,5921
Pennsylvania,,2021-02-23,6120
Pennsylvania,,2021-02-24,5303
Pennsylvania,,2021-02-25,5436
Pennsylvania,,2021-02-26,4214
Pennsylvania,,2021-02-27,4957
Pennsylvania,,2021-02-28,4966
Pennsylvania,,2021-03-01,5326
Pennsylvania,,2021-03-02,5639
Pennsylvania,,2021-03-03,5838
Pennsylvania,,2021-03-04,6098
Pennsylvania,,2021-03-05,6774
Pennsylvania,,2021-03-06,6950
Puerto Rico,PRI,2021-01-13,3091
Puerto Rico,PRI,2021-01-14,3181
Puerto Rico,PRI,2021-01-15,3087
Puerto Rico,PRI,2021-01-16,2812
Puerto Rico,PRI,2021-01-17,2647
Puerto Rico,PRI,2021-01-18,2538
Puerto Rico,PRI,2021-01-19,2459
Puerto Rico,PRI,2021-01-20,2335
Puerto Rico,PRI,2021-01-21,2367
Puerto Rico,PRI,2021-01-22,2567
Puerto Rico,PRI,2021-01-23,2807
Puerto Rico,PRI,2021-01-24,3012
Puerto Rico,PRI,2021-01-25,2882
Puerto Rico,PRI,2021-01-26,2646
Puerto Rico,PRI,2021-01-27,2824
Puerto Rico,PRI,2021-01-28,2880
Puerto Rico,PRI,2021-01-29,2808
Puerto Rico,PRI,2021-01-30,2810
Puerto Rico,PRI,2021-01-31,2917
Puerto Rico,PRI,2021-02-01,2944
Puerto Rico,PRI,2021-02-02,2897
Puerto Rico,PRI,2021-02-03,2993
Puerto Rico,PRI,2021-02-04,2959
Puerto Rico,PRI,2021-02-05,2850
Puerto Rico,PRI,2021-02-06,2847
Puerto Rico,PRI,2021-02-07,2250
Puerto Rico,PRI,2021-02-08,2069
Puerto Rico,PRI,2021-02-09,2711
Puerto Rico,PRI,2021-02-10,2581
Puerto Rico,PRI,2021-02-11,2623
Puerto Rico,PRI,2021-02-12,2189
Puerto Rico,PRI,2021-02-13,3182
Puerto Rico,PRI,2021-02-14,3714
Puerto Rico,PRI,2021-02-15,3814
Puerto Rico,PRI,2021-02-16,3271
Puerto Rico,PRI,2021-02-17,3031
Puerto Rico,PRI,2021-02-18,3180
Puerto Rico,PRI,2021-02-19,5001
Puerto Rico,PRI,2021-02-20,4146
Puerto Rico,PRI,2021-02-21,4194
Puerto Rico,PRI,2021-02-22,4102
Puerto Rico,PRI,2021-02-23,4172
Puerto Rico,PRI,2021-02-24,4606
Puerto Rico,PRI,2021-02-25,4562
Puerto Rico,PRI,2021-02-26,3919
Puerto Rico,PRI,2021-02-27,3335
Puerto Rico,PRI,2021-02-28,3272
Puerto Rico,PRI,2021-03-01,3490
Puerto Rico,PRI,2021-03-02,3322
Puerto Rico,PRI,2021-03-03,3261
Puerto Rico,PRI,2021-03-04,3810
Puerto Rico,PRI,2021-03-05,2673
Puerto Rico,PRI,2021-03-06,3287
Republic of Palau,,2021-01-13,17256
Republic of Palau,,2021-01-14,9773
Republic of Palau,,2021-01-15,13068
Republic of Palau,,2021-01-16,12565
Republic of Palau,,2021-01-17,12286
Republic of Palau,,2021-01-18,12118
Republic of Palau,,2021-01-19,11951
Republic of Palau,,2021-01-20,9996
Republic of Palau,,2021-01-21,13068
Republic of Palau,,2021-01-22,10275
Republic of Palau,,2021-01-23,10890
Republic of Palau,,2021-01-24,12174
Republic of Palau,,2021-01-25,10610
Republic of Palau,,2021-01-26,9047
Republic of Palau,,2021-01-27,8488
Republic of Palau,,2021-01-28,5305
Republic of Palau,,2021-01-29,5473
Republic of Palau,,2021-01-30,3406
Republic of Palau,,2021-01-31,503
Republic of Palau,,2021-02-01,503
Republic of Palau,,2021-02-02,1005
Republic of Palau,,2021-02-03,1452
Republic of Palau,,2021-02-04,1284
Republic of Palau,,2021-02-05,2178
Republic of Palau,,2021-02-06,2010
Republic of Palau,,2021-02-07,2848
Republic of Palau,,2021-02-08,2848
Republic of Palau,,2021-02-09,2345
Republic of Palau,,2021-02-10,2401
Republic of Palau,,2021-02-11,4803
Republic of Palau,,2021-02-12,4077
Republic of Palau,,2021-02-13,6813
Republic of Palau,,2021-02-14,6813
Republic of Palau,,2021-02-15,8209
Republic of Palau,,2021-02-16,9661
Republic of Palau,,2021-02-17,11839
Republic of Palau,,2021-02-18,11839
Republic of Palau,,2021-02-19,14799
Republic of Palau,,2021-02-20,14464
Republic of Palau,,2021-02-21,15916
Republic of Palau,,2021-02-22,14464
Republic of Palau,,2021-02-23,19099
Republic of Palau,,2021-02-24,16474
Republic of Palau,,2021-02-25,22338
Republic of Palau,,2021-02-26,19266
Republic of Palau,,2021-02-27,16921
Republic of Palau,,2021-02-28,14910
Republic of Palau,,2021-03-01,14910
Republic of Palau,,2021-03-02,8879
Republic of Palau,,2021-03-03,8879
Republic of Palau,,2021-03-04,614
Republic of Palau,,2021-03-05,335
Republic of Palau,,2021-03-06,335
Rhode Island,,2021-01-13,2322
Rhode Island,,2021-01-14,2503
Rhode Island,,2021-01-15,2511
Rhode Island,,2021-01-16,2268
Rhode Island,,2021-01-17,2123
Rhode Island,,2021-01-18,2027
Rhode Island,,2021-01-19,1957
Rhode Island,,2021-01-20,1967
Rhode Island,,2021-01-21,1907
Rhode Island,,2021-01-22,1946
Rhode Island,,2021-01-23,1897
Rhode Island,,2021-01-24,2259
Rhode Island,,2021-01-25,2423
Rhode Island,,2021-01-26,2452
Rhode Island,,2021-01-27,2653
Rhode Island,,2021-01-28,2849
Rhode Island,,2021-01-29,2917
Rhode Island,,2021-01-30,3350
Rhode Island,,2021-01-31,3184
Rhode Island,,2021-02-01,3212
Rhode Island,,2021-02-02,3679
Rhode Island,,2021-02-03,3397
Rhode Island,,2021-02-04,3201
Rhode Island,,2021-02-05,3148
Rhode Island,,2021-02-06,3201
Rhode Island,,2021-02-07,3492
Rhode Island,,2021-02-08,3539
Rhode Island,,2021-02-09,3040
Rhode Island,,2021-02-10,3167
Rhode Island,,2021-02-11,3243
Rhode Island,,2021-02-12,3366
Rhode Island,,2021-02-13,3381
Rhode Island,,2021-02-14,3248
Rhode Island,,2021-02-15,3183
Rhode Island,,2021-02-16,3363
Rhode Island,,2021-02-17,3570
Rhode Island,,2021-02-18,4315
Rhode Island,,2021-02-19,6717
Rhode Island,,2021-02-20,7281
Rhode Island,,2021-02-21,7750
Rhode Island,,2021-02-22,8354
Rhode Island,,2021-02-23,8717
Rhode Island,,2021-02-24,9043
Rhode Island,,2021-02-25,9004
Rhode Island,,2021-02-26,7169
Rhode Island,,2021-02-27,7378
Rhode Island,,2021-02-28,7839
Rhode Island,,2021-03-01,8560
Rhode Island,,2021-03-02,8650
Rhode Island,,2021-03-03,8667
Rhode Island,,2021-03-04,8667
Rhode Island,,2021-03-05,8852
Rhode Island,,2021-03-06,8722
South Carolina,,2021-01-13,3654
South Carolina,,2021-01-14,3378
South Carolina,,2021-01-15,2639
South Carolina,,2021-01-16,2772
South Carolina,,2021-01-17,2852
South Carolina,,2021-01-18,2906
South Carolina,,2021-01-19,2944
South Carolina,,2021-01-20,2573
South Carolina,,2021-01-21,2602
South Carolina,,2021-01-22,2973
South Carolina,,2021-01-23,3079
South Carolina,,2021-01-24,3449
South Carolina,,2021-01-25,3788
South Carolina,,2021-01-26,3608
South Carolina,,2021-01-27,3729
South Carolina,,2021-01-28,4171
South Carolina,,2021-01-29,4333
South Carolina,,2021-01-30,4403
South Carolina,,2021-01-31,4460
South Carolina,,2021-02-01,4312
South Carolina,,2021-02-02,4259
South Carolina,,2021-02-03,4223
South Carolina,,2021-02-04,3815
South Carolina,,2021-02-05,3711
South Carolina,,2021-02-06,3746
South Carolina,,2021-02-07,3590
South Carolina,,2021-02-08,3411
South Carolina,,2021-02-09,3191
South Carolina,,2021-02-10,3575
South Carolina,,2021-02-11,3636
South Carolina,,2021-02-12,3620
South Carolina,,2021-02-13,3661
South Carolina,,2021-02-14,3753
South Carolina,,2021-02-15,3763
South Carolina,,2021-02-16,4239
South Carolina,,2021-02-17,4089
South Carolina,,2021-02-18,4151
South Carolina,,2021-02-19,5513
South Carolina,,2021-02-20,5686
South Carolina,,2021-02-21,5729
South Carolina,,2021-02-22,5862
South Carolina,,2021-02-23,5623
South Carolina,,2021-02-24,6056
South Carolina,,2021-02-25,6097
South Carolina,,2021-02-26,4918
South Carolina,,2021-02-27,4944
South Carolina,,2021-02-28,4880
South Carolina,,2021-03-01,5112
South Carolina,,2021-03-02,5047
South Carolina,,2021-03-03,4897
South Carolina,,2021-03-04,5685
South Carolina,,2021-03-05,5745
South Carolina,,2021-03-06,6287
South Dakota,,2021-01-13,2277
South Dakota,,2021-01-14,3157
South Dakota,,2021-01-15,3167
South Dakota,,2021-01-16,2659
South Dakota,,2021-01-17,2353
South Dakota,,2021-01-18,2150
South Dakota,,2021-01-19,2005
South Dakota,,2021-01-20,1907
South Dakota,,2021-01-21,1792
South Dakota,,2021-01-22,2186
South Dakota,,2021-01-23,3084
South Dakota,,2021-01-24,3445
South Dakota,,2021-01-25,3617
South Dakota,,2021-01-26,3505
South Dakota,,2021-01-27,3951
South Dakota,,2021-01-28,4263
South Dakota,,2021-01-29,4293
South Dakota,,2021-01-30,4142
South Dakota,,2021-01-31,4121
South Dakota,,2021-02-01,4065
South Dakota,,2021-02-02,4066
South Dakota,,2021-02-03,3873
South Dakota,,2021-02-04,3859
South Dakota,,2021-02-05,3934
South Dakota,,2021-02-06,3996
South Dakota,,2021-02-07,4115
South Dakota,,2021-02-08,4099
South Dakota,,2021-02-09,4074
South Dakota,,2021-02-10,4113
South Dakota,,2021-02-11,4207
South Dakota,,2021-02-12,4372
South Dakota,,2021-02-13,4430
South Dakota,,2021-02-14,4648
South Dakota,,2021-02-15,4600
South Dakota,,2021-02-16,4788
South Dakota,,2021-02-17,4752
South Dakota,,2021-02-18,4754
South Dakota,,2021-02-19,11228
South Dakota,,2021-02-20,11436
South Dakota,,2021-02-21,11707
South Dakota,,2021-02-22,12016
South Dakota,,2021-02-23,12006
South Dakota,,2021-02-24,12409
South Dakota,,2021-02-25,12764
South Dakota,,2021-02-26,6678
South Dakota,,2021-02-27,7015
South Dakota,,2021-02-28,7358
South Dakota,,2021-03-01,7446
South Dakota,,2021-03-02,7323
South Dakota,,2021-03-03,7258
South Dakota,,2021-03-04,7194
South Dakota,,2021-03-05,7239
South Dakota,,2021-03-06,7314
Tennessee,,2021-01-13,1970
Tennessee,,2021-01-14,985
Tennessee,,2021-01-15,2542
Tennessee,,2021-01-16,2350
Tennessee,,2021-01-17,2235
Tennessee,,2021-01-18,2158
Tennessee,,2021-01-19,2103
Tennessee,,2021-01-20,1963
Tennessee,,2021-01-21,2321
Tennessee,,2021-01-22,2055
Tennessee,,2021-01-23,2274
Tennessee,,2021-01-24,2604
Tennessee,,2021-01-25,2572
Tennessee,,2021-01-26,2429
Tennessee,,2021-01-27,2701
Tennessee,,2021-01-28,2811
Tennessee,,2021-01-29,3019
Tennessee,,2021-01-30,3138
Tennessee,,2021-01-31,3288
Tennessee,,2021-02-01,3457
Tennessee,,2021-02-02,3430
Tennessee,,2021-02-03,3560
Tennessee,,2021-02-04,3644
Tennessee,,2021-02-05,3610
Tennessee,,2021-02-06,3727
Tennessee,,2021-02-07,3803
Tennessee,,2021-02-08,3719
Tennessee,,2021-02-09,3769
Tennessee,,2021-02-10,3804
Tennessee,,2021-02-11,3810
Tennessee,,2021-02-12,3831
Tennessee,,2021-02-13,3650
Tennessee,,2021-02-14,3683
Tennessee,,2021-02-15,3646
Tennessee,,2021-02-16,3784
Tennessee,,2021-02-17,3343
Tennessee,,2021-02-18,3096
Tennessee,,2021-02-19,3806
Tennessee,,2021-02-20,3578
Tennessee,,2021-02-21,3139
Tennessee,,2021-02-22,3154
Tennessee,,2021-02-23,3072
Tennessee,,2021-02-24,3692
Tennessee,,2021-02-25,4096
Tennessee,,2021-02-26,3635
Tennessee,,2021-02-27,4261
Tennessee,,2021-02-28,5068
Tennessee,,2021-03-01,5519
Tennessee,,2021-03-02,5560
Tennessee,,2021-03-03,5847
Tennessee,,2021-03-04,5908
Tennessee,,2021-03-05,5922
Tennessee,,2021-03-06,5841
Texas,,2021-01-13,2296
Texas,,2021-01-14,2279
Texas,,2021-01-15,2860
Texas,,2021-01-16,2670
Texas,,2021-01-17,2557
Texas,,2021-01-18,2481
Texas,,2021-01-19,2427
Texas,,2021-01-20,2432
Texas,,2021-01-21,2468
Texas,,2021-01-22,2387
Texas,,2021-01-23,2496
Texas,,2021-01-24,2371
Texas,,2021-01-25,2271
Texas,,2021-01-26,2532
Texas,,2021-01-27,2476
Texas,,2021-01-28,2771
Texas,,2021-01-29,2833
Texas,,2021-01-30,3019
Texas,,2021-01-31,3181
Texas,,2021-02-01,3410
Texas,,2021-02-02,2849
Texas,,2021-02-03,3343
Texas,,2021-02-04,3441
Texas,,2021-02-05,3502
Texas,,2021-02-06,3780
Texas,,2021-02-07,4127
Texas,,2021-02-08,4069
Texas,,2021-02-09,4631
Texas,,2021-02-10,4512
Texas,,2021-02-11,4449
Texas,,2021-02-12,4645
Texas,,2021-02-13,4434
Texas,,2021-02-14,4371
Texas,,2021-02-15,4301
Texas,,2021-02-16,4041
Texas,,2021-02-17,3664
Texas,,2021-02-18,3081
Texas,,2021-02-19,3296
Texas,,2021-02-20,2989
Texas,,2021-02-21,2661
Texas,,2021-02-22,2543
Texas,,2021-02-23,2680
Texas,,2021-02-24,3014
Texas,,2021-02-25,3811
Texas,,2021-02-26,3599
Texas,,2021-02-27,3844
Texas,,2021-02-28,4398
Texas,,2021-03-01,4244
Texas,,2021-03-02,5697
Texas,,2021-03-03,6245
Texas,,2021-03-04,6266
Texas,,2021-03-05,6494
Texas,,2021-03-06,7067
United States,USA,2020-12-21,174
United States,USA,2020-12-22,384
United States,USA,2020-12-23,454
United States,USA,2020-12-24,575
United States,USA,2020-12-25,648
United States,USA,2020-12-26,697
United States,USA,2020-12-27,637
United States,USA,2020-12-28,651
United States,USA,2020-12-29,710
United States,USA,2020-12-30,769
United States,USA,2020-12-31,840
United States,USA,2021-01-01,911
United States,USA,2021-01-02,982
United States,USA,2021-01-03,1015
United States,USA,2021-01-04,1048
United States,USA,2021-01-05,1022
United States,USA,2021-01-06,1081
United States,USA,2021-01-07,1139
United States,USA,2021-01-08,1265
United States,USA,2021-01-09,1389
United States,USA,2021-01-10,1647
United States,USA,2021-01-11,1904
United States,USA,2021-01-12,1932
United States,USA,2021-01-13,2139
United States,USA,2021-01-14,2250
United States,USA,2021-01-15,2406
United States,USA,2021-01-16,2445
United States,USA,2021-01-17,2484
United States,USA,2021-01-18,2523
United States,USA,2021-01-19,2745
United States,USA,2021-01-20,2688
United States,USA,2021-01-21,2753
United States,USA,2021-01-22,2938
United States,USA,2021-01-23,3185
United States,USA,2021-01-24,3380
United States,USA,2021-01-25,3392
United States,USA,2021-01-26,3371
United States,USA,2021-01-27,3497
United States,USA,2021-01-28,3721
United States,USA,2021-01-29,3777
United States,USA,2021-01-30,3890
United States,USA,2021-01-31,3991
United States,USA,2021-02-01,4083
United States,USA,2021-02-02,3976
United States,USA,2021-02-03,3970
United States,USA,2021-02-04,3877
United States,USA,2021-02-05,3845
United States,USA,2021-02-06,4071
United States,USA,2021-02-07,4341
United States,USA,2021-02-08,4387
United States,USA,2021-02-09,4486
United States,USA,2021-02-10,4687
United States,USA,2021-02-11,4814
United States,USA,2021-02-12,4988
United States,USA,2021-02-13,4993
United States,USA,2021-02-14,5023
United States,USA,2021-02-15,5006
United States,USA,2021-02-16,5170
United States,USA,2021-02-17,4954
United States,USA,2021-02-18,4883
United States,USA,2021-02-19,4808
United States,USA,2021-02-20,4582
United States,USA,2021-02-21,4392
United States,USA,2021-02-22,4357
United States,USA,2021-02-23,4222
United States,USA,2021-02-24,4382
United States,USA,2021-02-25,4534
United States,USA,2021-02-26,4677
United States,USA,2021-02-27,4956
United States,USA,2021-02-28,5226
United States,USA,2021-03-01,5474
United States,USA,2021-03-02,5852
United States,USA,2021-03-03,6057
United States,USA,2021-03-04,6153
United States,USA,2021-03-05,6263
United States,USA,2021-03-06,6500
Utah,,2021-01-13,2748
Utah,,2021-01-14,3144
Utah,,2021-01-15,3430
Utah,,2021-01-16,3254
Utah,,2021-01-17,3149
Utah,,2021-01-18,3079
Utah,,2021-01-19,3029
Utah,,2021-01-20,3465
Utah,,2021-01-21,3306
Utah,,2021-01-22,3321
Utah,,2021-01-23,2931
Utah,,2021-01-24,2541
Utah,,2021-01-25,3322
Utah,,2021-01-26,2995
Utah,,2021-01-27,2585
Utah,,2021-01-28,2238
Utah,,2021-01-29,3048
Utah,,2021-01-30,3733
Utah,,2021-01-31,3733
Utah,,2021-02-01,4190
Utah,,2021-02-02,4198
Utah,,2021-02-03,3780
Utah,,2021-02-04,5065
Utah,,2021-02-05,4695
Utah,,2021-02-06,5070
Utah,,2021-02-07,5070
Utah,,2021-02-08,8181
Utah,,2021-02-09,8272
Utah,,2021-02-10,8272
Utah,,2021-02-11,6987
Utah,,2021-02-12,5961
Utah,,2021-02-13,4901
Utah,,2021-02-14,4901
Utah,,2021-02-15,660
Utah,,2021-02-16,997
Utah,,2021-02-17,997
Utah,,2021-02-18,1848
Utah,,2021-02-19,3314
Utah,,2021-02-20,4447
Utah,,2021-02-21,4470
Utah,,2021-02-22,3985
Utah,,2021-02-23,3494
Utah,,2021-02-24,4302
Utah,,2021-02-25,4914
Utah,,2021-02-26,3472
Utah,,2021-02-27,3467
Utah,,2021-02-28,3472
Utah,,2021-03-01,3459
Utah,,2021-03-02,4957
Utah,,2021-03-03,5202
Utah,,2021-03-04,3760
Utah,,2021-03-05,5979
Utah,,2021-03-06,6441
Vermont,,2021-01-13,6112
Vermont,,2021-01-14,3056
Vermont,,2021-01-15,3587
Vermont,,2021-01-16,3502
Vermont,,2021-01-17,3452
Vermont,,2021-01-18,3418
Vermont,,2021-01-19,3394
Vermont,,2021-01-20,2574
Vermont,,2021-01-21,3037
Vermont,,2021-01-22,3200
Vermont,,2021-01-23,3418
Vermont,,2021-01-24,3513
Vermont,,2021-01-25,3450
Vermont,,2021-01-26,3167
Vermont,,2021-01-27,3333
Vermont,,2021-01-28,3672
Vermont,,2021-01-29,3500
Vermont,,2021-01-30,3285
Vermont,,2021-01-31,3505
Vermont,,2021-02-01,4305
Vermont,,2021-02-02,4489
Vermont,,2021-02-03,4428
Vermont,,2021-02-04,4196
Vermont,,2021-02-05,4194
Vermont,,2021-02-06,4399
Vermont,,2021-02-07,4579
Vermont,,2021-02-08,4098
Vermont,,2021-02-09,4354
Vermont,,2021-02-10,4383
Vermont,,2021-02-11,4513
Vermont,,2021-02-12,4575
Vermont,,2021-02-13,4516
Vermont,,2021-02-14,4489
Vermont,,2021-02-15,4707
Vermont,,2021-02-16,5026
Vermont,,2021-02-17,5059
Vermont,,2021-02-18,4870
Vermont,,2021-02-19,6314
Vermont,,2021-02-20,6729
Vermont,,2021-02-21,6950
Vermont,,2021-02-22,6994
Vermont,,2021-02-23,6662
Vermont,,2021-02-24,6641
Vermont,,2021-02-25,6787
Vermont,,2021-02-26,5476
Vermont,,2021-02-27,5681
Vermont,,2021-02-28,5819
Vermont,,2021-03-01,6093
Vermont,,2021-03-02,6290
Vermont,,2021-03-03,6458
Vermont,,2021-03-04,6396
Vermont,,2021-03-05,6420
Vermont,,2021-03-06,6273
Virgin Islands,,2021-01-13,3009
Virgin Islands,,2021-01-14,2598
Virgin Islands,,2021-01-15,2388
Virgin Islands,,2021-01-16,2092
Virgin Islands,,2021-01-17,1920
Virgin Islands,,2021-01-18,1796
Virgin Islands,,2021-01-19,1710
Virgin Islands,,2021-01-20,1672
Virgin Islands,,2021-01-21,1806
Virgin Islands,,2021-01-22,1968
Virgin Islands,,2021-01-23,2178
Virgin Islands,,2021-01-24,2044
Virgin Islands,,2021-01-25,1901
Virgin Islands,,2021-01-26,2197
Virgin Islands,,2021-01-27,2398
Virgin Islands,,2021-01-28,2560
Virgin Islands,,2021-01-29,2981
Virgin Islands,,2021-01-30,3563
Virgin Islands,,2021-01-31,3592
Virgin Islands,,2021-02-01,3707
Virgin Islands,,2021-02-02,4041
Virgin Islands,,2021-02-03,4385
Virgin Islands,,2021-02-04,4901
Virgin Islands,,2021-02-05,4948
Virgin Islands,,2021-02-06,4776
Virgin Islands,,2021-02-07,4738
Virgin Islands,,2021-02-08,4662
Virgin Islands,,2021-02-09,4576
Virgin Islands,,2021-02-10,4547
Virgin Islands,,2021-02-11,4031
Virgin Islands,,2021-02-12,3831
Virgin Islands,,2021-02-13,3707
Virgin Islands,,2021-02-14,3840
Virgin Islands,,2021-02-15,3850
Virgin Islands,,2021-02-16,3210
Virgin Islands,,2021-02-17,3334
Virgin Islands,,2021-02-18,3382
Virgin Islands,,2021-02-19,4308
Virgin Islands,,2021-02-20,4977
Virgin Islands,,2021-02-21,5235
Virgin Islands,,2021-02-22,5235
Virgin Islands,,2021-02-23,6104
Virgin Islands,,2021-02-24,5846
Virgin Islands,,2021-02-25,5636
Virgin Islands,,2021-02-26,5235
Virgin Islands,,2021-02-27,4490
Virgin Islands,,2021-02-28,4433
Virgin Islands,,2021-03-01,4480
Virgin Islands,,2021-03-02,3878
Virgin Islands,,2021-03-03,3687
Virgin Islands,,2021-03-04,5235
Virgin Islands,,2021-03-05,5025
Virgin Islands,,2021-03-06,5321
Virginia,,2021-01-13,3190
Virginia,,2021-01-14,1595
Virginia,,2021-01-15,2094
Virginia,,2021-01-16,2176
Virginia,,2021-01-17,2225
Virginia,,2021-01-18,2258
Virginia,,2021-01-19,2281
Virginia,,2021-01-20,2101
Virginia,,2021-01-21,2414
Virginia,,2021-01-22,2631
Virginia,,2021-01-23,2751
Virginia,,2021-01-24,2780
Virginia,,2021-01-25,2958
Virginia,,2021-01-26,4484
Virginia,,2021-01-27,4781
Virginia,,2021-01-28,5127
Virginia,,2021-01-29,5411
Virginia,,2021-01-30,5969
Virginia,,2021-01-31,6386
Virginia,,2021-02-01,6491
Virginia,,2021-02-02,5128
Virginia,,2021-02-03,4919
Virginia,,2021-02-04,4697
Virginia,,2021-02-05,4504
Virginia,,2021-02-06,4463
Virginia,,2021-02-07,4521
Virginia,,2021-02-08,4432
Virginia,,2021-02-09,4358
Virginia,,2021-02-10,4425
Virginia,,2021-02-11,4588
Virginia,,2021-02-12,4703
Virginia,,2021-02-13,4648
Virginia,,2021-02-14,4215
Virginia,,2021-02-15,4314
Virginia,,2021-02-16,4517
Virginia,,2021-02-17,4565
Virginia,,2021-02-18,4696
Virginia,,2021-02-19,6203
Virginia,,2021-02-20,5706
Virginia,,2021-02-21,5859
Virginia,,2021-02-22,5725
Virginia,,2021-02-23,5597
Virginia,,2021-02-24,5747
Virginia,,2021-02-25,5774
Virginia,,2021-02-26,4641
Virginia,,2021-02-27,5549
Virginia,,2021-02-28,6375
Virginia,,2021-03-01,6719
Virginia,,2021-03-02,6787
Virginia,,2021-03-03,6982
Virginia,,2021-03-04,7292
Virginia,,2021-03-05,7024
Virginia,,2021-03-06,6526
Washington,,2021-01-13,1664
Washington,,2021-01-14,1948
Washington,,2021-01-15,2059
Washington,,2021-01-16,2189
Washington,,2021-01-17,2268
Washington,,2021-01-18,2320
Washington,,2021-01-19,2357
Washington,,2021-01-20,2599
Washington,,2021-01-21,2780
Washington,,2021-01-22,3012
Washington,,2021-01-23,3278
Washington,,2021-01-24,3142
Washington,,2021-01-25,3513
Washington,,2021-01-26,3497
Washington,,2021-01-27,3521
Washington,,2021-01-28,3709
Washington,,2021-01-29,3826
Washington,,2021-01-30,3883
Washington,,2021-01-31,4408
Washington,,2021-02-01,4349
Washington,,2021-02-02,4393
Washington,,2021-02-03,4343
Washington,,2021-02-04,4244
Washington,,2021-02-05,4144
Washington,,2021-02-06,4199
Washington,,2021-02-07,4142
Washington,,2021-02-08,4077
Washington,,2021-02-09,3929
Washington,,2021-02-10,4559
Washington,,2021-02-11,4553
Washington,,2021-02-12,4738
Washington,,2021-02-13,4765
Washington,,2021-02-14,4903
Washington,,2021-02-15,4614
Washington,,2021-02-16,4692
Washington,,2021-02-17,4070
Washington,,2021-02-18,4047
Washington,,2021-02-19,5285
Washington,,2021-02-20,5355
Washington,,2021-02-21,5216
Washington,,2021-02-22,5543
Washington,,2021-02-23,5483
Washington,,2021-02-24,5412
Washington,,2021-02-25,5753
Washington,,2021-02-26,4634
Washington,,2021-02-27,4870
Washington,,2021-02-28,5341
Washington,,2021-03-01,6016
Washington,,2021-03-02,6521
Washington,,2021-03-03,7012
Washington,,2021-03-04,7137
Washington,,2021-03-05,7351
Washington,,2021-03-06,7591
West Virginia,,2021-01-13,4117
West Virginia,,2021-01-14,4277
West Virginia,,2021-01-15,5743
West Virginia,,2021-01-16,4950
West Virginia,,2021-01-17,4475
West Virginia,,2021-01-18,4158
West Virginia,,2021-01-19,3932
West Virginia,,2021-01-20,3819
West Virginia,,2021-01-21,3897
West Virginia,,2021-01-22,3711
West Virginia,,2021-01-23,4466
West Virginia,,2021-01-24,4739
West Virginia,,2021-01-25,4459
West Virginia,,2021-01-26,4610
West Virginia,,2021-01-27,4488
West Virginia,,2021-01-28,4548
West Virginia,,2021-01-29,4719
West Virginia,,2021-01-30,4907
West Virginia,,2021-01-31,4535
West Virginia,,2021-02-01,4491
West Virginia,,2021-02-02,4281
West Virginia,,2021-02-03,4236
West Virginia,,2021-02-04,4157
West Virginia,,2021-02-05,4134
West Virginia,,2021-02-06,4661
West Virginia,,2021-02-07,4964
West Virginia,,2021-02-08,5027
West Virginia,,2021-02-09,5039
West Virginia,,2021-02-10,5142
West Virginia,,2021-02-11,5104
West Virginia,,2021-02-12,4751
West Virginia,,2021-02-13,4882
West Virginia,,2021-02-14,5145
West Virginia,,2021-02-15,5319
West Virginia,,2021-02-16,5279
West Virginia,,2021-02-17,5057
West Virginia,,2021-02-18,5002
West Virginia,,2021-02-19,7109
West Virginia,,2021-02-20,6535
West Virginia,,2021-02-21,6132
West Virginia,,2021-02-22,6017
West Virginia,,2021-02-23,6138
West Virginia,,2021-02-24,6255
West Virginia,,2021-02-25,6537
West Virginia,,2021-02-26,4886
West Virginia,,2021-02-27,5418
West Virginia,,2021-02-28,5483
West Virginia,,2021-03-01,5457
West Virginia,,2021-03-02,5252
West Virginia,,2021-03-03,5339
West Virginia,,2021-03-04,5414
West Virginia,,2021-03-05,5784
West Virginia,,2021-03-06,5425
Wisconsin,,2021-01-13,0
Wisconsin,,2021-01-14,1091
Wisconsin,,2021-01-15,1863
Wisconsin,,2021-01-16,1867
Wisconsin,,2021-01-17,1869
Wisconsin,,2021-01-18,1870
Wisconsin,,2021-01-19,1871
Wisconsin,,2021-01-20,2091
Wisconsin,,2021-01-21,2179
Wisconsin,,2021-01-22,2233
Wisconsin,,2021-01-23,2574
Wisconsin,,2021-01-24,2862
Wisconsin,,2021-01-25,2780
Wisconsin,,2021-01-26,2566
Wisconsin,,2021-01-27,2773
Wisconsin,,2021-01-28,3022
Wisconsin,,2021-01-29,3583
Wisconsin,,2021-01-30,4039
Wisconsin,,2021-01-31,4484
Wisconsin,,2021-02-01,4846
Wisconsin,,2021-02-02,5004
Wisconsin,,2021-02-03,5218
Wisconsin,,2021-02-04,4588
Wisconsin,,2021-02-05,4620
Wisconsin,,2021-02-06,4613
Wisconsin,,2021-02-07,6170
Wisconsin,,2021-02-08,6131
Wisconsin,,2021-02-09,6067
Wisconsin,,2021-02-10,6098
Wisconsin,,2021-02-11,6805
Wisconsin,,2021-02-12,6608
Wisconsin,,2021-02-13,6818
Wisconsin,,2021-02-14,5223
Wisconsin,,2021-02-15,5160
Wisconsin,,2021-02-16,5456
Wisconsin,,2021-02-17,5295
Wisconsin,,2021-02-18,5247
Wisconsin,,2021-02-19,6696
Wisconsin,,2021-02-20,6686
Wisconsin,,2021-02-21,6752
Wisconsin,,2021-02-22,6840
Wisconsin,,2021-02-23,6574
Wisconsin,,2021-02-24,6630
Wisconsin,,2021-02-25,6724
Wisconsin,,2021-02-26,5460
Wisconsin,,2021-02-27,5712
Wisconsin,,2021-02-28,5887
Wisconsin,,2021-03-01,6100
Wisconsin,,2021-03-02,6417
Wisconsin,,2021-03-03,6638
Wisconsin,,2021-03-04,6922
Wisconsin,,2021-03-05,7282
Wisconsin,,2021-03-06,7359
Wyoming,,2021-01-13,2293
Wyoming,,2021-01-14,2858
Wyoming,,2021-01-15,3616
Wyoming,,2021-01-16,3286
Wyoming,,2021-01-17,3088
Wyoming,,2021-01-18,2955
Wyoming,,2021-01-19,2861
Wyoming,,2021-01-20,2842
Wyoming,,2021-01-21,2353
Wyoming,,2021-01-22,2913
Wyoming,,2021-01-23,3330
Wyoming,,2021-01-24,3801
Wyoming,,2021-01-25,3561
Wyoming,,2021-01-26,3278
Wyoming,,2021-01-27,3485
Wyoming,,2021-01-28,3485
Wyoming,,2021-01-29,3608
Wyoming,,2021-01-30,2865
Wyoming,,2021-01-31,4003
Wyoming,,2021-02-01,4335
Wyoming,,2021-02-02,4365
Wyoming,,2021-02-03,4283
Wyoming,,2021-02-04,4283
Wyoming,,2021-02-05,4504
Wyoming,,2021-02-06,5602
Wyoming,,2021-02-07,3661
Wyoming,,2021-02-08,4378
Wyoming,,2021-02-09,4304
Wyoming,,2021-02-10,4625
Wyoming,,2021-02-11,4625
Wyoming,,2021-02-12,5361
Wyoming,,2021-02-13,4266
Wyoming,,2021-02-14,6725
Wyoming,,2021-02-15,5723
Wyoming,,2021-02-16,5857
Wyoming,,2021-02-17,5102
Wyoming,,2021-02-18,6396
Wyoming,,2021-02-19,8682
Wyoming,,2021-02-20,9854
Wyoming,,2021-02-21,7497
Wyoming,,2021-02-22,8885
Wyoming,,2021-02-23,8881
Wyoming,,2021-02-24,8931
Wyoming,,2021-02-25,8916
Wyoming,,2021-02-26,5249
Wyoming,,2021-02-27,5560
Wyoming,,2021-02-28,6647
Wyoming,,2021-03-01,5209
Wyoming,,2021-03-02,5088
Wyoming,,2021-03-03,6554
Wyoming,,2021-03-04,5344
Wyoming,,2021-03-05,5216
Wyoming,,2021-03-06,6396