Entity,Code,Date,share_doses_used
Alabama,,2021-01-12,0.207
Alabama,,2021-01-13,0.222
Alabama,,2021-01-14,0.212
Alabama,,2021-01-15,0.226
Alabama,,2021-01-19,0.294
Alabama,,2021-01-20,0.288
Alabama,,2021-01-21,0.336
Alabama,,2021-01-22,0.384
Alabama,,2021-01-23,0.425
Alabama,,2021-01-24,0.468
Alabama,,2021-01-25,0.481
Alabama,,2021-01-26,0.448
Alabama,,2021-01-27,0.42
Alabama,,2021-01-28,0.426
Alabama,,2021-01-29,0.456
Alabama,,2021-01-30,0.519
Alabama,,2021-01-31,0.537
Alabama,,2021-02-01,0.543
Alabama,,2021-02-02,0.546
Alabama,,2021-02-03,0.508
Alabama,,2021-02-04,0.511
Alabama,,2021-02-05,0.538
Alabama,,2021-02-06,0.566
Alabama,,2021-02-07,0.575
Alabama,,2021-02-08,0.582
Alabama,,2021-02-09,0.596
Alabama,,2021-02-10,0.599
Alabama,,2021-02-11,0.596
Alabama,,2021-02-12,0.61
Alabama,,2021-02-13,0.624
Alabama,,2021-02-14,0.634
Alabama,,2021-02-16,0.627
Alabama,,2021-02-17,0.63
Alabama,,2021-02-18,0.651
Alabama,,2021-02-19,0.686
Alabama,,2021-02-20,0.72
Alabama,,2021-02-21,0.729
Alabama,,2021-02-22,0.733
Alabama,,2021-02-23,0.752
Alabama,,2021-02-24,0.737
Alabama,,2021-02-25,0.739
Alabama,,2021-02-26,0.648
Alabama,,2021-02-27,0.664
Alabama,,2021-02-28,0.672
Alabama,,2021-03-01,0.676
Alabama,,2021-03-02,0.665
Alabama,,2021-03-03,0.681
Alabama,,2021-03-04,0.674
Alabama,,2021-03-05,0.684
Alabama,,2021-03-06,0.675
Alaska,,2021-01-12,0.253
Alaska,,2021-01-13,0.259
Alaska,,2021-01-14,0.283
Alaska,,2021-01-15,0.326
Alaska,,2021-01-19,0.441
Alaska,,2021-01-20,0.454
Alaska,,2021-01-21,0.466
Alaska,,2021-01-22,0.522
Alaska,,2021-01-23,0.567
Alaska,,2021-01-24,0.605
Alaska,,2021-01-25,0.623
Alaska,,2021-01-26,0.602
Alaska,,2021-01-27,0.596
Alaska,,2021-01-28,0.594
Alaska,,2021-01-29,0.574
Alaska,,2021-01-30,0.597
Alaska,,2021-01-31,0.619
Alaska,,2021-02-01,0.632
Alaska,,2021-02-02,0.627
Alaska,,2021-02-03,0.547
Alaska,,2021-02-04,0.541
Alaska,,2021-02-05,0.545
Alaska,,2021-02-06,0.56
Alaska,,2021-02-07,0.588
Alaska,,2021-02-08,0.607
Alaska,,2021-02-09,0.595
Alaska,,2021-02-10,0.6
Alaska,,2021-02-11,0.6
Alaska,,2021-02-12,0.617
Alaska,,2021-02-13,0.645
Alaska,,2021-02-14,0.677
Alaska,,2021-02-16,0.703
Alaska,,2021-02-17,0.713
Alaska,,2021-02-18,0.733
Alaska,,2021-02-19,0.721
Alaska,,2021-02-20,0.758
Alaska,,2021-02-21,0.784
Alaska,,2021-02-22,0.794
Alaska,,2021-02-23,0.787
Alaska,,2021-02-24,0.772
Alaska,,2021-02-25,0.782
Alaska,,2021-02-26,0.765
Alaska,,2021-02-27,0.758
Alaska,,2021-02-28,0.773
Alaska,,2021-03-01,0.784
Alaska,,2021-03-02,0.724
Alaska,,2021-03-03,0.685
Alaska,,2021-03-04,0.677
Alaska,,2021-03-05,0.668
Alaska,,2021-03-06,0.676
American Samoa,ASM,2021-01-12,0.199
American Samoa,ASM,2021-01-13,0.242
American Samoa,ASM,2021-01-14,0.279
American Samoa,ASM,2021-01-15,0.21
American Samoa,ASM,2021-01-19,0.258
American Samoa,ASM,2021-01-20,0.288
American Samoa,ASM,2021-01-21,0.307
American Samoa,ASM,2021-01-22,0.356
American Samoa,ASM,2021-01-23,0.37
American Samoa,ASM,2021-01-24,0.436
American Samoa,ASM,2021-01-25,0.436
American Samoa,ASM,2021-01-26,0.451
American Samoa,ASM,2021-01-27,0.492
American Samoa,ASM,2021-01-28,0.492
American Samoa,ASM,2021-01-29,0.538
American Samoa,ASM,2021-01-30,0.538
American Samoa,ASM,2021-01-31,0.538
American Samoa,ASM,2021-02-01,0.583
American Samoa,ASM,2021-02-02,0.583
American Samoa,ASM,2021-02-03,0.6
American Samoa,ASM,2021-02-04,0.382
American Samoa,ASM,2021-02-05,0.408
American Samoa,ASM,2021-02-06,0.416
American Samoa,ASM,2021-02-07,0.416
American Samoa,ASM,2021-02-08,0.416
American Samoa,ASM,2021-02-09,0.431
American Samoa,ASM,2021-02-10,0.452
American Samoa,ASM,2021-02-11,0.459
American Samoa,ASM,2021-02-12,0.51
American Samoa,ASM,2021-02-13,0.522
American Samoa,ASM,2021-02-14,0.522
American Samoa,ASM,2021-02-16,0.547
American Samoa,ASM,2021-02-17,0.552
American Samoa,ASM,2021-02-18,0.552
American Samoa,ASM,2021-02-19,0.552
American Samoa,ASM,2021-02-20,0.602
American Samoa,ASM,2021-02-21,0.638
American Samoa,ASM,2021-02-22,0.639
American Samoa,ASM,2021-02-23,0.639
American Samoa,ASM,2021-02-24,0.67
American Samoa,ASM,2021-02-25,0.67
American Samoa,ASM,2021-02-26,0.691
American Samoa,ASM,2021-02-27,0.691
American Samoa,ASM,2021-02-28,0.691
American Samoa,ASM,2021-03-01,0.691
American Samoa,ASM,2021-03-02,0.716
American Samoa,ASM,2021-03-03,0.716
American Samoa,ASM,2021-03-04,0.557
American Samoa,ASM,2021-03-05,0.5
American Samoa,ASM,2021-03-06,0.5
Arizona,,2021-01-12,0.251
Arizona,,2021-01-13,0.272
Arizona,,2021-01-14,0.304
Arizona,,2021-01-15,0.345
Arizona,,2021-01-19,0.466
Arizona,,2021-01-20,0.375
Arizona,,2021-01-21,0.381
Arizona,,2021-01-22,0.401
Arizona,,2021-01-23,0.435
Arizona,,2021-01-24,0.471
Arizona,,2021-01-25,0.499
Arizona,,2021-01-26,0.515
Arizona,,2021-01-27,0.463
Arizona,,2021-01-28,0.482
Arizona,,2021-01-29,0.515
Arizona,,2021-01-30,0.55
Arizona,,2021-01-31,0.586
Arizona,,2021-02-01,0.612
Arizona,,2021-02-02,0.584
Arizona,,2021-02-03,0.555
Arizona,,2021-02-04,0.579
Arizona,,2021-02-05,0.607
Arizona,,2021-02-06,0.647
Arizona,,2021-02-07,0.682
Arizona,,2021-02-08,0.709
Arizona,,2021-02-09,0.682
Arizona,,2021-02-10,0.655
Arizona,,2021-02-11,0.677
Arizona,,2021-02-12,0.711
Arizona,,2021-02-13,0.747
Arizona,,2021-02-14,0.782
Arizona,,2021-02-16,0.827
Arizona,,2021-02-17,0.834
Arizona,,2021-02-18,0.861
Arizona,,2021-02-19,0.82
Arizona,,2021-02-20,0.844
Arizona,,2021-02-21,0.871
Arizona,,2021-02-22,0.892
Arizona,,2021-02-23,0.869
Arizona,,2021-02-24,0.787
Arizona,,2021-02-25,0.779
Arizona,,2021-02-26,0.78
Arizona,,2021-02-27,0.805
Arizona,,2021-02-28,0.834
Arizona,,2021-03-01,0.861
Arizona,,2021-03-02,0.842
Arizona,,2021-03-03,0.807
Arizona,,2021-03-04,0.807
Arizona,,2021-03-05,0.785
Arizona,,2021-03-06,0.779
Arkansas,,2021-01-12,0.149
Arkansas,,2021-01-13,0.319
Arkansas,,2021-01-14,0.364
Arkansas,,2021-01-15,0.397
Arkansas,,2021-01-19,0.478
Arkansas,,2021-01-20,0.518
Arkansas,,2021-01-21,0.479
Arkansas,,2021-01-22,0.557
Arkansas,,2021-01-23,0.547
Arkansas,,2021-01-24,0.581
Arkansas,,2021-01-25,0.6
Arkansas,,2021-01-26,0.599
Arkansas,,2021-01-27,0.622
Arkansas,,2021-01-28,0.558
Arkansas,,2021-01-29,0.595
Arkansas,,2021-01-30,0.636
Arkansas,,2021-01-31,0.67
Arkansas,,2021-02-01,0.686
Arkansas,,2021-02-02,0.672
Arkansas,,2021-02-03,0.646
Arkansas,,2021-02-04,0.654
Arkansas,,2021-02-05,0.656
Arkansas,,2021-02-06,0.694
Arkansas,,2021-02-07,0.729
Arkansas,,2021-02-08,0.744
Arkansas,,2021-02-09,0.696
Arkansas,,2021-02-10,0.718
Arkansas,,2021-02-11,0.726
Arkansas,,2021-02-12,0.71
Arkansas,,2021-02-13,0.725
Arkansas,,2021-02-14,0.749
Arkansas,,2021-02-16,0.765
Arkansas,,2021-02-17,0.75
Arkansas,,2021-02-18,0.739
Arkansas,,2021-02-19,0.748
Arkansas,,2021-02-20,0.753
Arkansas,,2021-02-21,0.764
Arkansas,,2021-02-22,0.774
Arkansas,,2021-02-23,0.68
Arkansas,,2021-02-24,0.679
Arkansas,,2021-02-25,0.693
Arkansas,,2021-02-26,0.694
Arkansas,,2021-02-27,0.698
Arkansas,,2021-02-28,0.727
Arkansas,,2021-03-01,0.741
Arkansas,,2021-03-02,0.697
Arkansas,,2021-03-03,0.712
Arkansas,,2021-03-04,0.711
Arkansas,,2021-03-05,0.68
Arkansas,,2021-03-06,0.684
Bureau of Prisons,,2021-01-12,0.914
Bureau of Prisons,,2021-01-13,0.978
Bureau of Prisons,,2021-01-14,0.98
Bureau of Prisons,,2021-01-15,0.996
Bureau of Prisons,,2021-01-19,1.052
Bureau of Prisons,,2021-01-20,0.771
Bureau of Prisons,,2021-01-21,0.842
Bureau of Prisons,,2021-01-22,0.861
Bureau of Prisons,,2021-01-23,0.943
Bureau of Prisons,,2021-01-24,0.973
Bureau of Prisons,,2021-01-25,0.984
Bureau of Prisons,,2021-01-26,0.849
Bureau of Prisons,,2021-01-27,0.909
Bureau of Prisons,,2021-01-28,0.949
Bureau of Prisons,,2021-01-29,0.99
Bureau of Prisons,,2021-01-30,1.03
Bureau of Prisons,,2021-01-31,1.041
Bureau of Prisons,,2021-02-01,1.041
Bureau of Prisons,,2021-02-02,0.9
Bureau of Prisons,,2021-02-03,0.94
Bureau of Prisons,,2021-02-04,0.988
Bureau of Prisons,,2021-02-05,1.03
Bureau of Prisons,,2021-02-06,1.069
Bureau of Prisons,,2021-02-07,1.089
Bureau of Prisons,,2021-02-08,1.089
Bureau of Prisons,,2021-02-09,0.966
Bureau of Prisons,,2021-02-10,1.006
Bureau of Prisons,,2021-02-11,1.04
Bureau of Prisons,,2021-02-12,1.042
Bureau of Prisons,,2021-02-13,1.072
Bureau of Prisons,,2021-02-14,1.087
Bureau of Prisons,,2021-02-16,1.075
Bureau of Prisons,,2021-02-17,1.063
Bureau of Prisons,,2021-02-18,1.073
Bureau of Prisons,,2021-02-19,1.047
Bureau of Prisons,,2021-02-20,1.039
Bureau of Prisons,,2021-02-21,1.063
Bureau of Prisons,,2021-02-22,1.065
Bureau of Prisons,,2021-02-23,1.066
Bureau of Prisons,,2021-02-24,0.94
Bureau of Prisons,,2021-02-25,0.964
Bureau of Prisons,,2021-02-26,1.004
Bureau of Prisons,,2021-02-27,1.036
Bureau of Prisons,,2021-02-28,1.055
Bureau of Prisons,,2021-03-01,1.055
Bureau of Prisons,,2021-03-02,0.934
Bureau of Prisons,,2021-03-03,0.96
Bureau of Prisons,,2021-03-04,1.016
Bureau of Prisons,,2021-03-05,1.073
Bureau of Prisons,,2021-03-06,1.098
California,,2021-01-12,0.248
California,,2021-01-13,0.259
California,,2021-01-14,0.275
California,,2021-01-15,0.302
California,,2021-01-19,0.412
California,,2021-01-20,0.368
California,,2021-01-21,0.373
California,,2021-01-22,0.383
California,,2021-01-23,0.409
California,,2021-01-24,0.448
California,,2021-01-25,0.475
California,,2021-01-26,0.458
California,,2021-01-27,0.473
California,,2021-01-28,0.495
California,,2021-01-29,0.516
California,,2021-01-30,0.546
California,,2021-01-31,0.58
California,,2021-02-01,0.609
California,,2021-02-02,0.625
California,,2021-02-03,0.579
California,,2021-02-04,0.578
California,,2021-02-05,0.579
California,,2021-02-06,0.594
California,,2021-02-07,0.644
California,,2021-02-08,0.672
California,,2021-02-09,0.648
California,,2021-02-10,0.652
California,,2021-02-11,0.656
California,,2021-02-12,0.671
California,,2021-02-13,0.691
California,,2021-02-14,0.722
California,,2021-02-16,0.753
California,,2021-02-17,0.752
California,,2021-02-18,0.745
California,,2021-02-19,0.76
California,,2021-02-20,0.785
California,,2021-02-21,0.812
California,,2021-02-22,0.829
California,,2021-02-23,0.76
California,,2021-02-24,0.736
California,,2021-02-25,0.736
California,,2021-02-26,0.736
California,,2021-02-27,0.739
California,,2021-02-28,0.761
California,,2021-03-01,0.786
California,,2021-03-02,0.758
California,,2021-03-03,0.762
California,,2021-03-04,0.745
California,,2021-03-05,0.74
California,,2021-03-06,0.75
Colorado,,2021-01-12,0.434
Colorado,,2021-01-13,0.452
Colorado,,2021-01-14,0.479
Colorado,,2021-01-15,0.512
Colorado,,2021-01-19,0.621
Colorado,,2021-01-20,0.539
Colorado,,2021-01-21,0.537
Colorado,,2021-01-22,0.562
Colorado,,2021-01-23,0.545
Colorado,,2021-01-24,0.627
Colorado,,2021-01-25,0.647
Colorado,,2021-01-26,0.63
Colorado,,2021-01-27,0.612
Colorado,,2021-01-28,0.614
Colorado,,2021-01-29,0.642
Colorado,,2021-01-30,0.67
Colorado,,2021-01-31,0.7
Colorado,,2021-02-01,0.725
Colorado,,2021-02-02,0.69
Colorado,,2021-02-03,0.656
Colorado,,2021-02-04,0.65
Colorado,,2021-02-05,0.669
Colorado,,2021-02-06,0.701
Colorado,,2021-02-07,0.736
Colorado,,2021-02-08,0.759
Colorado,,2021-02-09,0.725
Colorado,,2021-02-10,0.709
Colorado,,2021-02-11,0.701
Colorado,,2021-02-12,0.701
Colorado,,2021-02-13,0.732
Colorado,,2021-02-14,0.766
Colorado,,2021-02-16,0.817
Colorado,,2021-02-17,0.832
Colorado,,2021-02-18,0.821
Colorado,,2021-02-19,0.85
Colorado,,2021-02-20,0.866
Colorado,,2021-02-21,0.891
Colorado,,2021-02-22,0.913
Colorado,,2021-02-23,0.87
Colorado,,2021-02-24,0.838
Colorado,,2021-02-25,0.81
Colorado,,2021-02-26,0.798
Colorado,,2021-02-27,0.779
Colorado,,2021-02-28,0.806
Colorado,,2021-03-01,0.831
Colorado,,2021-03-02,0.818
Colorado,,2021-03-03,0.791
Colorado,,2021-03-04,0.773
Colorado,,2021-03-05,0.761
Colorado,,2021-03-06,0.782
Connecticut,,2021-01-12,0.604
Connecticut,,2021-01-13,0.514
Connecticut,,2021-01-14,0.523
Connecticut,,2021-01-15,0.565
Connecticut,,2021-01-19,0.698
Connecticut,,2021-01-20,0.565
Connecticut,,2021-01-21,0.608
Connecticut,,2021-01-22,0.602
Connecticut,,2021-01-23,0.622
Connecticut,,2021-01-24,0.653
Connecticut,,2021-01-25,0.672
Connecticut,,2021-01-26,0.664
Connecticut,,2021-01-27,0.664
Connecticut,,2021-01-28,0.667
Connecticut,,2021-01-29,0.698
Connecticut,,2021-01-30,0.728
Connecticut,,2021-01-31,0.755
Connecticut,,2021-02-01,0.776
Connecticut,,2021-02-02,0.794
Connecticut,,2021-02-03,0.764
Connecticut,,2021-02-04,0.723
Connecticut,,2021-02-05,0.752
Connecticut,,2021-02-06,0.702
Connecticut,,2021-02-07,0.721
Connecticut,,2021-02-08,0.733
Connecticut,,2021-02-09,0.693
Connecticut,,2021-02-10,0.717
Connecticut,,2021-02-11,0.739
Connecticut,,2021-02-12,0.769
Connecticut,,2021-02-13,0.773
Connecticut,,2021-02-14,0.789
Connecticut,,2021-02-16,0.778
Connecticut,,2021-02-17,0.806
Connecticut,,2021-02-18,0.832
Connecticut,,2021-02-19,0.858
Connecticut,,2021-02-20,0.861
Connecticut,,2021-02-21,0.874
Connecticut,,2021-02-22,0.897
Connecticut,,2021-02-23,0.87
Connecticut,,2021-02-24,0.83
Connecticut,,2021-02-25,0.832
Connecticut,,2021-02-26,0.801
Connecticut,,2021-02-27,0.818
Connecticut,,2021-02-28,0.838
Connecticut,,2021-03-01,0.861
Connecticut,,2021-03-02,0.811
Connecticut,,2021-03-03,0.811
Connecticut,,2021-03-04,0.808
Connecticut,,2021-03-05,0.789
Connecticut,,2021-03-06,0.807
Delaware,,2021-01-12,0.299
Delaware,,2021-01-13,0.311
Delaware,,2021-01-14,0.341
Delaware,,2021-01-15,0.341
Delaware,,2021-01-19,0.466
Delaware,,2021-01-20,0.455
Delaware,,2021-01-21,0.463
Delaware,,2021-01-22,0.466
Delaware,,2021-01-23,0.516
Delaware,,2021-01-24,0.552
Delaware,,2021-01-25,0.575
Delaware,,2021-01-26,0.53
Delaware,,2021-01-27,0.55
Delaware,,2021-01-28,0.58
Delaware,,2021-01-29,0.607
Delaware,,2021-01-30,0.643
Delaware,,2021-01-31,0.695
Delaware,,2021-02-01,0.714
Delaware,,2021-02-02,0.722
Delaware,,2021-02-03,0.695
Delaware,,2021-02-04,0.686
Delaware,,2021-02-05,0.707
Delaware,,2021-02-06,0.733
Delaware,,2021-02-07,0.764
Delaware,,2021-02-08,0.784
Delaware,,2021-02-09,0.785
Delaware,,2021-02-10,0.71
Delaware,,2021-02-11,0.732
Delaware,,2021-02-12,0.726
Delaware,,2021-02-13,0.756
Delaware,,2021-02-14,0.779
Delaware,,2021-02-16,0.806
Delaware,,2021-02-17,0.82
Delaware,,2021-02-18,0.846
Delaware,,2021-02-19,0.858
Delaware,,2021-02-20,0.884
Delaware,,2021-02-21,0.886
Delaware,,2021-02-22,0.901
Delaware,,2021-02-23,0.755
Delaware,,2021-02-24,0.693
Delaware,,2021-02-25,0.675
Delaware,,2021-02-26,0.698
Delaware,,2021-02-27,0.729
Delaware,,2021-02-28,0.752
Delaware,,2021-03-01,0.772
Delaware,,2021-03-02,0.696
Delaware,,2021-03-03,0.725
Delaware,,2021-03-04,0.708
Delaware,,2021-03-05,0.71
Delaware,,2021-03-06,0.731
Dept of Defense,,2021-01-12,0.371
Dept of Defense,,2021-01-13,0.337
Dept of Defense,,2021-01-14,0.387
Dept of Defense,,2021-01-15,0.397
Dept of Defense,,2021-01-19,0.502
Dept of Defense,,2021-01-20,0.514
Dept of Defense,,2021-01-21,0.477
Dept of Defense,,2021-01-22,0.476
Dept of Defense,,2021-01-23,0.46
Dept of Defense,,2021-01-24,0.497
Dept of Defense,,2021-01-25,0.511
Dept of Defense,,2021-01-26,0.502
Dept of Defense,,2021-01-27,0.476
Dept of Defense,,2021-01-28,0.491
Dept of Defense,,2021-01-29,0.514
Dept of Defense,,2021-01-30,0.551
Dept of Defense,,2021-01-31,0.59
Dept of Defense,,2021-02-01,0.594
Dept of Defense,,2021-02-02,0.608
Dept of Defense,,2021-02-03,0.583
Dept of Defense,,2021-02-04,0.576
Dept of Defense,,2021-02-05,0.595
Dept of Defense,,2021-02-06,0.602
Dept of Defense,,2021-02-07,0.635
Dept of Defense,,2021-02-08,0.647
Dept of Defense,,2021-02-09,0.638
Dept of Defense,,2021-02-10,0.649
Dept of Defense,,2021-02-11,0.655
Dept of Defense,,2021-02-12,0.66
Dept of Defense,,2021-02-13,0.673
Dept of Defense,,2021-02-14,0.693
Dept of Defense,,2021-02-16,0.689
Dept of Defense,,2021-02-17,0.689
Dept of Defense,,2021-02-18,0.691
Dept of Defense,,2021-02-19,0.695
Dept of Defense,,2021-02-20,0.703
Dept of Defense,,2021-02-21,0.724
Dept of Defense,,2021-02-22,0.733
Dept of Defense,,2021-02-23,0.718
Dept of Defense,,2021-02-24,0.684
Dept of Defense,,2021-02-25,0.687
Dept of Defense,,2021-02-26,0.657
Dept of Defense,,2021-02-27,0.668
Dept of Defense,,2021-02-28,0.692
Dept of Defense,,2021-03-01,0.693
Dept of Defense,,2021-03-02,0.684
Dept of Defense,,2021-03-03,0.654
Dept of Defense,,2021-03-04,0.639
Dept of Defense,,2021-03-05,0.636
Dept of Defense,,2021-03-06,0.64
District of Columbia,,2021-01-12,0.475
District of Columbia,,2021-01-13,0.484
District of Columbia,,2021-01-14,0.537
District of Columbia,,2021-01-15,0.584
District of Columbia,,2021-01-19,0.732
District of Columbia,,2021-01-20,0.688
District of Columbia,,2021-01-21,0.733
District of Columbia,,2021-01-22,0.63
District of Columbia,,2021-01-23,0.657
District of Columbia,,2021-01-24,0.685
District of Columbia,,2021-01-25,0.705
District of Columbia,,2021-01-26,0.663
District of Columbia,,2021-01-27,0.633
District of Columbia,,2021-01-28,0.49
District of Columbia,,2021-01-29,0.494
District of Columbia,,2021-01-30,0.516
District of Columbia,,2021-01-31,0.542
District of Columbia,,2021-02-01,0.556
District of Columbia,,2021-02-02,0.568
District of Columbia,,2021-02-03,0.532
District of Columbia,,2021-02-04,0.571
District of Columbia,,2021-02-05,0.592
District of Columbia,,2021-02-06,0.611
District of Columbia,,2021-02-07,0.634
District of Columbia,,2021-02-08,0.65
District of Columbia,,2021-02-09,0.65
District of Columbia,,2021-02-10,0.604
District of Columbia,,2021-02-11,0.577
District of Columbia,,2021-02-12,0.589
District of Columbia,,2021-02-13,0.6
District of Columbia,,2021-02-14,0.626
District of Columbia,,2021-02-16,0.652
District of Columbia,,2021-02-17,0.663
District of Columbia,,2021-02-18,0.673
District of Columbia,,2021-02-19,0.698
District of Columbia,,2021-02-20,0.709
District of Columbia,,2021-02-21,0.723
District of Columbia,,2021-02-22,0.729
District of Columbia,,2021-02-23,0.669
District of Columbia,,2021-02-24,0.633
District of Columbia,,2021-02-25,0.636
District of Columbia,,2021-02-26,0.627
District of Columbia,,2021-02-27,0.649
District of Columbia,,2021-02-28,0.684
District of Columbia,,2021-03-01,0.696
District of Columbia,,2021-03-02,0.671
District of Columbia,,2021-03-03,0.652
District of Columbia,,2021-03-04,0.639
District of Columbia,,2021-03-05,0.628
District of Columbia,,2021-03-06,0.655
Federated States of Micronesia,,2021-01-12,0.043
Federated States of Micronesia,,2021-01-13,0.058
Federated States of Micronesia,,2021-01-14,0.062
Federated States of Micronesia,,2021-01-15,0.071
Federated States of Micronesia,,2021-01-19,0.147
Federated States of Micronesia,,2021-01-20,0.179
Federated States of Micronesia,,2021-01-21,0.213
Federated States of Micronesia,,2021-01-22,0.257
Federated States of Micronesia,,2021-01-23,0.202
Federated States of Micronesia,,2021-01-24,0.202
Federated States of Micronesia,,2021-01-25,0.142
Federated States of Micronesia,,2021-01-26,0.153
Federated States of Micronesia,,2021-01-27,0.167
Federated States of Micronesia,,2021-01-28,0.181
Federated States of Micronesia,,2021-01-29,0.204
Federated States of Micronesia,,2021-01-30,0.204
Federated States of Micronesia,,2021-01-31,0.204
Federated States of Micronesia,,2021-02-01,0.263
Federated States of Micronesia,,2021-02-02,0.295
Federated States of Micronesia,,2021-02-03,0.322
Federated States of Micronesia,,2021-02-04,0.306
Federated States of Micronesia,,2021-02-05,0.32
Federated States of Micronesia,,2021-02-06,0.335
Federated States of Micronesia,,2021-02-07,0.339
Federated States of Micronesia,,2021-02-08,0.34
Federated States of Micronesia,,2021-02-09,0.258
Federated States of Micronesia,,2021-02-10,0.267
Federated States of Micronesia,,2021-02-11,0.279
Federated States of Micronesia,,2021-02-12,0.292
Federated States of Micronesia,,2021-02-13,0.308
Federated States of Micronesia,,2021-02-14,0.314
Federated States of Micronesia,,2021-02-16,0.333
Federated States of Micronesia,,2021-02-17,0.353
Federated States of Micronesia,,2021-02-18,0.371
Federated States of Micronesia,,2021-02-19,0.386
Federated States of Micronesia,,2021-02-20,0.386
Federated States of Micronesia,,2021-02-21,0.407
Federated States of Micronesia,,2021-02-22,0.407
Federated States of Micronesia,,2021-02-23,0.407
Federated States of Micronesia,,2021-02-24,0.433
Federated States of Micronesia,,2021-02-25,0.444
Federated States of Micronesia,,2021-02-26,0.461
Federated States of Micronesia,,2021-02-27,0.477
Federated States of Micronesia,,2021-02-28,0.49
Federated States of Micronesia,,2021-03-01,0.501
Federated States of Micronesia,,2021-03-02,0.524
Federated States of Micronesia,,2021-03-03,0.54
Federated States of Micronesia,,2021-03-04,0.488
Federated States of Micronesia,,2021-03-05,0.503
Federated States of Micronesia,,2021-03-06,0.518
Florida,,2021-01-12,0.378
Florida,,2021-01-13,0.42
Florida,,2021-01-14,0.393
Florida,,2021-01-15,0.412
Florida,,2021-01-19,0.568
Florida,,2021-01-20,0.487
Florida,,2021-01-21,0.487
Florida,,2021-01-22,0.502
Florida,,2021-01-23,0.512
Florida,,2021-01-24,0.531
Florida,,2021-01-25,0.531
Florida,,2021-01-26,0.509
Florida,,2021-01-27,0.527
Florida,,2021-01-28,0.551
Florida,,2021-01-29,0.558
Florida,,2021-01-30,0.557
Florida,,2021-01-31,0.577
Florida,,2021-02-01,0.59
Florida,,2021-02-02,0.56
Florida,,2021-02-03,0.583
Florida,,2021-02-04,0.608
Florida,,2021-02-05,0.596
Florida,,2021-02-06,0.629
Florida,,2021-02-07,0.688
Florida,,2021-02-08,0.688
Florida,,2021-02-09,0.648
Florida,,2021-02-10,0.666
Florida,,2021-02-11,0.685
Florida,,2021-02-12,0.742
Florida,,2021-02-13,0.755
Florida,,2021-02-14,0.768
Florida,,2021-02-16,0.783
Florida,,2021-02-17,0.788
Florida,,2021-02-18,0.812
Florida,,2021-02-19,0.844
Florida,,2021-02-20,0.821
Florida,,2021-02-21,0.857
Florida,,2021-02-22,0.857
Florida,,2021-02-23,0.804
Florida,,2021-02-24,0.751
Florida,,2021-02-25,0.766
Florida,,2021-02-26,0.773
Florida,,2021-02-27,0.764
Florida,,2021-02-28,0.799
Florida,,2021-03-01,0.8
Florida,,2021-03-02,0.753
Florida,,2021-03-03,0.727
Florida,,2021-03-04,0.738
Florida,,2021-03-05,0.724
Florida,,2021-03-06,0.732
Georgia,GEO,2021-01-12,0.177
Georgia,GEO,2021-01-13,0.198
Georgia,GEO,2021-01-14,0.229
Georgia,GEO,2021-01-15,0.229
Georgia,GEO,2021-01-19,0.309
Georgia,GEO,2021-01-20,0.369
Georgia,GEO,2021-01-21,0.39
Georgia,GEO,2021-01-22,0.489
Georgia,GEO,2021-01-23,0.489
Georgia,GEO,2021-01-24,0.489
Georgia,GEO,2021-01-25,0.489
Georgia,GEO,2021-01-26,0.51
Georgia,GEO,2021-01-27,0.505
Georgia,GEO,2021-01-28,0.53
Georgia,GEO,2021-01-29,0.559
Georgia,GEO,2021-01-30,0.591
Georgia,GEO,2021-01-31,0.625
Georgia,GEO,2021-02-01,0.642
Georgia,GEO,2021-02-02,0.604
Georgia,GEO,2021-02-03,0.595
Georgia,GEO,2021-02-04,0.598
Georgia,GEO,2021-02-05,0.623
Georgia,GEO,2021-02-06,0.651
Georgia,GEO,2021-02-07,0.679
Georgia,GEO,2021-02-08,0.692
Georgia,GEO,2021-02-09,0.641
Georgia,GEO,2021-02-10,0.639
Georgia,GEO,2021-02-11,0.631
Georgia,GEO,2021-02-12,0.631
Georgia,GEO,2021-02-13,0.658
Georgia,GEO,2021-02-14,0.712
Georgia,GEO,2021-02-16,0.692
Georgia,GEO,2021-02-17,0.691
Georgia,GEO,2021-02-18,0.731
Georgia,GEO,2021-02-19,0.753
Georgia,GEO,2021-02-20,0.78
Georgia,GEO,2021-02-21,0.807
Georgia,GEO,2021-02-22,0.817
Georgia,GEO,2021-02-23,0.794
Georgia,GEO,2021-02-24,0.757
Georgia,GEO,2021-02-25,0.742
Georgia,GEO,2021-02-26,0.709
Georgia,GEO,2021-02-27,0.718
Georgia,GEO,2021-02-28,0.719
Georgia,GEO,2021-03-01,0.719
Georgia,GEO,2021-03-02,0.68
Georgia,GEO,2021-03-03,0.676
Georgia,GEO,2021-03-04,0.655
Georgia,GEO,2021-03-05,0.667
Georgia,GEO,2021-03-06,0.671
Guam,GUM,2021-01-12,0.143
Guam,GUM,2021-01-13,0.111
Guam,GUM,2021-01-14,0.111
Guam,GUM,2021-01-15,0.111
Guam,GUM,2021-01-19,0.111
Guam,GUM,2021-01-20,0.111
Guam,GUM,2021-01-21,0.111
Guam,GUM,2021-01-22,0.111
Guam,GUM,2021-01-23,0.111
Guam,GUM,2021-01-24,0.111
Guam,GUM,2021-01-25,0.111
Guam,GUM,2021-01-26,0.505
Guam,GUM,2021-01-27,0.532
Guam,GUM,2021-01-28,0.569
Guam,GUM,2021-01-29,0.62
Guam,GUM,2021-01-30,0.655
Guam,GUM,2021-01-31,0.655
Guam,GUM,2021-02-01,0.684
Guam,GUM,2021-02-02,0.57
Guam,GUM,2021-02-03,0.599
Guam,GUM,2021-02-04,0.508
Guam,GUM,2021-02-05,0.534
Guam,GUM,2021-02-06,0.565
Guam,GUM,2021-02-07,0.576
Guam,GUM,2021-02-08,0.579
Guam,GUM,2021-02-09,0.603
Guam,GUM,2021-02-10,0.632
Guam,GUM,2021-02-11,0.663
Guam,GUM,2021-02-12,0.7
Guam,GUM,2021-02-13,0.736
Guam,GUM,2021-02-14,0.753
Guam,GUM,2021-02-16,0.77
Guam,GUM,2021-02-17,0.799
Guam,GUM,2021-02-18,0.832
Guam,GUM,2021-02-19,0.914
Guam,GUM,2021-02-20,0.943
Guam,GUM,2021-02-21,0.945
Guam,GUM,2021-02-22,0.967
Guam,GUM,2021-02-23,0.984
Guam,GUM,2021-02-24,1.004
Guam,GUM,2021-02-25,1.027
Guam,GUM,2021-02-26,1.027
Guam,GUM,2021-02-27,1.057
Guam,GUM,2021-02-28,1.076
Guam,GUM,2021-03-01,1.077
Guam,GUM,2021-03-02,0.846
Guam,GUM,2021-03-03,0.64
Guam,GUM,2021-03-04,0.648
Guam,GUM,2021-03-05,0.652
Guam,GUM,2021-03-06,0.643
Hawaii,,2021-01-12,0.236
Hawaii,,2021-01-13,0.237
Hawaii,,2021-01-14,0.311
Hawaii,,2021-01-15,0.305
Hawaii,,2021-01-19,0.415
Hawaii,,2021-01-20,0.467
Hawaii,,2021-01-21,0.419
Hawaii,,2021-01-22,0.443
Hawaii,,2021-01-23,0.443
Hawaii,,2021-01-24,0.443
Hawaii,,2021-01-25,0.481
Hawaii,,2021-01-26,0.446
Hawaii,,2021-01-27,0.449
Hawaii,,2021-01-28,0.459
Hawaii,,2021-01-29,0.49
Hawaii,,2021-01-30,0.53
Hawaii,,2021-01-31,0.568
Hawaii,,2021-02-01,0.597
Hawaii,,2021-02-02,0.559
Hawaii,,2021-02-03,0.568
Hawaii,,2021-02-04,0.575
Hawaii,,2021-02-05,0.646
Hawaii,,2021-02-06,0.681
Hawaii,,2021-02-07,0.711
Hawaii,,2021-02-08,0.738
Hawaii,,2021-02-09,0.679
Hawaii,,2021-02-10,0.655
Hawaii,,2021-02-11,0.651
Hawaii,,2021-02-12,0.673
Hawaii,,2021-02-13,0.702
Hawaii,,2021-02-14,0.725
Hawaii,,2021-02-16,0.762
Hawaii,,2021-02-17,0.75
Hawaii,,2021-02-18,0.771
Hawaii,,2021-02-19,0.758
Hawaii,,2021-02-20,0.786
Hawaii,,2021-02-21,0.812
Hawaii,,2021-02-22,0.833
Hawaii,,2021-02-23,0.742
Hawaii,,2021-02-24,0.74
Hawaii,,2021-02-25,0.731
Hawaii,,2021-02-26,0.727
Hawaii,,2021-02-27,0.745
Hawaii,,2021-02-28,0.769
Hawaii,,2021-03-01,0.783
Hawaii,,2021-03-02,0.732
Hawaii,,2021-03-03,0.717
Hawaii,,2021-03-04,0.72
Hawaii,,2021-03-05,0.714
Hawaii,,2021-03-06,0.726
Idaho,,2021-01-12,0.244
Idaho,,2021-01-13,0.246
Idaho,,2021-01-14,0.266
Idaho,,2021-01-15,0.291
Idaho,,2021-01-19,0.4
Idaho,,2021-01-20,0.415
Idaho,,2021-01-21,0.412
Idaho,,2021-01-22,0.431
Idaho,,2021-01-23,0.456
Idaho,,2021-01-24,0.481
Idaho,,2021-01-25,0.504
Idaho,,2021-01-26,0.51
Idaho,,2021-01-27,0.477
Idaho,,2021-01-28,0.488
Idaho,,2021-01-29,0.491
Idaho,,2021-01-30,0.518
Idaho,,2021-01-31,0.546
Idaho,,2021-02-01,0.561
Idaho,,2021-02-02,0.584
Idaho,,2021-02-03,0.538
Idaho,,2021-02-04,0.541
Idaho,,2021-02-05,0.608
Idaho,,2021-02-06,0.661
Idaho,,2021-02-07,0.697
Idaho,,2021-02-08,0.734
Idaho,,2021-02-09,0.705
Idaho,,2021-02-10,0.662
Idaho,,2021-02-11,0.669
Idaho,,2021-02-12,0.667
Idaho,,2021-02-13,0.674
Idaho,,2021-02-14,0.735
Idaho,,2021-02-16,0.79
Idaho,,2021-02-17,0.808
Idaho,,2021-02-18,0.827
Idaho,,2021-02-19,0.853
Idaho,,2021-02-20,0.875
Idaho,,2021-02-21,0.911
Idaho,,2021-02-22,0.939
Idaho,,2021-02-23,0.876
Idaho,,2021-02-24,0.821
Idaho,,2021-02-25,0.826
Idaho,,2021-02-26,0.799
Idaho,,2021-02-27,0.78
Idaho,,2021-02-28,0.809
Idaho,,2021-03-01,0.833
Idaho,,2021-03-02,0.792
Idaho,,2021-03-03,0.798
Idaho,,2021-03-04,0.784
Idaho,,2021-03-05,0.751
Idaho,,2021-03-06,0.77
Illinois,,2021-01-12,0.384
Illinois,,2021-01-13,0.398
Illinois,,2021-01-14,0.421
Illinois,,2021-01-15,0.433
Illinois,,2021-01-19,0.519
Illinois,,2021-01-20,0.494
Illinois,,2021-01-21,0.486
Illinois,,2021-01-22,0.502
Illinois,,2021-01-23,0.462
Illinois,,2021-01-24,0.493
Illinois,,2021-01-25,0.51
Illinois,,2021-01-26,0.476
Illinois,,2021-01-27,0.482
Illinois,,2021-01-28,0.505
Illinois,,2021-01-29,0.533
Illinois,,2021-01-30,0.559
Illinois,,2021-01-31,0.596
Illinois,,2021-02-01,0.622
Illinois,,2021-02-02,0.577
Illinois,,2021-02-03,0.558
Illinois,,2021-02-04,0.574
Illinois,,2021-02-05,0.597
Illinois,,2021-02-06,0.637
Illinois,,2021-02-07,0.671
Illinois,,2021-02-08,0.698
Illinois,,2021-02-09,0.67
Illinois,,2021-02-10,0.662
Illinois,,2021-02-11,0.654
Illinois,,2021-02-12,0.675
Illinois,,2021-02-13,0.692
Illinois,,2021-02-14,0.722
Illinois,,2021-02-16,0.734
Illinois,,2021-02-17,0.741
Illinois,,2021-02-18,0.753
Illinois,,2021-02-19,0.754
Illinois,,2021-02-20,0.773
Illinois,,2021-02-21,0.8
Illinois,,2021-02-22,0.805
Illinois,,2021-02-23,0.804
Illinois,,2021-02-24,0.74
Illinois,,2021-02-25,0.72
Illinois,,2021-02-26,0.742
Illinois,,2021-02-27,0.765
Illinois,,2021-02-28,0.79
Illinois,,2021-03-01,0.813
Illinois,,2021-03-02,0.795
Illinois,,2021-03-03,0.77
Illinois,,2021-03-04,0.759
Illinois,,2021-03-05,0.739
Illinois,,2021-03-06,0.763
Indian Health Svc,,2021-01-12,0.305
Indian Health Svc,,2021-01-13,0.256
Indian Health Svc,,2021-01-14,0.28
Indian Health Svc,,2021-01-15,0.308
Indian Health Svc,,2021-01-19,0.356
Indian Health Svc,,2021-01-20,0.346
Indian Health Svc,,2021-01-21,0.362
Indian Health Svc,,2021-01-22,0.348
Indian Health Svc,,2021-01-23,0.402
Indian Health Svc,,2021-01-24,0.43
Indian Health Svc,,2021-01-25,0.435
Indian Health Svc,,2021-01-26,0.442
Indian Health Svc,,2021-01-27,0.429
Indian Health Svc,,2021-01-28,0.443
Indian Health Svc,,2021-01-29,0.451
Indian Health Svc,,2021-01-30,0.46
Indian Health Svc,,2021-01-31,0.495
Indian Health Svc,,2021-02-01,0.497
Indian Health Svc,,2021-02-02,0.486
Indian Health Svc,,2021-02-03,0.486
Indian Health Svc,,2021-02-04,0.5
Indian Health Svc,,2021-02-05,0.496
Indian Health Svc,,2021-02-06,0.56
Indian Health Svc,,2021-02-07,0.572
Indian Health Svc,,2021-02-08,0.591
Indian Health Svc,,2021-02-09,0.603
Indian Health Svc,,2021-02-10,0.463
Indian Health Svc,,2021-02-11,0.479
Indian Health Svc,,2021-02-12,0.51
Indian Health Svc,,2021-02-13,0.525
Indian Health Svc,,2021-02-14,0.544
Indian Health Svc,,2021-02-16,0.553
Indian Health Svc,,2021-02-17,0.561
Indian Health Svc,,2021-02-18,0.575
Indian Health Svc,,2021-02-19,0.578
Indian Health Svc,,2021-02-20,0.562
Indian Health Svc,,2021-02-21,0.581
Indian Health Svc,,2021-02-22,0.603
Indian Health Svc,,2021-02-23,0.608
Indian Health Svc,,2021-02-24,0.567
Indian Health Svc,,2021-02-25,0.592
Indian Health Svc,,2021-02-26,0.609
Indian Health Svc,,2021-02-27,0.619
Indian Health Svc,,2021-02-28,0.638
Indian Health Svc,,2021-03-01,0.656
Indian Health Svc,,2021-03-02,0.666
Indian Health Svc,,2021-03-03,0.62
Indian Health Svc,,2021-03-04,0.547
Indian Health Svc,,2021-03-05,0.553
Indian Health Svc,,2021-03-06,0.572
Indiana,,2021-01-12,0.355
Indiana,,2021-01-13,0.365
Indiana,,2021-01-14,0.371
Indiana,,2021-01-15,0.405
Indiana,,2021-01-19,0.521
Indiana,,2021-01-20,0.481
Indiana,,2021-01-21,0.474
Indiana,,2021-01-22,0.493
Indiana,,2021-01-23,0.53
Indiana,,2021-01-24,0.53
Indiana,,2021-01-25,0.584
Indiana,,2021-01-26,0.554
Indiana,,2021-01-27,0.569
Indiana,,2021-01-28,0.597
Indiana,,2021-01-29,0.625
Indiana,,2021-01-30,0.652
Indiana,,2021-01-31,0.652
Indiana,,2021-02-01,0.652
Indiana,,2021-02-02,0.561
Indiana,,2021-02-03,0.576
Indiana,,2021-02-04,0.601
Indiana,,2021-02-05,0.636
Indiana,,2021-02-06,0.67
Indiana,,2021-02-07,0.67
Indiana,,2021-02-08,0.67
Indiana,,2021-02-09,0.631
Indiana,,2021-02-10,0.616
Indiana,,2021-02-11,0.616
Indiana,,2021-02-12,0.642
Indiana,,2021-02-13,0.734
Indiana,,2021-02-14,0.763
Indiana,,2021-02-16,0.755
Indiana,,2021-02-17,0.769
Indiana,,2021-02-18,0.775
Indiana,,2021-02-19,0.803
Indiana,,2021-02-20,0.83
Indiana,,2021-02-21,0.854
Indiana,,2021-02-22,0.869
Indiana,,2021-02-23,0.762
Indiana,,2021-02-24,0.785
Indiana,,2021-02-25,0.806
Indiana,,2021-02-26,0.821
Indiana,,2021-02-27,0.84
Indiana,,2021-02-28,0.86
Indiana,,2021-03-01,0.874
Indiana,,2021-03-02,0.791
Indiana,,2021-03-03,0.795
Indiana,,2021-03-04,0.796
Indiana,,2021-03-05,0.798
Indiana,,2021-03-06,0.816
Iowa,,2021-01-12,0.472
Iowa,,2021-01-13,0.424
Iowa,,2021-01-14,0.418
Iowa,,2021-01-15,0.45
Iowa,,2021-01-19,0.539
Iowa,,2021-01-20,0.515
Iowa,,2021-01-21,0.483
Iowa,,2021-01-22,0.503
Iowa,,2021-01-23,0.498
Iowa,,2021-01-24,0.529
Iowa,,2021-01-25,0.543
Iowa,,2021-01-26,0.548
Iowa,,2021-01-27,0.563
Iowa,,2021-01-28,0.543
Iowa,,2021-01-29,0.563
Iowa,,2021-01-30,0.569
Iowa,,2021-01-31,0.603
Iowa,,2021-02-01,0.616
Iowa,,2021-02-02,0.625
Iowa,,2021-02-03,0.597
Iowa,,2021-02-04,0.593
Iowa,,2021-02-05,0.578
Iowa,,2021-02-06,0.604
Iowa,,2021-02-07,0.643
Iowa,,2021-02-08,0.676
Iowa,,2021-02-09,0.689
Iowa,,2021-02-10,0.682
Iowa,,2021-02-11,0.669
Iowa,,2021-02-12,0.691
Iowa,,2021-02-13,0.726
Iowa,,2021-02-14,0.764
Iowa,,2021-02-16,0.79
Iowa,,2021-02-17,0.8
Iowa,,2021-02-18,0.783
Iowa,,2021-02-19,0.825
Iowa,,2021-02-20,0.816
Iowa,,2021-02-21,0.847
Iowa,,2021-02-22,0.863
Iowa,,2021-02-23,0.824
Iowa,,2021-02-24,0.784
Iowa,,2021-02-25,0.754
Iowa,,2021-02-26,0.75
Iowa,,2021-02-27,0.759
Iowa,,2021-02-28,0.791
Iowa,,2021-03-01,0.815
Iowa,,2021-03-02,0.788
Iowa,,2021-03-03,0.767
Iowa,,2021-03-04,0.758
Iowa,,2021-03-05,0.75
Iowa,,2021-03-06,0.778
Kansas,,2021-01-12,0.405
Kansas,,2021-01-13,0.328
Kansas,,2021-01-14,0.348
Kansas,,2021-01-15,0.372
Kansas,,2021-01-19,0.45
Kansas,,2021-01-20,0.462
Kansas,,2021-01-21,0.418
Kansas,,2021-01-22,0.407
Kansas,,2021-01-23,0.416
Kansas,,2021-01-24,0.434
Kansas,,2021-01-25,0.444
Kansas,,2021-01-26,0.456
Kansas,,2021-01-27,0.429
Kansas,,2021-01-28,0.469
Kansas,,2021-01-29,0.462
Kansas,,2021-01-30,0.5
Kansas,,2021-01-31,0.536
Kansas,,2021-02-01,0.549
Kansas,,2021-02-02,0.559
Kansas,,2021-02-03,0.512
Kansas,,2021-02-04,0.533
Kansas,,2021-02-05,0.536
Kansas,,2021-02-06,0.569
Kansas,,2021-02-07,0.602
Kansas,,2021-02-08,0.616
Kansas,,2021-02-09,0.621
Kansas,,2021-02-10,0.577
Kansas,,2021-02-11,0.59
Kansas,,2021-02-12,0.603
Kansas,,2021-02-13,0.632
Kansas,,2021-02-14,0.67
Kansas,,2021-02-16,0.683
Kansas,,2021-02-17,0.696
Kansas,,2021-02-18,0.718
Kansas,,2021-02-19,0.747
Kansas,,2021-02-20,0.757
Kansas,,2021-02-21,0.789
Kansas,,2021-02-22,0.797
Kansas,,2021-02-23,0.739
Kansas,,2021-02-24,0.704
Kansas,,2021-02-25,0.646
Kansas,,2021-02-26,0.651
Kansas,,2021-02-27,0.673
Kansas,,2021-02-28,0.703
Kansas,,2021-03-01,0.716
Kansas,,2021-03-02,0.725
Kansas,,2021-03-03,0.642
Kansas,,2021-03-04,0.633
Kansas,,2021-03-05,0.629
Kansas,,2021-03-06,0.648
Kentucky,,2021-01-12,0.401
Kentucky,,2021-01-13,0.432
Kentucky,,2021-01-14,0.468
Kentucky,,2021-01-15,0.518
Kentucky,,2021-01-19,0.64
Kentucky,,2021-01-20,0.504
Kentucky,,2021-01-21,0.522
Kentucky,,2021-01-22,0.545
Kentucky,,2021-01-23,0.575
Kentucky,,2021-01-24,0.636
Kentucky,,2021-01-25,0.653
Kentucky,,2021-01-26,0.56
Kentucky,,2021-01-27,0.552
Kentucky,,2021-01-28,0.56
Kentucky,,2021-01-29,0.564
Kentucky,,2021-01-30,0.594
Kentucky,,2021-01-31,0.622
Kentucky,,2021-02-01,0.639
Kentucky,,2021-02-02,0.613
Kentucky,,2021-02-03,0.605
Kentucky,,2021-02-04,0.611
Kentucky,,2021-02-05,0.648
Kentucky,,2021-02-06,0.692
Kentucky,,2021-02-07,0.734
Kentucky,,2021-02-08,0.756
Kentucky,,2021-02-09,0.686
Kentucky,,2021-02-10,0.696
Kentucky,,2021-02-11,0.689
Kentucky,,2021-02-12,0.721
Kentucky,,2021-02-13,0.728
Kentucky,,2021-02-14,0.761
Kentucky,,2021-02-16,0.787
Kentucky,,2021-02-17,0.79
Kentucky,,2021-02-18,0.764
Kentucky,,2021-02-19,0.78
Kentucky,,2021-02-20,0.798
Kentucky,,2021-02-21,0.819
Kentucky,,2021-02-22,0.834
Kentucky,,2021-02-23,0.721
Kentucky,,2021-02-24,0.726
Kentucky,,2021-02-25,0.738
Kentucky,,2021-02-26,0.724
Kentucky,,2021-02-27,0.744
Kentucky,,2021-02-28,0.774
Kentucky,,2021-03-01,0.795
Kentucky,,2021-03-02,0.748
Kentucky,,2021-03-03,0.754
Kentucky,,2021-03-04,0.771
Kentucky,,2021-03-05,0.756
Kentucky,,2021-03-06,0.777
Long Term Care,,2021-01-12,0.217
Long Term Care,,2021-01-13,0.238
Long Term Care,,2021-01-14,0.26
Louisiana,,2021-01-12,0.388
Louisiana,,2021-01-13,0.423
Louisiana,,2021-01-14,0.475
Louisiana,,2021-01-15,0.535
Louisiana,,2021-01-19,0.69
Louisiana,,2021-01-20,0.544
Louisiana,,2021-01-21,0.567
Louisiana,,2021-01-22,0.588
Louisiana,,2021-01-23,0.579
Louisiana,,2021-01-24,0.614
Louisiana,,2021-01-25,0.628
Louisiana,,2021-01-26,0.574
Louisiana,,2021-01-27,0.578
Louisiana,,2021-01-28,0.606
Louisiana,,2021-01-29,0.642
Louisiana,,2021-01-30,0.649
Louisiana,,2021-01-31,0.684
Louisiana,,2021-02-01,0.714
Louisiana,,2021-02-02,0.646
Louisiana,,2021-02-03,0.655
Louisiana,,2021-02-04,0.683
Louisiana,,2021-02-05,0.719
Louisiana,,2021-02-06,0.741
Louisiana,,2021-02-07,0.779
Louisiana,,2021-02-08,0.798
Louisiana,,2021-02-09,0.704
Louisiana,,2021-02-10,0.724
Louisiana,,2021-02-11,0.714
Louisiana,,2021-02-12,0.783
Louisiana,,2021-02-13,0.822
Louisiana,,2021-02-14,0.859
Louisiana,,2021-02-16,0.877
Louisiana,,2021-02-17,0.879
Louisiana,,2021-02-18,0.857
Louisiana,,2021-02-19,0.87
Louisiana,,2021-02-20,0.867
Louisiana,,2021-02-21,0.858
Louisiana,,2021-02-22,0.866
Louisiana,,2021-02-23,0.805
Louisiana,,2021-02-24,0.738
Louisiana,,2021-02-25,0.746
Louisiana,,2021-02-26,0.763
Louisiana,,2021-02-27,0.765
Louisiana,,2021-02-28,0.794
Louisiana,,2021-03-01,0.808
Louisiana,,2021-03-02,0.733
Louisiana,,2021-03-03,0.747
Louisiana,,2021-03-04,0.751
Louisiana,,2021-03-05,0.748
Louisiana,,2021-03-06,0.719
Maine,,2021-01-12,0.413
Maine,,2021-01-13,0.418
Maine,,2021-01-14,0.447
Maine,,2021-01-15,0.447
Maine,,2021-01-19,0.54
Maine,,2021-01-20,0.489
Maine,,2021-01-21,0.487
Maine,,2021-01-22,0.49
Maine,,2021-01-23,0.521
Maine,,2021-01-24,0.559
Maine,,2021-01-25,0.583
Maine,,2021-01-26,0.536
Maine,,2021-01-27,0.534
Maine,,2021-01-28,0.553
Maine,,2021-01-29,0.584
Maine,,2021-01-30,0.623
Maine,,2021-01-31,0.662
Maine,,2021-02-01,0.687
Maine,,2021-02-02,0.657
Maine,,2021-02-03,0.644
Maine,,2021-02-04,0.603
Maine,,2021-02-05,0.626
Maine,,2021-02-06,0.662
Maine,,2021-02-07,0.701
Maine,,2021-02-08,0.701
Maine,,2021-02-09,0.678
Maine,,2021-02-10,0.676
Maine,,2021-02-11,0.645
Maine,,2021-02-12,0.645
Maine,,2021-02-13,0.645
Maine,,2021-02-14,0.645
Maine,,2021-02-16,0.749
Maine,,2021-02-17,0.753
Maine,,2021-02-18,0.753
Maine,,2021-02-19,0.8
Maine,,2021-02-20,0.8
Maine,,2021-02-21,0.801
Maine,,2021-02-22,0.886
Maine,,2021-02-23,0.843
Maine,,2021-02-24,0.788
Maine,,2021-02-25,0.767
Maine,,2021-02-26,0.742
Maine,,2021-02-27,0.799
Maine,,2021-02-28,0.8
Maine,,2021-03-01,0.803
Maine,,2021-03-02,0.741
Maine,,2021-03-03,0.719
Maine,,2021-03-04,0.686
Maine,,2021-03-05,0.759
Maine,,2021-03-06,0.791
Marshall Islands,MHL,2021-01-12,0.047
Marshall Islands,MHL,2021-01-13,0.048
Marshall Islands,MHL,2021-01-14,0.048
Marshall Islands,MHL,2021-01-15,0.048
Marshall Islands,MHL,2021-01-19,0.094
Marshall Islands,MHL,2021-01-20,0.111
Marshall Islands,MHL,2021-01-21,0.146
Marshall Islands,MHL,2021-01-22,0.179
Marshall Islands,MHL,2021-01-23,0.211
Marshall Islands,MHL,2021-01-24,0.228
Marshall Islands,MHL,2021-01-25,0.228
Marshall Islands,MHL,2021-01-26,0.241
Marshall Islands,MHL,2021-01-27,0.26
Marshall Islands,MHL,2021-01-28,0.276
Marshall Islands,MHL,2021-01-29,0.289
Marshall Islands,MHL,2021-01-30,0.294
Marshall Islands,MHL,2021-01-31,0.303
Marshall Islands,MHL,2021-02-01,0.303
Marshall Islands,MHL,2021-02-02,0.313
Marshall Islands,MHL,2021-02-03,0.203
Marshall Islands,MHL,2021-02-04,0.211
Marshall Islands,MHL,2021-02-05,0.217
Marshall Islands,MHL,2021-02-06,0.226
Marshall Islands,MHL,2021-02-07,0.234
Marshall Islands,MHL,2021-02-08,0.234
Marshall Islands,MHL,2021-02-09,0.245
Marshall Islands,MHL,2021-02-10,0.25
Marshall Islands,MHL,2021-02-11,0.259
Marshall Islands,MHL,2021-02-12,0.267
Marshall Islands,MHL,2021-02-13,0.273
Marshall Islands,MHL,2021-02-14,0.283
Marshall Islands,MHL,2021-02-16,0.307
Marshall Islands,MHL,2021-02-17,0.308
Marshall Islands,MHL,2021-02-18,0.322
Marshall Islands,MHL,2021-02-19,0.353
Marshall Islands,MHL,2021-02-20,0.368
Marshall Islands,MHL,2021-02-21,0.415
Marshall Islands,MHL,2021-02-22,0.425
Marshall Islands,MHL,2021-02-23,0.451
Marshall Islands,MHL,2021-02-24,0.476
Marshall Islands,MHL,2021-02-25,0.493
Marshall Islands,MHL,2021-02-26,0.512
Marshall Islands,MHL,2021-02-27,0.512
Marshall Islands,MHL,2021-02-28,0.533
Marshall Islands,MHL,2021-03-01,0.533
Marshall Islands,MHL,2021-03-02,0.541
Marshall Islands,MHL,2021-03-03,0.324
Marshall Islands,MHL,2021-03-04,0.346
Marshall Islands,MHL,2021-03-05,0.36
Marshall Islands,MHL,2021-03-06,0.38
Maryland,,2021-01-12,0.265
Maryland,,2021-01-13,0.317
Maryland,,2021-01-14,0.315
Maryland,,2021-01-15,0.345
Maryland,,2021-01-19,0.438
Maryland,,2021-01-20,0.411
Maryland,,2021-01-21,0.397
Maryland,,2021-01-22,0.398
Maryland,,2021-01-23,0.414
Maryland,,2021-01-24,0.456
Maryland,,2021-01-25,0.473
Maryland,,2021-01-26,0.465
Maryland,,2021-01-27,0.474
Maryland,,2021-01-28,0.484
Maryland,,2021-01-29,0.502
Maryland,,2021-01-30,0.538
Maryland,,2021-01-31,0.571
Maryland,,2021-02-01,0.597
Maryland,,2021-02-02,0.597
Maryland,,2021-02-03,0.57
Maryland,,2021-02-04,0.582
Maryland,,2021-02-05,0.588
Maryland,,2021-02-06,0.609
Maryland,,2021-02-07,0.646
Maryland,,2021-02-08,0.664
Maryland,,2021-02-09,0.631
Maryland,,2021-02-10,0.655
Maryland,,2021-02-11,0.627
Maryland,,2021-02-12,0.655
Maryland,,2021-02-13,0.681
Maryland,,2021-02-14,0.713
Maryland,,2021-02-16,0.721
Maryland,,2021-02-17,0.724
Maryland,,2021-02-18,0.744
Maryland,,2021-02-19,0.705
Maryland,,2021-02-20,0.727
Maryland,,2021-02-21,0.75
Maryland,,2021-02-22,0.767
Maryland,,2021-02-23,0.693
Maryland,,2021-02-24,0.694
Maryland,,2021-02-25,0.668
Maryland,,2021-02-26,0.682
Maryland,,2021-02-27,0.697
Maryland,,2021-02-28,0.722
Maryland,,2021-03-01,0.742
Maryland,,2021-03-02,0.714
Maryland,,2021-03-03,0.712
Maryland,,2021-03-04,0.71
Maryland,,2021-03-05,0.74
Maryland,,2021-03-06,0.759
Massachusetts,,2021-01-12,0.429
Massachusetts,,2021-01-13,0.331
Massachusetts,,2021-01-14,0.349
Massachusetts,,2021-01-15,0.384
Massachusetts,,2021-01-19,0.476
Massachusetts,,2021-01-20,0.448
Massachusetts,,2021-01-21,0.455
Massachusetts,,2021-01-22,0.434
Massachusetts,,2021-01-23,0.457
Massachusetts,,2021-01-24,0.489
Massachusetts,,2021-01-25,0.505
Massachusetts,,2021-01-26,0.505
Massachusetts,,2021-01-27,0.485
Massachusetts,,2021-01-28,0.481
Massachusetts,,2021-01-29,0.492
Massachusetts,,2021-01-30,0.516
Massachusetts,,2021-01-31,0.546
Massachusetts,,2021-02-01,0.574
Massachusetts,,2021-02-02,0.602
Massachusetts,,2021-02-03,0.541
Massachusetts,,2021-02-04,0.531
Massachusetts,,2021-02-05,0.549
Massachusetts,,2021-02-06,0.583
Massachusetts,,2021-02-07,0.625
Massachusetts,,2021-02-08,0.646
Massachusetts,,2021-02-09,0.653
Massachusetts,,2021-02-10,0.634
Massachusetts,,2021-02-11,0.64
Massachusetts,,2021-02-12,0.642
Massachusetts,,2021-02-13,0.672
Massachusetts,,2021-02-14,0.722
Massachusetts,,2021-02-16,0.756
Massachusetts,,2021-02-17,0.767
Massachusetts,,2021-02-18,0.796
Massachusetts,,2021-02-19,0.833
Massachusetts,,2021-02-20,0.792
Massachusetts,,2021-02-21,0.821
Massachusetts,,2021-02-22,0.846
Massachusetts,,2021-02-23,0.858
Massachusetts,,2021-02-24,0.773
Massachusetts,,2021-02-25,0.779
Massachusetts,,2021-02-26,0.786
Massachusetts,,2021-02-27,0.805
Massachusetts,,2021-02-28,0.83
Massachusetts,,2021-03-01,0.862
Massachusetts,,2021-03-02,0.869
Massachusetts,,2021-03-03,0.821
Massachusetts,,2021-03-04,0.815
Massachusetts,,2021-03-05,0.81
Massachusetts,,2021-03-06,0.834
Michigan,,2021-01-12,0.296
Michigan,,2021-01-13,0.378
Michigan,,2021-01-14,0.423
Michigan,,2021-01-15,0.471
Michigan,,2021-01-19,0.625
Michigan,,2021-01-20,0.493
Michigan,,2021-01-21,0.518
Michigan,,2021-01-22,0.544
Michigan,,2021-01-23,0.596
Michigan,,2021-01-24,0.635
Michigan,,2021-01-25,0.664
Michigan,,2021-01-26,0.576
Michigan,,2021-01-27,0.571
Michigan,,2021-01-28,0.599
Michigan,,2021-01-29,0.637
Michigan,,2021-01-30,0.677
Michigan,,2021-01-31,0.717
Michigan,,2021-02-01,0.738
Michigan,,2021-02-02,0.631
Michigan,,2021-02-03,0.64
Michigan,,2021-02-04,0.66
Michigan,,2021-02-05,0.692
Michigan,,2021-02-06,0.728
Michigan,,2021-02-07,0.764
Michigan,,2021-02-08,0.782
Michigan,,2021-02-09,0.709
Michigan,,2021-02-10,0.729
Michigan,,2021-02-11,0.745
Michigan,,2021-02-12,0.773
Michigan,,2021-02-13,0.801
Michigan,,2021-02-14,0.836
Michigan,,2021-02-16,0.776
Michigan,,2021-02-17,0.783
Michigan,,2021-02-18,0.79
Michigan,,2021-02-19,0.808
Michigan,,2021-02-20,0.827
Michigan,,2021-02-21,0.848
Michigan,,2021-02-22,0.865
Michigan,,2021-02-23,0.811
Michigan,,2021-02-24,0.778
Michigan,,2021-02-25,0.787
Michigan,,2021-02-26,0.808
Michigan,,2021-02-27,0.83
Michigan,,2021-02-28,0.857
Michigan,,2021-03-01,0.872
Michigan,,2021-03-02,0.77
Michigan,,2021-03-03,0.77
Michigan,,2021-03-04,0.779
Michigan,,2021-03-05,0.776
Michigan,,2021-03-06,0.784
Minnesota,,2021-01-12,0.358
Minnesota,,2021-01-13,0.323
Minnesota,,2021-01-14,0.348
Minnesota,,2021-01-15,0.382
Minnesota,,2021-01-19,0.484
Minnesota,,2021-01-20,0.424
Minnesota,,2021-01-21,0.398
Minnesota,,2021-01-22,0.411
Minnesota,,2021-01-23,0.449
Minnesota,,2021-01-24,0.472
Minnesota,,2021-01-25,0.51
Minnesota,,2021-01-26,0.523
Minnesota,,2021-01-27,0.476
Minnesota,,2021-01-28,0.503
Minnesota,,2021-01-29,0.528
Minnesota,,2021-01-30,0.58
Minnesota,,2021-01-31,0.619
Minnesota,,2021-02-01,0.652
Minnesota,,2021-02-02,0.67
Minnesota,,2021-02-03,0.601
Minnesota,,2021-02-04,0.681
Minnesota,,2021-02-05,0.679
Minnesota,,2021-02-06,0.74
Minnesota,,2021-02-07,0.767
Minnesota,,2021-02-08,0.784
Minnesota,,2021-02-09,0.764
Minnesota,,2021-02-10,0.704
Minnesota,,2021-02-11,0.673
Minnesota,,2021-02-12,0.697
Minnesota,,2021-02-13,0.735
Minnesota,,2021-02-14,0.769
Minnesota,,2021-02-16,0.78
Minnesota,,2021-02-17,0.794
Minnesota,,2021-02-18,0.798
Minnesota,,2021-02-19,0.829
Minnesota,,2021-02-20,0.855
Minnesota,,2021-02-21,0.885
Minnesota,,2021-02-22,0.886
Minnesota,,2021-02-23,0.87
Minnesota,,2021-02-24,0.782
Minnesota,,2021-02-25,0.787
Minnesota,,2021-02-26,0.793
Minnesota,,2021-02-27,0.827
Minnesota,,2021-02-28,0.871
Minnesota,,2021-03-01,0.894
Minnesota,,2021-03-02,0.873
Minnesota,,2021-03-03,0.813
Minnesota,,2021-03-04,0.813
Minnesota,,2021-03-05,0.8
Minnesota,,2021-03-06,0.833
Mississippi,,2021-01-12,0.257
Mississippi,,2021-01-13,0.28
Mississippi,,2021-01-14,0.327
Mississippi,,2021-01-15,0.361
Mississippi,,2021-01-19,0.486
Mississippi,,2021-01-20,0.398
Mississippi,,2021-01-21,0.408
Mississippi,,2021-01-22,0.435
Mississippi,,2021-01-23,0.42
Mississippi,,2021-01-24,0.496
Mississippi,,2021-01-25,0.505
Mississippi,,2021-01-26,0.489
Mississippi,,2021-01-27,0.48
Mississippi,,2021-01-28,0.481
Mississippi,,2021-01-29,0.501
Mississippi,,2021-01-30,0.523
Mississippi,,2021-01-31,0.556
Mississippi,,2021-02-01,0.562
Mississippi,,2021-02-02,0.548
Mississippi,,2021-02-03,0.517
Mississippi,,2021-02-04,0.507
Mississippi,,2021-02-05,0.556
Mississippi,,2021-02-06,0.583
Mississippi,,2021-02-07,0.623
Mississippi,,2021-02-08,0.635
Mississippi,,2021-02-09,0.613
Mississippi,,2021-02-10,0.606
Mississippi,,2021-02-11,0.607
Mississippi,,2021-02-12,0.634
Mississippi,,2021-02-13,0.664
Mississippi,,2021-02-14,0.696
Mississippi,,2021-02-16,0.714
Mississippi,,2021-02-17,0.714
Mississippi,,2021-02-18,0.712
Mississippi,,2021-02-19,0.732
Mississippi,,2021-02-20,0.74
Mississippi,,2021-02-21,0.755
Mississippi,,2021-02-22,0.767
Mississippi,,2021-02-23,0.702
Mississippi,,2021-02-24,0.685
Mississippi,,2021-02-25,0.657
Mississippi,,2021-02-26,0.673
Mississippi,,2021-02-27,0.682
Mississippi,,2021-02-28,0.712
Mississippi,,2021-03-01,0.732
Mississippi,,2021-03-02,0.719
Mississippi,,2021-03-03,0.706
Mississippi,,2021-03-04,0.682
Mississippi,,2021-03-05,0.671
Mississippi,,2021-03-06,0.69
Missouri,,2021-01-12,0.333
Missouri,,2021-01-13,0.307
Missouri,,2021-01-14,0.332
Missouri,,2021-01-15,0.36
Missouri,,2021-01-19,0.447
Missouri,,2021-01-20,0.427
Missouri,,2021-01-21,0.427
Missouri,,2021-01-22,0.434
Missouri,,2021-01-23,0.441
Missouri,,2021-01-24,0.48
Missouri,,2021-01-25,0.508
Missouri,,2021-01-26,0.511
Missouri,,2021-01-27,0.477
Missouri,,2021-01-28,0.465
Missouri,,2021-01-29,0.489
Missouri,,2021-01-30,0.489
Missouri,,2021-01-31,0.532
Missouri,,2021-02-01,0.553
Missouri,,2021-02-02,0.566
Missouri,,2021-02-03,0.533
Missouri,,2021-02-04,0.534
Missouri,,2021-02-05,0.56
Missouri,,2021-02-06,0.607
Missouri,,2021-02-07,0.65
Missouri,,2021-02-08,0.669
Missouri,,2021-02-09,0.672
Missouri,,2021-02-10,0.656
Missouri,,2021-02-11,0.656
Missouri,,2021-02-12,0.643
Missouri,,2021-02-13,0.714
Missouri,,2021-02-14,0.75
Missouri,,2021-02-16,0.772
Missouri,,2021-02-17,0.783
Missouri,,2021-02-18,0.8
Missouri,,2021-02-19,0.829
Missouri,,2021-02-20,0.818
Missouri,,2021-02-21,0.85
Missouri,,2021-02-22,0.865
Missouri,,2021-02-23,0.845
Missouri,,2021-02-24,0.749
Missouri,,2021-02-25,0.765
Missouri,,2021-02-26,0.727
Missouri,,2021-02-27,0.754
Missouri,,2021-02-28,0.755
Missouri,,2021-03-01,0.811
Missouri,,2021-03-02,0.81
Missouri,,2021-03-03,0.766
Missouri,,2021-03-04,0.767
Missouri,,2021-03-05,0.741
Missouri,,2021-03-06,0.764
Montana,,2021-01-12,0.537
Montana,,2021-01-13,0.492
Montana,,2021-01-14,0.473
Montana,,2021-01-15,0.501
Montana,,2021-01-19,0.567
Montana,,2021-01-20,0.513
Montana,,2021-01-21,0.539
Montana,,2021-01-22,0.555
Montana,,2021-01-23,0.607
Montana,,2021-01-24,0.641
Montana,,2021-01-25,0.647
Montana,,2021-01-26,0.651
Montana,,2021-01-27,0.61
Montana,,2021-01-28,0.621
Montana,,2021-01-29,0.654
Montana,,2021-01-30,0.701
Montana,,2021-01-31,0.738
Montana,,2021-02-01,0.749
Montana,,2021-02-02,0.758
Montana,,2021-02-03,0.702
Montana,,2021-02-04,0.71
Montana,,2021-02-05,0.749
Montana,,2021-02-06,0.8
Montana,,2021-02-07,0.842
Montana,,2021-02-08,0.851
Montana,,2021-02-09,0.851
Montana,,2021-02-10,0.751
Montana,,2021-02-11,0.777
Montana,,2021-02-12,0.812
Montana,,2021-02-13,0.838
Montana,,2021-02-14,0.885
Montana,,2021-02-16,0.877
Montana,,2021-02-17,0.891
Montana,,2021-02-18,0.913
Montana,,2021-02-19,0.882
Montana,,2021-02-20,0.883
Montana,,2021-02-21,0.915
Montana,,2021-02-22,0.929
Montana,,2021-02-23,0.933
Montana,,2021-02-24,0.819
Montana,,2021-02-25,0.823
Montana,,2021-02-26,0.817
Montana,,2021-02-27,0.793
Montana,,2021-02-28,0.824
Montana,,2021-03-01,0.833
Montana,,2021-03-02,0.836
Montana,,2021-03-03,0.787
Montana,,2021-03-04,0.777
Montana,,2021-03-05,0.773
Montana,,2021-03-06,0.788
Nebraska,,2021-01-12,0.42
Nebraska,,2021-01-13,0.399
Nebraska,,2021-01-14,0.425
Nebraska,,2021-01-15,0.431
Nebraska,,2021-01-19,0.49
Nebraska,,2021-01-20,0.448
Nebraska,,2021-01-21,0.47
Nebraska,,2021-01-22,0.497
Nebraska,,2021-01-23,0.521
Nebraska,,2021-01-24,0.558
Nebraska,,2021-01-25,0.563
Nebraska,,2021-01-26,0.568
Nebraska,,2021-01-27,0.491
Nebraska,,2021-01-28,0.522
Nebraska,,2021-01-29,0.549
Nebraska,,2021-01-30,0.58
Nebraska,,2021-01-31,0.616
Nebraska,,2021-02-01,0.627
Nebraska,,2021-02-02,0.613
Nebraska,,2021-02-03,0.566
Nebraska,,2021-02-04,0.567
Nebraska,,2021-02-05,0.59
Nebraska,,2021-02-06,0.631
Nebraska,,2021-02-07,0.667
Nebraska,,2021-02-08,0.676
Nebraska,,2021-02-09,0.608
Nebraska,,2021-02-10,0.605
Nebraska,,2021-02-11,0.611
Nebraska,,2021-02-12,0.638
Nebraska,,2021-02-13,0.672
Nebraska,,2021-02-14,0.701
Nebraska,,2021-02-16,0.713
Nebraska,,2021-02-17,0.691
Nebraska,,2021-02-18,0.714
Nebraska,,2021-02-19,0.736
Nebraska,,2021-02-20,0.747
Nebraska,,2021-02-21,0.772
Nebraska,,2021-02-22,0.788
Nebraska,,2021-02-23,0.763
Nebraska,,2021-02-24,0.752
Nebraska,,2021-02-25,0.754
Nebraska,,2021-02-26,0.759
Nebraska,,2021-02-27,0.736
Nebraska,,2021-02-28,0.787
Nebraska,,2021-03-01,0.79
Nebraska,,2021-03-02,0.802
Nebraska,,2021-03-03,0.759
Nebraska,,2021-03-04,0.771
Nebraska,,2021-03-05,0.755
Nebraska,,2021-03-06,0.752
Nevada,,2021-01-12,0.298
Nevada,,2021-01-13,0.298
Nevada,,2021-01-14,0.366
Nevada,,2021-01-15,0.395
Nevada,,2021-01-19,0.486
Nevada,,2021-01-20,0.387
Nevada,,2021-01-21,0.417
Nevada,,2021-01-22,0.45
Nevada,,2021-01-23,0.478
Nevada,,2021-01-24,0.53
Nevada,,2021-01-25,0.557
Nevada,,2021-01-26,0.486
Nevada,,2021-01-27,0.515
Nevada,,2021-01-28,0.574
Nevada,,2021-01-29,0.618
Nevada,,2021-01-30,0.608
Nevada,,2021-01-31,0.654
Nevada,,2021-02-01,0.674
Nevada,,2021-02-02,0.607
Nevada,,2021-02-03,0.669
Nevada,,2021-02-04,0.686
Nevada,,2021-02-05,0.716
Nevada,,2021-02-06,0.753
Nevada,,2021-02-07,0.781
Nevada,,2021-02-08,0.81
Nevada,,2021-02-09,0.689
Nevada,,2021-02-10,0.703
Nevada,,2021-02-11,0.71
Nevada,,2021-02-12,0.738
Nevada,,2021-02-13,0.77
Nevada,,2021-02-14,0.801
Nevada,,2021-02-16,0.812
Nevada,,2021-02-17,0.764
Nevada,,2021-02-18,0.787
Nevada,,2021-02-19,0.81
Nevada,,2021-02-20,0.86
Nevada,,2021-02-21,0.881
Nevada,,2021-02-22,0.907
Nevada,,2021-02-23,0.831
Nevada,,2021-02-24,0.817
Nevada,,2021-02-25,0.769
Nevada,,2021-02-26,0.749
Nevada,,2021-02-27,0.767
Nevada,,2021-02-28,0.791
Nevada,,2021-03-01,0.825
Nevada,,2021-03-02,0.819
Nevada,,2021-03-03,0.766
Nevada,,2021-03-04,0.762
Nevada,,2021-03-05,0.759
Nevada,,2021-03-06,0.774
New Hampshire,,2021-01-12,0.414
New Hampshire,,2021-01-13,0.444
New Hampshire,,2021-01-14,0.461
New Hampshire,,2021-01-15,0.491
New Hampshire,,2021-01-19,0.562
New Hampshire,,2021-01-20,0.519
New Hampshire,,2021-01-21,0.52
New Hampshire,,2021-01-22,0.525
New Hampshire,,2021-01-23,0.551
New Hampshire,,2021-01-24,0.573
New Hampshire,,2021-01-25,0.581
New Hampshire,,2021-01-26,0.537
New Hampshire,,2021-01-27,0.54
New Hampshire,,2021-01-28,0.551
New Hampshire,,2021-01-29,0.577
New Hampshire,,2021-01-30,0.57
New Hampshire,,2021-01-31,0.591
New Hampshire,,2021-02-01,0.601
New Hampshire,,2021-02-02,0.599
New Hampshire,,2021-02-03,0.588
New Hampshire,,2021-02-04,0.595
New Hampshire,,2021-02-05,0.625
New Hampshire,,2021-02-06,0.625
New Hampshire,,2021-02-07,0.644
New Hampshire,,2021-02-08,0.646
New Hampshire,,2021-02-09,0.631
New Hampshire,,2021-02-10,0.636
New Hampshire,,2021-02-11,0.618
New Hampshire,,2021-02-12,0.641
New Hampshire,,2021-02-13,0.643
New Hampshire,,2021-02-14,0.669
New Hampshire,,2021-02-16,0.674
New Hampshire,,2021-02-17,0.679
New Hampshire,,2021-02-18,0.705
New Hampshire,,2021-02-19,0.735
New Hampshire,,2021-02-20,0.762
New Hampshire,,2021-02-21,0.794
New Hampshire,,2021-02-22,0.815
New Hampshire,,2021-02-23,0.797
New Hampshire,,2021-02-24,0.737
New Hampshire,,2021-02-25,0.735
New Hampshire,,2021-02-26,0.752
New Hampshire,,2021-02-27,0.754
New Hampshire,,2021-02-28,0.78
New Hampshire,,2021-03-01,0.788
New Hampshire,,2021-03-02,0.756
New Hampshire,,2021-03-03,0.746
New Hampshire,,2021-03-04,0.749
New Hampshire,,2021-03-05,0.743
New Hampshire,,2021-03-06,0.747
New Jersey,,2021-01-12,0.338
New Jersey,,2021-01-13,0.402
New Jersey,,2021-01-14,0.4
New Jersey,,2021-01-15,0.481
New Jersey,,2021-01-19,0.607
New Jersey,,2021-01-20,0.481
New Jersey,,2021-01-21,0.468
New Jersey,,2021-01-22,0.488
New Jersey,,2021-01-23,0.506
New Jersey,,2021-01-24,0.541
New Jersey,,2021-01-25,0.569
New Jersey,,2021-01-26,0.528
New Jersey,,2021-01-27,0.507
New Jersey,,2021-01-28,0.527
New Jersey,,2021-01-29,0.591
New Jersey,,2021-01-30,0.624
New Jersey,,2021-01-31,0.645
New Jersey,,2021-02-01,0.657
New Jersey,,2021-02-02,0.677
New Jersey,,2021-02-03,0.68
New Jersey,,2021-02-04,0.594
New Jersey,,2021-02-05,0.616
New Jersey,,2021-02-06,0.703
New Jersey,,2021-02-07,0.726
New Jersey,,2021-02-08,0.739
New Jersey,,2021-02-09,0.741
New Jersey,,2021-02-10,0.68
New Jersey,,2021-02-11,0.676
New Jersey,,2021-02-12,0.706
New Jersey,,2021-02-13,0.738
New Jersey,,2021-02-14,0.759
New Jersey,,2021-02-16,0.797
New Jersey,,2021-02-17,0.827
New Jersey,,2021-02-18,0.861
New Jersey,,2021-02-19,0.886
New Jersey,,2021-02-20,0.911
New Jersey,,2021-02-21,0.881
New Jersey,,2021-02-22,0.893
New Jersey,,2021-02-23,0.832
New Jersey,,2021-02-24,0.785
New Jersey,,2021-02-25,0.754
New Jersey,,2021-02-26,0.784
New Jersey,,2021-02-27,0.801
New Jersey,,2021-02-28,0.824
New Jersey,,2021-03-01,0.836
New Jersey,,2021-03-02,0.835
New Jersey,,2021-03-03,0.809
New Jersey,,2021-03-04,0.835
New Jersey,,2021-03-05,0.818
New Jersey,,2021-03-06,0.807
New Mexico,,2021-01-12,0.442
New Mexico,,2021-01-13,0.41
New Mexico,,2021-01-14,0.437
New Mexico,,2021-01-15,0.485
New Mexico,,2021-01-19,0.675
New Mexico,,2021-01-20,0.635
New Mexico,,2021-01-21,0.641
New Mexico,,2021-01-22,0.653
New Mexico,,2021-01-23,0.718
New Mexico,,2021-01-24,0.779
New Mexico,,2021-01-25,0.796
New Mexico,,2021-01-26,0.776
New Mexico,,2021-01-27,0.715
New Mexico,,2021-01-28,0.714
New Mexico,,2021-01-29,0.751
New Mexico,,2021-01-30,0.781
New Mexico,,2021-01-31,0.831
New Mexico,,2021-02-01,0.866
New Mexico,,2021-02-02,0.791
New Mexico,,2021-02-03,0.8
New Mexico,,2021-02-04,0.808
New Mexico,,2021-02-05,0.841
New Mexico,,2021-02-06,0.884
New Mexico,,2021-02-07,0.909
New Mexico,,2021-02-08,0.939
New Mexico,,2021-02-09,0.853
New Mexico,,2021-02-10,0.862
New Mexico,,2021-02-11,0.863
New Mexico,,2021-02-12,0.904
New Mexico,,2021-02-13,0.93
New Mexico,,2021-02-14,0.977
New Mexico,,2021-02-16,0.989
New Mexico,,2021-02-17,0.985
New Mexico,,2021-02-18,1.003
New Mexico,,2021-02-19,0.938
New Mexico,,2021-02-20,0.955
New Mexico,,2021-02-21,0.984
New Mexico,,2021-02-22,0.998
New Mexico,,2021-02-23,0.927
New Mexico,,2021-02-24,0.909
New Mexico,,2021-02-25,0.9
New Mexico,,2021-02-26,0.893
New Mexico,,2021-02-27,0.918
New Mexico,,2021-02-28,0.955
New Mexico,,2021-03-01,0.963
New Mexico,,2021-03-02,0.901
New Mexico,,2021-03-03,0.895
New Mexico,,2021-03-04,0.863
New Mexico,,2021-03-05,0.856
New Mexico,,2021-03-06,0.889
New York State,,2021-01-12,0.357
New York State,,2021-01-13,0.352
New York State,,2021-01-14,0.368
New York State,,2021-01-15,0.402
New York State,,2021-01-19,0.531
New York State,,2021-01-20,0.509
New York State,,2021-01-21,0.504
New York State,,2021-01-22,0.509
New York State,,2021-01-23,0.535
New York State,,2021-01-24,0.57
New York State,,2021-01-25,0.592
New York State,,2021-01-26,0.605
New York State,,2021-01-27,0.553
New York State,,2021-01-28,0.58
New York State,,2021-01-29,0.603
New York State,,2021-01-30,0.611
New York State,,2021-01-31,0.639
New York State,,2021-02-01,0.657
New York State,,2021-02-02,0.658
New York State,,2021-02-03,0.618
New York State,,2021-02-04,0.61
New York State,,2021-02-05,0.631
New York State,,2021-02-06,0.659
New York State,,2021-02-07,0.692
New York State,,2021-02-08,0.716
New York State,,2021-02-09,0.712
New York State,,2021-02-10,0.68
New York State,,2021-02-11,0.682
New York State,,2021-02-12,0.701
New York State,,2021-02-13,0.716
New York State,,2021-02-14,0.737
New York State,,2021-02-16,0.779
New York State,,2021-02-17,0.791
New York State,,2021-02-18,0.809
New York State,,2021-02-19,0.828
New York State,,2021-02-20,0.849
New York State,,2021-02-21,0.868
New York State,,2021-02-22,0.89
New York State,,2021-02-23,0.78
New York State,,2021-02-24,0.714
New York State,,2021-02-25,0.703
New York State,,2021-02-26,0.703
New York State,,2021-02-27,0.705
New York State,,2021-02-28,0.734
New York State,,2021-03-01,0.757
New York State,,2021-03-02,0.751
New York State,,2021-03-03,0.715
New York State,,2021-03-04,0.721
New York State,,2021-03-05,0.71
New York State,,2021-03-06,0.719
North Carolina,,2021-01-12,0.253
North Carolina,,2021-01-13,0.313
North Carolina,,2021-01-14,0.277
North Carolina,,2021-01-15,0.303
North Carolina,,2021-01-19,0.401
North Carolina,,2021-01-20,0.382
North Carolina,,2021-01-21,0.409
North Carolina,,2021-01-22,0.44
North Carolina,,2021-01-23,0.463
North Carolina,,2021-01-24,0.511
North Carolina,,2021-01-25,0.542
North Carolina,,2021-01-26,0.559
North Carolina,,2021-01-27,0.513
North Carolina,,2021-01-28,0.607
North Carolina,,2021-01-29,0.608
North Carolina,,2021-01-30,0.631
North Carolina,,2021-01-31,0.669
North Carolina,,2021-02-01,0.685
North Carolina,,2021-02-02,0.655
North Carolina,,2021-02-03,0.625
North Carolina,,2021-02-04,0.62
North Carolina,,2021-02-05,0.646
North Carolina,,2021-02-06,0.682
North Carolina,,2021-02-07,0.723
North Carolina,,2021-02-08,0.742
North Carolina,,2021-02-09,0.748
North Carolina,,2021-02-10,0.729
North Carolina,,2021-02-11,0.713
North Carolina,,2021-02-12,0.729
North Carolina,,2021-02-13,0.744
North Carolina,,2021-02-14,0.782
North Carolina,,2021-02-16,0.812
North Carolina,,2021-02-17,0.836
North Carolina,,2021-02-18,0.841
North Carolina,,2021-02-19,0.854
North Carolina,,2021-02-20,0.85
North Carolina,,2021-02-21,0.875
North Carolina,,2021-02-22,0.891
North Carolina,,2021-02-23,0.817
North Carolina,,2021-02-24,0.781
North Carolina,,2021-02-25,0.787
North Carolina,,2021-02-26,0.786
North Carolina,,2021-02-27,0.793
North Carolina,,2021-02-28,0.827
North Carolina,,2021-03-01,0.846
North Carolina,,2021-03-02,0.841
North Carolina,,2021-03-03,0.795
North Carolina,,2021-03-04,0.806
North Carolina,,2021-03-05,0.759
North Carolina,,2021-03-06,0.762
North Dakota,,2021-01-12,0.738
North Dakota,,2021-01-13,0.61
North Dakota,,2021-01-14,0.623
North Dakota,,2021-01-15,0.676
North Dakota,,2021-01-19,0.824
North Dakota,,2021-01-20,0.738
North Dakota,,2021-01-21,0.715
North Dakota,,2021-01-22,0.739
North Dakota,,2021-01-23,0.795
North Dakota,,2021-01-24,0.844
North Dakota,,2021-01-25,0.867
North Dakota,,2021-01-26,0.87
North Dakota,,2021-01-27,0.801
North Dakota,,2021-01-28,0.756
North Dakota,,2021-01-29,0.806
North Dakota,,2021-01-30,0.848
North Dakota,,2021-01-31,0.906
North Dakota,,2021-02-01,0.921
North Dakota,,2021-02-02,0.819
North Dakota,,2021-02-03,0.848
North Dakota,,2021-02-04,0.812
North Dakota,,2021-02-05,0.857
North Dakota,,2021-02-06,0.917
North Dakota,,2021-02-07,0.964
North Dakota,,2021-02-08,0.986
North Dakota,,2021-02-09,0.905
North Dakota,,2021-02-10,0.907
North Dakota,,2021-02-11,0.86
North Dakota,,2021-02-12,0.897
North Dakota,,2021-02-13,0.928
North Dakota,,2021-02-14,0.958
North Dakota,,2021-02-16,0.946
North Dakota,,2021-02-17,0.944
North Dakota,,2021-02-18,0.961
North Dakota,,2021-02-19,0.949
North Dakota,,2021-02-20,0.949
North Dakota,,2021-02-21,0.979
North Dakota,,2021-02-22,0.988
North Dakota,,2021-02-23,0.904
North Dakota,,2021-02-24,0.856
North Dakota,,2021-02-25,0.846
North Dakota,,2021-02-26,0.867
North Dakota,,2021-02-27,0.914
North Dakota,,2021-02-28,0.95
North Dakota,,2021-03-01,0.968
North Dakota,,2021-03-02,0.896
North Dakota,,2021-03-03,0.895
North Dakota,,2021-03-04,0.852
North Dakota,,2021-03-05,0.869
North Dakota,,2021-03-06,0.881
Northern Mariana Islands,MNP,2021-01-12,0.2
Northern Mariana Islands,MNP,2021-01-13,0.222
Northern Mariana Islands,MNP,2021-01-14,0.247
Northern Mariana Islands,MNP,2021-01-15,0.263
Northern Mariana Islands,MNP,2021-01-19,0.342
Northern Mariana Islands,MNP,2021-01-20,0.364
Northern Mariana Islands,MNP,2021-01-21,0.392
Northern Mariana Islands,MNP,2021-01-22,0.414
Northern Mariana Islands,MNP,2021-01-23,0.431
Northern Mariana Islands,MNP,2021-01-24,0.45
Northern Mariana Islands,MNP,2021-01-25,0.455
Northern Mariana Islands,MNP,2021-01-26,0.469
Northern Mariana Islands,MNP,2021-01-27,0.484
Northern Mariana Islands,MNP,2021-01-28,0.496
Northern Mariana Islands,MNP,2021-01-29,0.512
Northern Mariana Islands,MNP,2021-01-30,0.522
Northern Mariana Islands,MNP,2021-01-31,0.539
Northern Mariana Islands,MNP,2021-02-01,0.464
Northern Mariana Islands,MNP,2021-02-02,0.351
Northern Mariana Islands,MNP,2021-02-03,0.359
Northern Mariana Islands,MNP,2021-02-04,0.37
Northern Mariana Islands,MNP,2021-02-05,0.382
Northern Mariana Islands,MNP,2021-02-06,0.395
Northern Mariana Islands,MNP,2021-02-07,0.401
Northern Mariana Islands,MNP,2021-02-08,0.402
Northern Mariana Islands,MNP,2021-02-09,0.414
Northern Mariana Islands,MNP,2021-02-10,0.423
Northern Mariana Islands,MNP,2021-02-11,0.429
Northern Mariana Islands,MNP,2021-02-12,0.437
Northern Mariana Islands,MNP,2021-02-13,0.452
Northern Mariana Islands,MNP,2021-02-14,0.464
Northern Mariana Islands,MNP,2021-02-16,0.486
Northern Mariana Islands,MNP,2021-02-17,0.497
Northern Mariana Islands,MNP,2021-02-18,0.51
Northern Mariana Islands,MNP,2021-02-19,0.524
Northern Mariana Islands,MNP,2021-02-20,0.524
Northern Mariana Islands,MNP,2021-02-21,0.537
Northern Mariana Islands,MNP,2021-02-22,0.543
Northern Mariana Islands,MNP,2021-02-23,0.553
Northern Mariana Islands,MNP,2021-02-24,0.576
Northern Mariana Islands,MNP,2021-02-25,0.589
Northern Mariana Islands,MNP,2021-02-26,0.601
Northern Mariana Islands,MNP,2021-02-27,0.611
Northern Mariana Islands,MNP,2021-02-28,0.619
Northern Mariana Islands,MNP,2021-03-01,0.627
Northern Mariana Islands,MNP,2021-03-02,0.433
Northern Mariana Islands,MNP,2021-03-03,0.441
Northern Mariana Islands,MNP,2021-03-04,0.449
Northern Mariana Islands,MNP,2021-03-05,0.452
Northern Mariana Islands,MNP,2021-03-06,0.461
Ohio,,2021-01-12,0.36
Ohio,,2021-01-13,0.344
Ohio,,2021-01-14,0.36
Ohio,,2021-01-15,0.388
Ohio,,2021-01-19,0.488
Ohio,,2021-01-20,0.436
Ohio,,2021-01-21,0.434
Ohio,,2021-01-22,0.446
Ohio,,2021-01-23,0.482
Ohio,,2021-01-24,0.525
Ohio,,2021-01-25,0.556
Ohio,,2021-01-26,0.503
Ohio,,2021-01-27,0.495
Ohio,,2021-01-28,0.515
Ohio,,2021-01-29,0.543
Ohio,,2021-01-30,0.586
Ohio,,2021-01-31,0.614
Ohio,,2021-02-01,0.647
Ohio,,2021-02-02,0.608
Ohio,,2021-02-03,0.599
Ohio,,2021-02-04,0.594
Ohio,,2021-02-05,0.619
Ohio,,2021-02-06,0.653
Ohio,,2021-02-07,0.68
Ohio,,2021-02-08,0.708
Ohio,,2021-02-09,0.663
Ohio,,2021-02-10,0.654
Ohio,,2021-02-11,0.636
Ohio,,2021-02-12,0.672
Ohio,,2021-02-13,0.697
Ohio,,2021-02-14,0.731
Ohio,,2021-02-16,0.764
Ohio,,2021-02-17,0.769
Ohio,,2021-02-18,0.775
Ohio,,2021-02-19,0.799
Ohio,,2021-02-20,0.825
Ohio,,2021-02-21,0.85
Ohio,,2021-02-22,0.872
Ohio,,2021-02-23,0.752
Ohio,,2021-02-24,0.755
Ohio,,2021-02-25,0.726
Ohio,,2021-02-26,0.735
Ohio,,2021-02-27,0.758
Ohio,,2021-02-28,0.787
Ohio,,2021-03-01,0.806
Ohio,,2021-03-02,0.762
Ohio,,2021-03-03,0.757
Ohio,,2021-03-04,0.747
Ohio,,2021-03-05,0.735
Ohio,,2021-03-06,0.746
Oklahoma,,2021-01-12,0.414
Oklahoma,,2021-01-13,0.434
Oklahoma,,2021-01-14,0.468
Oklahoma,,2021-01-15,0.48
Oklahoma,,2021-01-19,0.571
Oklahoma,,2021-01-20,0.553
Oklahoma,,2021-01-21,0.545
Oklahoma,,2021-01-22,0.579
Oklahoma,,2021-01-23,0.614
Oklahoma,,2021-01-24,0.65
Oklahoma,,2021-01-25,0.658
Oklahoma,,2021-01-26,0.62
Oklahoma,,2021-01-27,0.606
Oklahoma,,2021-01-28,0.613
Oklahoma,,2021-01-29,0.65
Oklahoma,,2021-01-30,0.69
Oklahoma,,2021-01-31,0.736
Oklahoma,,2021-02-01,0.746
Oklahoma,,2021-02-02,0.723
Oklahoma,,2021-02-03,0.684
Oklahoma,,2021-02-04,0.692
Oklahoma,,2021-02-05,0.729
Oklahoma,,2021-02-06,0.737
Oklahoma,,2021-02-07,0.781
Oklahoma,,2021-02-08,0.798
Oklahoma,,2021-02-09,0.784
Oklahoma,,2021-02-10,0.778
Oklahoma,,2021-02-11,0.771
Oklahoma,,2021-02-12,0.785
Oklahoma,,2021-02-13,0.81
Oklahoma,,2021-02-14,0.836
Oklahoma,,2021-02-16,0.851
Oklahoma,,2021-02-17,0.853
Oklahoma,,2021-02-18,0.858
Oklahoma,,2021-02-19,0.766
Oklahoma,,2021-02-20,0.783
Oklahoma,,2021-02-21,0.816
Oklahoma,,2021-02-22,0.839
Oklahoma,,2021-02-23,0.773
Oklahoma,,2021-02-24,0.736
Oklahoma,,2021-02-25,0.725
Oklahoma,,2021-02-26,0.726
Oklahoma,,2021-02-27,0.748
Oklahoma,,2021-02-28,0.782
Oklahoma,,2021-03-01,0.799
Oklahoma,,2021-03-02,0.798
Oklahoma,,2021-03-03,0.74
Oklahoma,,2021-03-04,0.722
Oklahoma,,2021-03-05,0.7
Oklahoma,,2021-03-06,0.716
Oregon,,2021-01-12,0.325
Oregon,,2021-01-13,0.354
Oregon,,2021-01-14,0.387
Oregon,,2021-01-15,0.436
Oregon,,2021-01-19,0.647
Oregon,,2021-01-20,0.503
Oregon,,2021-01-21,0.453
Oregon,,2021-01-22,0.52
Oregon,,2021-01-23,0.549
Oregon,,2021-01-24,0.581
Oregon,,2021-01-25,0.611
Oregon,,2021-01-26,0.523
Oregon,,2021-01-27,0.543
Oregon,,2021-01-28,0.561
Oregon,,2021-01-29,0.585
Oregon,,2021-01-30,0.575
Oregon,,2021-01-31,0.613
Oregon,,2021-02-01,0.637
Oregon,,2021-02-02,0.641
Oregon,,2021-02-03,0.643
Oregon,,2021-02-04,0.668
Oregon,,2021-02-05,0.664
Oregon,,2021-02-06,0.694
Oregon,,2021-02-07,0.725
Oregon,,2021-02-08,0.754
Oregon,,2021-02-09,0.715
Oregon,,2021-02-10,0.709
Oregon,,2021-02-11,0.701
Oregon,,2021-02-12,0.701
Oregon,,2021-02-13,0.773
Oregon,,2021-02-14,0.798
Oregon,,2021-02-16,0.795
Oregon,,2021-02-17,0.789
Oregon,,2021-02-18,0.806
Oregon,,2021-02-19,0.832
Oregon,,2021-02-20,0.86
Oregon,,2021-02-21,0.889
Oregon,,2021-02-22,0.913
Oregon,,2021-02-23,0.792
Oregon,,2021-02-24,0.764
Oregon,,2021-02-25,0.76
Oregon,,2021-02-26,0.788
Oregon,,2021-02-27,0.774
Oregon,,2021-02-28,0.801
Oregon,,2021-03-01,0.825
Oregon,,2021-03-02,0.803
Oregon,,2021-03-03,0.786
Oregon,,2021-03-04,0.787
Oregon,,2021-03-05,0.781
Oregon,,2021-03-06,0.801
Pennsylvania,,2021-01-12,0.351
Pennsylvania,,2021-01-13,0.373
Pennsylvania,,2021-01-14,0.385
Pennsylvania,,2021-01-15,0.417
Pennsylvania,,2021-01-19,0.506
Pennsylvania,,2021-01-20,0.465
Pennsylvania,,2021-01-21,0.45
Pennsylvania,,2021-01-22,0.445
Pennsylvania,,2021-01-23,0.445
Pennsylvania,,2021-01-24,0.476
Pennsylvania,,2021-01-25,0.497
Pennsylvania,,2021-01-26,0.489
Pennsylvania,,2021-01-27,0.469
Pennsylvania,,2021-01-28,0.447
Pennsylvania,,2021-01-29,0.493
Pennsylvania,,2021-01-30,0.522
Pennsylvania,,2021-01-31,0.55
Pennsylvania,,2021-02-01,0.574
Pennsylvania,,2021-02-02,0.582
Pennsylvania,,2021-02-03,0.54
Pennsylvania,,2021-02-04,0.553
Pennsylvania,,2021-02-05,0.555
Pennsylvania,,2021-02-06,0.584
Pennsylvania,,2021-02-07,0.614
Pennsylvania,,2021-02-08,0.629
Pennsylvania,,2021-02-09,0.636
Pennsylvania,,2021-02-10,0.631
Pennsylvania,,2021-02-11,0.628
Pennsylvania,,2021-02-12,0.644
Pennsylvania,,2021-02-13,0.626
Pennsylvania,,2021-02-14,0.678
Pennsylvania,,2021-02-16,0.676
Pennsylvania,,2021-02-17,0.718
Pennsylvania,,2021-02-18,0.733
Pennsylvania,,2021-02-19,0.731
Pennsylvania,,2021-02-20,0.746
Pennsylvania,,2021-02-21,0.772
Pennsylvania,,2021-02-22,0.789
Pennsylvania,,2021-02-23,0.728
Pennsylvania,,2021-02-24,0.694
Pennsylvania,,2021-02-25,0.683
Pennsylvania,,2021-02-26,0.673
Pennsylvania,,2021-02-27,0.683
Pennsylvania,,2021-02-28,0.703
Pennsylvania,,2021-03-01,0.724
Pennsylvania,,2021-03-02,0.717
Pennsylvania,,2021-03-03,0.689
Pennsylvania,,2021-03-04,0.701
Pennsylvania,,2021-03-05,0.714
Pennsylvania,,2021-03-06,0.711
Puerto Rico,PRI,2021-01-12,0.269
Puerto Rico,PRI,2021-01-13,0.276
Puerto Rico,PRI,2021-01-14,0.311
Puerto Rico,PRI,2021-01-15,0.334
Puerto Rico,PRI,2021-01-19,0.416
Puerto Rico,PRI,2021-01-20,0.437
Puerto Rico,PRI,2021-01-21,0.451
Puerto Rico,PRI,2021-01-22,0.479
Puerto Rico,PRI,2021-01-23,0.466
Puerto Rico,PRI,2021-01-24,0.496
Puerto Rico,PRI,2021-01-25,0.505
Puerto Rico,PRI,2021-01-26,0.453
Puerto Rico,PRI,2021-01-27,0.394
Puerto Rico,PRI,2021-01-28,0.404
Puerto Rico,PRI,2021-01-29,0.423
Puerto Rico,PRI,2021-01-30,0.445
Puerto Rico,PRI,2021-01-31,0.47
Puerto Rico,PRI,2021-02-01,0.477
Puerto Rico,PRI,2021-02-02,0.473
Puerto Rico,PRI,2021-02-03,0.44
Puerto Rico,PRI,2021-02-04,0.448
Puerto Rico,PRI,2021-02-05,0.462
Puerto Rico,PRI,2021-02-06,0.48
Puerto Rico,PRI,2021-02-07,0.48
Puerto Rico,PRI,2021-02-08,0.48
Puerto Rico,PRI,2021-02-09,0.498
Puerto Rico,PRI,2021-02-10,0.498
Puerto Rico,PRI,2021-02-11,0.477
Puerto Rico,PRI,2021-02-12,0.477
Puerto Rico,PRI,2021-02-13,0.525
Puerto Rico,PRI,2021-02-14,0.541
Puerto Rico,PRI,2021-02-16,0.54
Puerto Rico,PRI,2021-02-17,0.547
Puerto Rico,PRI,2021-02-18,0.557
Puerto Rico,PRI,2021-02-19,0.587
Puerto Rico,PRI,2021-02-20,0.575
Puerto Rico,PRI,2021-02-21,0.591
Puerto Rico,PRI,2021-02-22,0.591
Puerto Rico,PRI,2021-02-23,0.591
Puerto Rico,PRI,2021-02-24,0.537
Puerto Rico,PRI,2021-02-25,0.525
Puerto Rico,PRI,2021-02-26,0.539
Puerto Rico,PRI,2021-02-27,0.519
Puerto Rico,PRI,2021-02-28,0.53
Puerto Rico,PRI,2021-03-01,0.535
Puerto Rico,PRI,2021-03-02,0.525
Puerto Rico,PRI,2021-03-03,0.5
Puerto Rico,PRI,2021-03-04,0.508
Puerto Rico,PRI,2021-03-05,0.484
Puerto Rico,PRI,2021-03-06,0.489
Republic of Palau,,2021-01-12,0.069
Republic of Palau,,2021-01-13,0.121
Republic of Palau,,2021-01-14,0.128
Republic of Palau,,2021-01-15,0.186
Republic of Palau,,2021-01-19,0.319
Republic of Palau,,2021-01-20,0.33
Republic of Palau,,2021-01-21,0.401
Republic of Palau,,2021-01-22,0.401
Republic of Palau,,2021-01-23,0.448
Republic of Palau,,2021-01-24,0.508
Republic of Palau,,2021-01-25,0.508
Republic of Palau,,2021-01-26,0.508
Republic of Palau,,2021-01-27,0.508
Republic of Palau,,2021-01-28,0.511
Republic of Palau,,2021-01-29,0.515
Republic of Palau,,2021-01-30,0.518
Republic of Palau,,2021-01-31,0.518
Republic of Palau,,2021-02-01,0.518
Republic of Palau,,2021-02-02,0.529
Republic of Palau,,2021-02-03,0.538
Republic of Palau,,2021-02-04,0.538
Republic of Palau,,2021-02-05,0.56
Republic of Palau,,2021-02-06,0.56
Republic of Palau,,2021-02-07,0.377
Republic of Palau,,2021-02-08,0.377
Republic of Palau,,2021-02-09,0.377
Republic of Palau,,2021-02-10,0.383
Republic of Palau,,2021-02-11,0.416
Republic of Palau,,2021-02-12,0.421
Republic of Palau,,2021-02-13,0.458
Republic of Palau,,2021-02-14,0.47
Republic of Palau,,2021-02-16,0.508
Republic of Palau,,2021-02-17,0.545
Republic of Palau,,2021-02-18,0.578
Republic of Palau,,2021-02-19,0.622
Republic of Palau,,2021-02-20,0.655
Republic of Palau,,2021-02-21,0.686
Republic of Palau,,2021-02-22,0.686
Republic of Palau,,2021-02-23,0.769
Republic of Palau,,2021-02-24,0.769
Republic of Palau,,2021-02-25,0.882
Republic of Palau,,2021-02-26,0.885
Republic of Palau,,2021-02-27,0.885
Republic of Palau,,2021-02-28,0.89
Republic of Palau,,2021-03-01,0.89
Republic of Palau,,2021-03-02,0.561
Republic of Palau,,2021-03-03,0.561
Republic of Palau,,2021-03-04,0.561
Republic of Palau,,2021-03-05,0.561
Republic of Palau,,2021-03-06,0.561
Rhode Island,,2021-01-12,0.493
Rhode Island,,2021-01-13,0.511
Rhode Island,,2021-01-14,0.533
Rhode Island,,2021-01-15,0.439
Rhode Island,,2021-01-19,0.499
Rhode Island,,2021-01-20,0.462
Rhode Island,,2021-01-21,0.463
Rhode Island,,2021-01-22,0.455
Rhode Island,,2021-01-23,0.424
Rhode Island,,2021-01-24,0.453
Rhode Island,,2021-01-25,0.472
Rhode Island,,2021-01-26,0.476
Rhode Island,,2021-01-27,0.503
Rhode Island,,2021-01-28,0.522
Rhode Island,,2021-01-29,0.531
Rhode Island,,2021-01-30,0.509
Rhode Island,,2021-01-31,0.526
Rhode Island,,2021-02-01,0.544
Rhode Island,,2021-02-02,0.565
Rhode Island,,2021-02-03,0.574
Rhode Island,,2021-02-04,0.582
Rhode Island,,2021-02-05,0.599
Rhode Island,,2021-02-06,0.582
Rhode Island,,2021-02-07,0.609
Rhode Island,,2021-02-08,0.627
Rhode Island,,2021-02-09,0.587
Rhode Island,,2021-02-10,0.6
Rhode Island,,2021-02-11,0.604
Rhode Island,,2021-02-12,0.623
Rhode Island,,2021-02-13,0.599
Rhode Island,,2021-02-14,0.617
Rhode Island,,2021-02-16,0.627
Rhode Island,,2021-02-17,0.646
Rhode Island,,2021-02-18,0.682
Rhode Island,,2021-02-19,0.738
Rhode Island,,2021-02-20,0.775
Rhode Island,,2021-02-21,0.807
Rhode Island,,2021-02-22,0.837
Rhode Island,,2021-02-23,0.777
Rhode Island,,2021-02-24,0.747
Rhode Island,,2021-02-25,0.754
Rhode Island,,2021-02-26,0.772
Rhode Island,,2021-02-27,0.796
Rhode Island,,2021-02-28,0.832
Rhode Island,,2021-03-01,0.874
Rhode Island,,2021-03-02,0.786
Rhode Island,,2021-03-03,0.804
Rhode Island,,2021-03-04,0.821
Rhode Island,,2021-03-05,0.809
Rhode Island,,2021-03-06,0.801
South Carolina,,2021-01-12,0.257
South Carolina,,2021-01-13,0.315
South Carolina,,2021-01-14,0.335
South Carolina,,2021-01-15,0.348
South Carolina,,2021-01-19,0.534
South Carolina,,2021-01-20,0.44
South Carolina,,2021-01-21,0.473
South Carolina,,2021-01-22,0.505
South Carolina,,2021-01-23,0.55
South Carolina,,2021-01-24,0.615
South Carolina,,2021-01-25,0.678
South Carolina,,2021-01-26,0.61
South Carolina,,2021-01-27,0.596
South Carolina,,2021-01-28,0.656
South Carolina,,2021-01-29,0.69
South Carolina,,2021-01-30,0.728
South Carolina,,2021-01-31,0.785
South Carolina,,2021-02-01,0.826
South Carolina,,2021-02-02,0.713
South Carolina,,2021-02-03,0.702
South Carolina,,2021-02-04,0.728
South Carolina,,2021-02-05,0.758
South Carolina,,2021-02-06,0.793
South Carolina,,2021-02-07,0.831
South Carolina,,2021-02-08,0.855
South Carolina,,2021-02-09,0.822
South Carolina,,2021-02-10,0.83
South Carolina,,2021-02-11,0.806
South Carolina,,2021-02-12,0.785
South Carolina,,2021-02-13,0.757
South Carolina,,2021-02-14,0.79
South Carolina,,2021-02-16,0.797
South Carolina,,2021-02-17,0.804
South Carolina,,2021-02-18,0.828
South Carolina,,2021-02-19,0.796
South Carolina,,2021-02-20,0.825
South Carolina,,2021-02-21,0.854
South Carolina,,2021-02-22,0.875
South Carolina,,2021-02-23,0.838
South Carolina,,2021-02-24,0.813
South Carolina,,2021-02-25,0.773
South Carolina,,2021-02-26,0.792
South Carolina,,2021-02-27,0.79
South Carolina,,2021-02-28,0.811
South Carolina,,2021-03-01,0.834
South Carolina,,2021-03-02,0.758
South Carolina,,2021-03-03,0.772
South Carolina,,2021-03-04,0.78
South Carolina,,2021-03-05,0.78
South Carolina,,2021-03-06,0.782
South Dakota,,2021-01-12,0.583
South Dakota,,2021-01-13,0.574
South Dakota,,2021-01-14,0.614
South Dakota,,2021-01-15,0.61
South Dakota,,2021-01-19,0.652
South Dakota,,2021-01-20,0.652
South Dakota,,2021-01-21,0.658
South Dakota,,2021-01-22,0.704
South Dakota,,2021-01-23,0.724
South Dakota,,2021-01-24,0.755
South Dakota,,2021-01-25,0.774
South Dakota,,2021-01-26,0.704
South Dakota,,2021-01-27,0.708
South Dakota,,2021-01-28,0.741
South Dakota,,2021-01-29,0.785
South Dakota,,2021-01-30,0.787
South Dakota,,2021-01-31,0.811
South Dakota,,2021-02-01,0.824
South Dakota,,2021-02-02,0.758
South Dakota,,2021-02-03,0.752
South Dakota,,2021-02-04,0.754
South Dakota,,2021-02-05,0.792
South Dakota,,2021-02-06,0.792
South Dakota,,2021-02-07,0.816
South Dakota,,2021-02-08,0.826
South Dakota,,2021-02-09,0.793
South Dakota,,2021-02-10,0.787
South Dakota,,2021-02-11,0.78
South Dakota,,2021-02-12,0.817
South Dakota,,2021-02-13,0.852
South Dakota,,2021-02-14,0.88
South Dakota,,2021-02-16,0.861
South Dakota,,2021-02-17,0.876
South Dakota,,2021-02-18,0.869
South Dakota,,2021-02-19,0.83
South Dakota,,2021-02-20,0.846
South Dakota,,2021-02-21,0.872
South Dakota,,2021-02-22,0.884
South Dakota,,2021-02-23,0.851
South Dakota,,2021-02-24,0.814
South Dakota,,2021-02-25,0.809
South Dakota,,2021-02-26,0.813
South Dakota,,2021-02-27,0.818
South Dakota,,2021-02-28,0.845
South Dakota,,2021-03-01,0.857
South Dakota,,2021-03-02,0.826
South Dakota,,2021-03-03,0.805
South Dakota,,2021-03-04,0.782
South Dakota,,2021-03-05,0.778
South Dakota,,2021-03-06,0.787
Tennessee,,2021-01-12,0.517
Tennessee,,2021-01-13,0.443
Tennessee,,2021-01-14,0.403
Tennessee,,2021-01-15,0.461
Tennessee,,2021-01-19,0.535
Tennessee,,2021-01-20,0.533
Tennessee,,2021-01-21,0.519
Tennessee,,2021-01-22,0.503
Tennessee,,2021-01-23,0.506
Tennessee,,2021-01-24,0.539
Tennessee,,2021-01-25,0.552
Tennessee,,2021-01-26,0.558
Tennessee,,2021-01-27,0.55
Tennessee,,2021-01-28,0.543
Tennessee,,2021-01-29,0.572
Tennessee,,2021-01-30,0.575
Tennessee,,2021-01-31,0.61
Tennessee,,2021-02-01,0.629
Tennessee,,2021-02-02,0.638
Tennessee,,2021-02-03,0.63
Tennessee,,2021-02-04,0.628
Tennessee,,2021-02-05,0.648
Tennessee,,2021-02-06,0.65
Tennessee,,2021-02-07,0.684
Tennessee,,2021-02-08,0.696
Tennessee,,2021-02-09,0.702
Tennessee,,2021-02-10,0.685
Tennessee,,2021-02-11,0.669
Tennessee,,2021-02-12,0.677
Tennessee,,2021-02-13,0.683
Tennessee,,2021-02-14,0.71
Tennessee,,2021-02-16,0.716
Tennessee,,2021-02-17,0.712
Tennessee,,2021-02-18,0.719
Tennessee,,2021-02-19,0.739
Tennessee,,2021-02-20,0.743
Tennessee,,2021-02-21,0.756
Tennessee,,2021-02-22,0.765
Tennessee,,2021-02-23,0.73
Tennessee,,2021-02-24,0.663
Tennessee,,2021-02-25,0.677
Tennessee,,2021-02-26,0.67
Tennessee,,2021-02-27,0.662
Tennessee,,2021-02-28,0.692
Tennessee,,2021-03-01,0.709
Tennessee,,2021-03-02,0.712
Tennessee,,2021-03-03,0.712
Tennessee,,2021-03-04,0.695
Tennessee,,2021-03-05,0.683
Tennessee,,2021-03-06,0.686
Texas,,2021-01-12,0.468
Texas,,2021-01-13,0.493
Texas,,2021-01-14,0.496
Texas,,2021-01-15,0.551
Texas,,2021-01-19,0.667
Texas,,2021-01-20,0.577
Texas,,2021-01-21,0.561
Texas,,2021-01-22,0.57
Texas,,2021-01-23,0.563
Texas,,2021-01-24,0.574
Texas,,2021-01-25,0.587
Texas,,2021-01-26,0.574
Texas,,2021-01-27,0.563
Texas,,2021-01-28,0.6
Texas,,2021-01-29,0.607
Texas,,2021-01-30,0.64
Texas,,2021-01-31,0.658
Texas,,2021-02-01,0.682
Texas,,2021-02-02,0.61
Texas,,2021-02-03,0.629
Texas,,2021-02-04,0.663
Texas,,2021-02-05,0.691
Texas,,2021-02-06,0.706
Texas,,2021-02-07,0.737
Texas,,2021-02-08,0.755
Texas,,2021-02-09,0.748
Texas,,2021-02-10,0.712
Texas,,2021-02-11,0.728
Texas,,2021-02-12,0.76
Texas,,2021-02-13,0.786
Texas,,2021-02-14,0.811
Texas,,2021-02-16,0.832
Texas,,2021-02-17,0.843
Texas,,2021-02-18,0.824
Texas,,2021-02-19,0.823
Texas,,2021-02-20,0.824
Texas,,2021-02-21,0.827
Texas,,2021-02-22,0.833
Texas,,2021-02-23,0.78
Texas,,2021-02-24,0.685
Texas,,2021-02-25,0.692
Texas,,2021-02-26,0.711
Texas,,2021-02-27,0.708
Texas,,2021-02-28,0.731
Texas,,2021-03-01,0.732
Texas,,2021-03-02,0.723
Texas,,2021-03-03,0.711
Texas,,2021-03-04,0.722
Texas,,2021-03-05,0.719
Texas,,2021-03-06,0.738
United States,USA,2021-01-12,0.337
United States,USA,2021-01-13,0.35
United States,USA,2021-01-14,0.364
United States,USA,2021-01-15,0.394
United States,USA,2021-01-19,0.504
United States,USA,2021-01-20,0.459
United States,USA,2021-01-21,0.462
United States,USA,2021-01-22,0.479
United States,USA,2021-01-23,0.496
United States,USA,2021-01-24,0.528
United States,USA,2021-01-25,0.549
United States,USA,2021-01-26,0.53
United States,USA,2021-01-27,0.522
United States,USA,2021-01-28,0.541
United States,USA,2021-01-29,0.567
United States,USA,2021-01-30,0.592
United States,USA,2021-01-31,0.623
United States,USA,2021-02-01,0.645
United States,USA,2021-02-02,0.623
United States,USA,2021-02-03,0.606
United States,USA,2021-02-04,0.612
United States,USA,2021-02-05,0.631
United States,USA,2021-02-06,0.658
United States,USA,2021-02-07,0.695
United States,USA,2021-02-08,0.715
United States,USA,2021-02-09,0.687
United States,USA,2021-02-10,0.679
United States,USA,2021-02-11,0.679
United States,USA,2021-02-12,0.701
United States,USA,2021-02-13,0.725
United States,USA,2021-02-14,0.755
United States,USA,2021-02-16,0.771
United States,USA,2021-02-17,0.777
United States,USA,2021-02-18,0.787
United States,USA,2021-02-19,0.762
United States,USA,2021-02-20,0.817
United States,USA,2021-02-21,0.839
United States,USA,2021-02-22,0.853
United States,USA,2021-02-23,0.792
United States,USA,2021-02-24,0.75
United States,USA,2021-02-25,0.745
United States,USA,2021-02-26,0.747
United States,USA,2021-02-27,0.755
United States,USA,2021-02-28,0.78
United States,USA,2021-03-01,0.798
United States,USA,2021-03-02,0.768
United States,USA,2021-03-03,0.753
United States,USA,2021-03-04,0.751
United States,USA,2021-03-05,0.745
United States,USA,2021-03-06,0.756
Utah,,2021-01-12,0.372
Utah,,2021-01-13,0.391
Utah,,2021-01-14,0.431
Utah,,2021-01-15,0.478
Utah,,2021-01-19,0.609
Utah,,2021-01-20,0.569
Utah,,2021-01-21,0.561
Utah,,2021-01-22,0.593
Utah,,2021-01-23,0.593
Utah,,2021-01-24,0.593
Utah,,2021-01-25,0.67
Utah,,2021-01-26,0.615
Utah,,2021-01-27,0.608
Utah,,2021-01-28,0.6
Utah,,2021-01-29,0.675
Utah,,2021-01-30,0.714
Utah,,2021-01-31,0.714
Utah,,2021-02-01,0.805
Utah,,2021-02-02,0.76
Utah,,2021-02-03,0.688
Utah,,2021-02-04,0.718
Utah,,2021-02-05,0.763
Utah,,2021-02-06,0.811
Utah,,2021-02-07,0.811
Utah,,2021-02-08,1.027
Utah,,2021-02-09,0.959
Utah,,2021-02-10,0.921
Utah,,2021-02-11,0.88
Utah,,2021-02-12,0.88
Utah,,2021-02-13,0.88
Utah,,2021-02-14,0.88
Utah,,2021-02-16,0.881
Utah,,2021-02-17,0.879
Utah,,2021-02-18,0.892
Utah,,2021-02-19,0.89
Utah,,2021-02-20,0.926
Utah,,2021-02-21,0.927
Utah,,2021-02-22,0.927
Utah,,2021-02-23,0.845
Utah,,2021-02-24,0.829
Utah,,2021-02-25,0.84
Utah,,2021-02-26,0.811
Utah,,2021-02-27,0.838
Utah,,2021-02-28,0.839
Utah,,2021-03-01,0.839
Utah,,2021-03-02,0.821
Utah,,2021-03-03,0.818
Utah,,2021-03-04,0.783
Utah,,2021-03-05,0.804
Utah,,2021-03-06,0.838
Vermont,,2021-01-12,0.397
Vermont,,2021-01-13,0.424
Vermont,,2021-01-14,0.424
Vermont,,2021-01-15,0.439
Vermont,,2021-01-19,0.548
Vermont,,2021-01-20,0.537
Vermont,,2021-01-21,0.543
Vermont,,2021-01-22,0.548
Vermont,,2021-01-23,0.549
Vermont,,2021-01-24,0.576
Vermont,,2021-01-25,0.596
Vermont,,2021-01-26,0.586
Vermont,,2021-01-27,0.572
Vermont,,2021-01-28,0.596
Vermont,,2021-01-29,0.619
Vermont,,2021-01-30,0.639
Vermont,,2021-01-31,0.673
Vermont,,2021-02-01,0.726
Vermont,,2021-02-02,0.674
Vermont,,2021-02-03,0.658
Vermont,,2021-02-04,0.665
Vermont,,2021-02-05,0.69
Vermont,,2021-02-06,0.715
Vermont,,2021-02-07,0.751
Vermont,,2021-02-08,0.778
Vermont,,2021-02-09,0.716
Vermont,,2021-02-10,0.7
Vermont,,2021-02-11,0.703
Vermont,,2021-02-12,0.725
Vermont,,2021-02-13,0.744
Vermont,,2021-02-14,0.774
Vermont,,2021-02-16,0.78
Vermont,,2021-02-17,0.771
Vermont,,2021-02-18,0.781
Vermont,,2021-02-19,0.799
Vermont,,2021-02-20,0.828
Vermont,,2021-02-21,0.839
Vermont,,2021-02-22,0.865
Vermont,,2021-02-23,0.807
Vermont,,2021-02-24,0.744
Vermont,,2021-02-25,0.718
Vermont,,2021-02-26,0.732
Vermont,,2021-02-27,0.758
Vermont,,2021-02-28,0.786
Vermont,,2021-03-01,0.812
Vermont,,2021-03-02,0.755
Vermont,,2021-03-03,0.75
Vermont,,2021-03-04,0.714
Vermont,,2021-03-05,0.709
Vermont,,2021-03-06,0.706
Veterans Health,,2021-01-12,0.256
Veterans Health,,2021-01-13,0.27
Veterans Health,,2021-01-14,0.302
Veterans Health,,2021-01-15,0.32
Veterans Health,,2021-01-19,0.419
Veterans Health,,2021-01-20,0.413
Veterans Health,,2021-01-21,0.479
Veterans Health,,2021-01-22,0.504
Veterans Health,,2021-01-23,0.542
Veterans Health,,2021-01-24,0.577
Veterans Health,,2021-01-25,0.61
Veterans Health,,2021-01-26,0.558
Veterans Health,,2021-01-27,0.569
Veterans Health,,2021-01-28,0.579
Veterans Health,,2021-01-29,0.615
Veterans Health,,2021-01-30,0.649
Veterans Health,,2021-01-31,0.682
Veterans Health,,2021-02-01,0.704
Veterans Health,,2021-02-02,0.653
Veterans Health,,2021-02-03,0.657
Veterans Health,,2021-02-04,0.642
Veterans Health,,2021-02-05,0.674
Veterans Health,,2021-02-06,0.652
Veterans Health,,2021-02-07,0.704
Veterans Health,,2021-02-08,0.726
Veterans Health,,2021-02-09,0.658
Veterans Health,,2021-02-10,0.666
Veterans Health,,2021-02-11,0.674
Veterans Health,,2021-02-12,0.705
Veterans Health,,2021-02-13,0.736
Veterans Health,,2021-02-14,0.784
Veterans Health,,2021-02-16,0.826
Veterans Health,,2021-02-17,0.827
Veterans Health,,2021-02-18,0.84
Veterans Health,,2021-02-19,0.854
Veterans Health,,2021-02-20,0.852
Veterans Health,,2021-02-21,0.874
Veterans Health,,2021-02-22,0.895
Veterans Health,,2021-02-23,0.84
Veterans Health,,2021-02-24,0.828
Veterans Health,,2021-02-25,0.8
Veterans Health,,2021-02-26,0.816
Veterans Health,,2021-02-27,0.862
Veterans Health,,2021-02-28,0.887
Veterans Health,,2021-03-01,0.907
Veterans Health,,2021-03-02,0.856
Veterans Health,,2021-03-03,0.871
Veterans Health,,2021-03-04,0.776
Veterans Health,,2021-03-05,0.794
Veterans Health,,2021-03-06,0.813
Virgin Islands,,2021-01-12,0.096
Virgin Islands,,2021-01-13,0.125
Virgin Islands,,2021-01-14,0.132
Virgin Islands,,2021-01-15,0.138
Virgin Islands,,2021-01-19,0.181
Virgin Islands,,2021-01-20,0.196
Virgin Islands,,2021-01-21,0.206
Virgin Islands,,2021-01-22,0.227
Virgin Islands,,2021-01-23,0.248
Virgin Islands,,2021-01-24,0.25
Virgin Islands,,2021-01-25,0.234
Virgin Islands,,2021-01-26,0.239
Virgin Islands,,2021-01-27,0.247
Virgin Islands,,2021-01-28,0.271
Virgin Islands,,2021-01-29,0.308
Virgin Islands,,2021-01-30,0.349
Virgin Islands,,2021-01-31,0.352
Virgin Islands,,2021-02-01,0.358
Virgin Islands,,2021-02-02,0.33
Virgin Islands,,2021-02-03,0.363
Virgin Islands,,2021-02-04,0.398
Virgin Islands,,2021-02-05,0.431
Virgin Islands,,2021-02-06,0.459
Virgin Islands,,2021-02-07,0.459
Virgin Islands,,2021-02-08,0.462
Virgin Islands,,2021-02-09,0.468
Virgin Islands,,2021-02-10,0.442
Virgin Islands,,2021-02-11,0.439
Virgin Islands,,2021-02-12,0.442
Virgin Islands,,2021-02-13,0.461
Virgin Islands,,2021-02-14,0.465
Virgin Islands,,2021-02-16,0.47
Virgin Islands,,2021-02-17,0.498
Virgin Islands,,2021-02-18,0.516
Virgin Islands,,2021-02-19,0.562
Virgin Islands,,2021-02-20,0.599
Virgin Islands,,2021-02-21,0.61
Virgin Islands,,2021-02-22,0.613
Virgin Islands,,2021-02-23,0.586
Virgin Islands,,2021-02-24,0.591
Virgin Islands,,2021-02-25,0.493
Virgin Islands,,2021-02-26,0.518
Virgin Islands,,2021-02-27,0.53
Virgin Islands,,2021-02-28,0.537
Virgin Islands,,2021-03-01,0.54
Virgin Islands,,2021-03-02,0.524
Virgin Islands,,2021-03-03,0.529
Virgin Islands,,2021-03-04,0.568
Virgin Islands,,2021-03-05,0.553
Virgin Islands,,2021-03-06,0.569
Virginia,,2021-01-12,0.239
Virginia,,2021-01-13,0.258
Virginia,,2021-01-14,0.255
Virginia,,2021-01-15,0.286
Virginia,,2021-01-19,0.383
Virginia,,2021-01-20,0.357
Virginia,,2021-01-21,0.365
Virginia,,2021-01-22,0.376
Virginia,,2021-01-23,0.401
Virginia,,2021-01-24,0.422
Virginia,,2021-01-25,0.451
Virginia,,2021-01-26,0.507
Virginia,,2021-01-27,0.533
Virginia,,2021-01-28,0.57
Virginia,,2021-01-29,0.611
Virginia,,2021-01-30,0.638
Virginia,,2021-01-31,0.676
Virginia,,2021-02-01,0.707
Virginia,,2021-02-02,0.69
Virginia,,2021-02-03,0.673
Virginia,,2021-02-04,0.687
Virginia,,2021-02-05,0.716
Virginia,,2021-02-06,0.758
Virginia,,2021-02-07,0.795
Virginia,,2021-02-08,0.818
Virginia,,2021-02-09,0.752
Virginia,,2021-02-10,0.761
Virginia,,2021-02-11,0.769
Virginia,,2021-02-12,0.801
Virginia,,2021-02-13,0.833
Virginia,,2021-02-14,0.849
Virginia,,2021-02-16,0.868
Virginia,,2021-02-17,0.851
Virginia,,2021-02-18,0.877
Virginia,,2021-02-19,0.847
Virginia,,2021-02-20,0.858
Virginia,,2021-02-21,0.875
Virginia,,2021-02-22,0.89
Virginia,,2021-02-23,0.773
Virginia,,2021-02-24,0.764
Virginia,,2021-02-25,0.78
Virginia,,2021-02-26,0.792
Virginia,,2021-02-27,0.79
Virginia,,2021-02-28,0.822
Virginia,,2021-03-01,0.842
Virginia,,2021-03-02,0.794
Virginia,,2021-03-03,0.804
Virginia,,2021-03-04,0.82
Virginia,,2021-03-05,0.829
Virginia,,2021-03-06,0.83
Washington,,2021-01-12,0.344
Washington,,2021-01-13,0.364
Washington,,2021-01-14,0.344
Washington,,2021-01-15,0.348
Washington,,2021-01-19,0.461
Washington,,2021-01-20,0.431
Washington,,2021-01-21,0.455
Washington,,2021-01-22,0.486
Washington,,2021-01-23,0.516
Washington,,2021-01-24,0.531
Washington,,2021-01-25,0.577
Washington,,2021-01-26,0.528
Washington,,2021-01-27,0.545
Washington,,2021-01-28,0.569
Washington,,2021-01-29,0.604
Washington,,2021-01-30,0.624
Washington,,2021-01-31,0.664
Washington,,2021-02-01,0.699
Washington,,2021-02-02,0.657
Washington,,2021-02-03,0.658
Washington,,2021-02-04,0.682
Washington,,2021-02-05,0.706
Washington,,2021-02-06,0.718
Washington,,2021-02-07,0.749
Washington,,2021-02-08,0.776
Washington,,2021-02-09,0.697
Washington,,2021-02-10,0.718
Washington,,2021-02-11,0.728
Washington,,2021-02-12,0.751
Washington,,2021-02-13,0.78
Washington,,2021-02-14,0.811
Washington,,2021-02-16,0.827
Washington,,2021-02-17,0.817
Washington,,2021-02-18,0.837
Washington,,2021-02-19,0.851
Washington,,2021-02-20,0.869
Washington,,2021-02-21,0.892
Washington,,2021-02-22,0.914
Washington,,2021-02-23,0.778
Washington,,2021-02-24,0.752
Washington,,2021-02-25,0.746
Washington,,2021-02-26,0.743
Washington,,2021-02-27,0.742
Washington,,2021-02-28,0.77
Washington,,2021-03-01,0.802
Washington,,2021-03-02,0.754
Washington,,2021-03-03,0.75
Washington,,2021-03-04,0.755
Washington,,2021-03-05,0.761
Washington,,2021-03-06,0.779
West Virginia,,2021-01-12,0.642
West Virginia,,2021-01-13,0.688
West Virginia,,2021-01-14,0.737
West Virginia,,2021-01-15,0.653
West Virginia,,2021-01-19,0.743
West Virginia,,2021-01-20,0.684
West Virginia,,2021-01-21,0.723
West Virginia,,2021-01-22,0.78
West Virginia,,2021-01-23,0.801
West Virginia,,2021-01-24,0.835
West Virginia,,2021-01-25,0.839
West Virginia,,2021-01-26,0.756
West Virginia,,2021-01-27,0.772
West Virginia,,2021-01-28,0.807
West Virginia,,2021-01-29,0.862
West Virginia,,2021-01-30,0.84
West Virginia,,2021-01-31,0.851
West Virginia,,2021-02-01,0.853
West Virginia,,2021-02-02,0.813
West Virginia,,2021-02-03,0.816
West Virginia,,2021-02-04,0.842
West Virginia,,2021-02-05,0.888
West Virginia,,2021-02-06,0.882
West Virginia,,2021-02-07,0.902
West Virginia,,2021-02-08,0.906
West Virginia,,2021-02-09,0.861
West Virginia,,2021-02-10,0.874
West Virginia,,2021-02-11,0.88
West Virginia,,2021-02-12,0.906
West Virginia,,2021-02-13,0.951
West Virginia,,2021-02-14,0.977
West Virginia,,2021-02-16,0.916
West Virginia,,2021-02-17,0.897
West Virginia,,2021-02-18,0.914
West Virginia,,2021-02-19,0.916
West Virginia,,2021-02-20,0.952
West Virginia,,2021-02-21,0.963
West Virginia,,2021-02-22,0.968
West Virginia,,2021-02-23,0.918
West Virginia,,2021-02-24,0.853
West Virginia,,2021-02-25,0.854
West Virginia,,2021-02-26,0.879
West Virginia,,2021-02-27,0.869
West Virginia,,2021-02-28,0.879
West Virginia,,2021-03-01,0.882
West Virginia,,2021-03-02,0.832
West Virginia,,2021-03-03,0.83
West Virginia,,2021-03-04,0.839
West Virginia,,2021-03-05,0.844
West Virginia,,2021-03-06,0.821
Wisconsin,,2021-01-12,0.32
Wisconsin,,2021-01-13,0.315
Wisconsin,,2021-01-14,0.342
Wisconsin,,2021-01-15,0.388
Wisconsin,,2021-01-19,0.488
Wisconsin,,2021-01-20,0.413
Wisconsin,,2021-01-21,0.414
Wisconsin,,2021-01-22,0.437
Wisconsin,,2021-01-23,0.468
Wisconsin,,2021-01-24,0.505
Wisconsin,,2021-01-25,0.518
Wisconsin,,2021-01-26,0.464
Wisconsin,,2021-01-27,0.424
Wisconsin,,2021-01-28,0.456
Wisconsin,,2021-01-29,0.513
Wisconsin,,2021-01-30,0.566
Wisconsin,,2021-01-31,0.618
Wisconsin,,2021-02-01,0.646
Wisconsin,,2021-02-02,0.58
Wisconsin,,2021-02-03,0.594
Wisconsin,,2021-02-04,0.593
Wisconsin,,2021-02-05,0.643
Wisconsin,,2021-02-06,0.689
Wisconsin,,2021-02-07,0.802
Wisconsin,,2021-02-08,0.824
Wisconsin,,2021-02-09,0.736
Wisconsin,,2021-02-10,0.752
Wisconsin,,2021-02-11,0.765
Wisconsin,,2021-02-12,0.8
Wisconsin,,2021-02-13,0.847
Wisconsin,,2021-02-14,0.883
Wisconsin,,2021-02-16,0.811
Wisconsin,,2021-02-17,0.817
Wisconsin,,2021-02-18,0.837
Wisconsin,,2021-02-19,0.875
Wisconsin,,2021-02-20,0.913
Wisconsin,,2021-02-21,0.945
Wisconsin,,2021-02-22,0.962
Wisconsin,,2021-02-23,0.899
Wisconsin,,2021-02-24,0.886
Wisconsin,,2021-02-25,0.832
Wisconsin,,2021-02-26,0.856
Wisconsin,,2021-02-27,0.895
Wisconsin,,2021-02-28,0.926
Wisconsin,,2021-03-01,0.945
Wisconsin,,2021-03-02,0.838
Wisconsin,,2021-03-03,0.834
Wisconsin,,2021-03-04,0.851
Wisconsin,,2021-03-05,0.874
Wisconsin,,2021-03-06,0.894
Wyoming,,2021-01-12,0.344
Wyoming,,2021-01-13,0.308
Wyoming,,2021-01-14,0.336
Wyoming,,2021-01-15,0.387
Wyoming,,2021-01-19,0.477
Wyoming,,2021-01-20,0.468
Wyoming,,2021-01-21,0.435
Wyoming,,2021-01-22,0.496
Wyoming,,2021-01-23,0.531
Wyoming,,2021-01-24,0.577
Wyoming,,2021-01-25,0.582
Wyoming,,2021-01-26,0.576
Wyoming,,2021-01-27,0.524
Wyoming,,2021-01-28,0.524
Wyoming,,2021-01-29,0.573
Wyoming,,2021-01-30,0.573
Wyoming,,2021-01-31,0.665
Wyoming,,2021-02-01,0.685
Wyoming,,2021-02-02,0.66
Wyoming,,2021-02-03,0.622
Wyoming,,2021-02-04,0.622
Wyoming,,2021-02-05,0.663
Wyoming,,2021-02-06,0.707
Wyoming,,2021-02-07,0.707
Wyoming,,2021-02-08,0.752
Wyoming,,2021-02-09,0.676
Wyoming,,2021-02-10,0.677
Wyoming,,2021-02-11,0.669
Wyoming,,2021-02-12,0.731
Wyoming,,2021-02-13,0.731
Wyoming,,2021-02-14,0.811
Wyoming,,2021-02-16,0.82
Wyoming,,2021-02-17,0.788
Wyoming,,2021-02-18,0.83
Wyoming,,2021-02-19,0.829
Wyoming,,2021-02-20,0.855
Wyoming,,2021-02-21,0.858
Wyoming,,2021-02-22,0.899
Wyoming,,2021-02-23,0.815
Wyoming,,2021-02-24,0.791
Wyoming,,2021-02-25,0.773
Wyoming,,2021-02-26,0.75
Wyoming,,2021-02-27,0.774
Wyoming,,2021-02-28,0.799
Wyoming,,2021-03-01,0.8
Wyoming,,2021-03-02,0.742
Wyoming,,2021-03-03,0.75
Wyoming,,2021-03-04,0.726
Wyoming,,2021-03-05,0.706
Wyoming,,2021-03-06,0.752