Entity,Code,Date,total_vaccinations_per_hundred
Alabama,,2021-01-12,1.59
Alabama,,2021-01-13,1.71
Alabama,,2021-01-14,1.88
Alabama,,2021-01-15,2.05
Alabama,,2021-01-19,2.67
Alabama,,2021-01-20,2.84
Alabama,,2021-01-21,3.38
Alabama,,2021-01-22,4.06
Alabama,,2021-01-23,4.52
Alabama,,2021-01-24,4.97
Alabama,,2021-01-25,5.11
Alabama,,2021-01-26,5.2
Alabama,,2021-01-27,5.43
Alabama,,2021-01-28,5.69
Alabama,,2021-01-29,6.14
Alabama,,2021-01-30,6.98
Alabama,,2021-01-31,7.22
Alabama,,2021-02-01,7.31
Alabama,,2021-02-02,7.58
Alabama,,2021-02-03,7.92
Alabama,,2021-02-04,8.33
Alabama,,2021-02-05,8.78
Alabama,,2021-02-06,9.28
Alabama,,2021-02-07,9.43
Alabama,,2021-02-08,9.54
Alabama,,2021-02-09,10.01
Alabama,,2021-02-10,10.52
Alabama,,2021-02-11,11.08
Alabama,,2021-02-12,11.65
Alabama,,2021-02-13,12.26
Alabama,,2021-02-14,12.49
Alabama,,2021-02-16,12.98
Alabama,,2021-02-17,13.26
Alabama,,2021-02-18,13.71
Alabama,,2021-02-19,15.08
Alabama,,2021-02-20,15.85
Alabama,,2021-02-21,16.08
Alabama,,2021-02-22,16.19
Alabama,,2021-02-23,16.62
Alabama,,2021-02-24,17.13
Alabama,,2021-02-25,17.64
Alabama,,2021-02-26,18.23
Alabama,,2021-02-27,18.99
Alabama,,2021-02-28,19.22
Alabama,,2021-03-01,19.34
Alabama,,2021-03-02,19.83
Alabama,,2021-03-03,20.4
Alabama,,2021-03-04,21.05
Alabama,,2021-03-05,21.71
Alabama,,2021-03-06,22.43
Alaska,,2021-01-12,4.9
Alaska,,2021-01-13,5.29
Alaska,,2021-01-14,5.82
Alaska,,2021-01-15,6.7
Alaska,,2021-01-19,9.07
Alaska,,2021-01-20,9.34
Alaska,,2021-01-21,9.83
Alaska,,2021-01-22,11.09
Alaska,,2021-01-23,12.08
Alaska,,2021-01-24,12.88
Alaska,,2021-01-25,13.26
Alaska,,2021-01-26,13.42
Alaska,,2021-01-27,13.89
Alaska,,2021-01-28,14.47
Alaska,,2021-01-29,15.09
Alaska,,2021-01-30,15.76
Alaska,,2021-01-31,16.35
Alaska,,2021-02-01,16.68
Alaska,,2021-02-02,16.87
Alaska,,2021-02-03,17.19
Alaska,,2021-02-04,17.76
Alaska,,2021-02-05,18.32
Alaska,,2021-02-06,19.02
Alaska,,2021-02-07,19.97
Alaska,,2021-02-08,20.63
Alaska,,2021-02-09,20.9
Alaska,,2021-02-10,21.36
Alaska,,2021-02-11,22.18
Alaska,,2021-02-12,22.89
Alaska,,2021-02-13,23.94
Alaska,,2021-02-14,25.13
Alaska,,2021-02-16,26.11
Alaska,,2021-02-17,26.47
Alaska,,2021-02-18,27.22
Alaska,,2021-02-19,29.56
Alaska,,2021-02-20,31.08
Alaska,,2021-02-21,32.14
Alaska,,2021-02-22,32.57
Alaska,,2021-02-23,32.8
Alaska,,2021-02-24,33.31
Alaska,,2021-02-25,34.11
Alaska,,2021-02-26,34.77
Alaska,,2021-02-27,35.48
Alaska,,2021-02-28,36.19
Alaska,,2021-03-01,36.69
Alaska,,2021-03-02,36.9
Alaska,,2021-03-03,37.37
Alaska,,2021-03-04,37.85
Alaska,,2021-03-05,38.48
Alaska,,2021-03-06,39.45
American Samoa,ASM,2021-01-12,3.81
American Samoa,ASM,2021-01-13,4.63
American Samoa,ASM,2021-01-14,5.34
American Samoa,ASM,2021-01-15,6.97
American Samoa,ASM,2021-01-19,8.54
American Samoa,ASM,2021-01-20,9.54
American Samoa,ASM,2021-01-21,10.17
American Samoa,ASM,2021-01-22,11.8
American Samoa,ASM,2021-01-23,12.27
American Samoa,ASM,2021-01-24,14.45
American Samoa,ASM,2021-01-25,14.45
American Samoa,ASM,2021-01-26,14.93
American Samoa,ASM,2021-01-27,16.31
American Samoa,ASM,2021-01-28,16.31
American Samoa,ASM,2021-01-29,17.82
American Samoa,ASM,2021-01-30,17.82
American Samoa,ASM,2021-01-31,17.82
American Samoa,ASM,2021-02-01,19.32
American Samoa,ASM,2021-02-02,19.32
American Samoa,ASM,2021-02-03,19.87
American Samoa,ASM,2021-02-04,20.21
American Samoa,ASM,2021-02-05,21.6
American Samoa,ASM,2021-02-06,22.01
American Samoa,ASM,2021-02-07,22.01
American Samoa,ASM,2021-02-08,22.01
American Samoa,ASM,2021-02-09,22.77
American Samoa,ASM,2021-02-10,23.92
American Samoa,ASM,2021-02-11,24.26
American Samoa,ASM,2021-02-12,26.99
American Samoa,ASM,2021-02-13,27.62
American Samoa,ASM,2021-02-14,27.62
American Samoa,ASM,2021-02-16,28.93
American Samoa,ASM,2021-02-17,29.21
American Samoa,ASM,2021-02-18,29.21
American Samoa,ASM,2021-02-19,29.21
American Samoa,ASM,2021-02-20,31.86
American Samoa,ASM,2021-02-21,33.72
American Samoa,ASM,2021-02-22,33.79
American Samoa,ASM,2021-02-23,33.79
American Samoa,ASM,2021-02-24,35.44
American Samoa,ASM,2021-02-25,35.44
American Samoa,ASM,2021-02-26,36.52
American Samoa,ASM,2021-02-27,36.52
American Samoa,ASM,2021-02-28,36.52
American Samoa,ASM,2021-03-01,36.52
American Samoa,ASM,2021-03-02,37.85
American Samoa,ASM,2021-03-03,37.85
American Samoa,ASM,2021-03-04,38.83
American Samoa,ASM,2021-03-05,38.83
American Samoa,ASM,2021-03-06,38.83
Arizona,,2021-01-12,1.94
Arizona,,2021-01-13,2.13
Arizona,,2021-01-14,2.39
Arizona,,2021-01-15,2.71
Arizona,,2021-01-19,3.66
Arizona,,2021-01-20,3.87
Arizona,,2021-01-21,4.18
Arizona,,2021-01-22,4.52
Arizona,,2021-01-23,4.96
Arizona,,2021-01-24,5.37
Arizona,,2021-01-25,5.68
Arizona,,2021-01-26,5.92
Arizona,,2021-01-27,6.3
Arizona,,2021-01-28,6.69
Arizona,,2021-01-29,7.16
Arizona,,2021-01-30,7.66
Arizona,,2021-01-31,8.16
Arizona,,2021-02-01,8.53
Arizona,,2021-02-02,8.68
Arizona,,2021-02-03,9.01
Arizona,,2021-02-04,9.43
Arizona,,2021-02-05,9.88
Arizona,,2021-02-06,10.54
Arizona,,2021-02-07,11.12
Arizona,,2021-02-08,11.55
Arizona,,2021-02-09,11.87
Arizona,,2021-02-10,12.33
Arizona,,2021-02-11,12.94
Arizona,,2021-02-12,13.6
Arizona,,2021-02-13,14.3
Arizona,,2021-02-14,14.96
Arizona,,2021-02-16,15.86
Arizona,,2021-02-17,16
Arizona,,2021-02-18,16.52
Arizona,,2021-02-19,18.91
Arizona,,2021-02-20,19.58
Arizona,,2021-02-21,20.19
Arizona,,2021-02-22,20.7
Arizona,,2021-02-23,20.96
Arizona,,2021-02-24,21.38
Arizona,,2021-02-25,22.09
Arizona,,2021-02-26,22.96
Arizona,,2021-02-27,23.74
Arizona,,2021-02-28,24.63
Arizona,,2021-03-01,25.41
Arizona,,2021-03-02,25.96
Arizona,,2021-03-03,26.53
Arizona,,2021-03-04,27.2
Arizona,,2021-03-05,28.01
Arizona,,2021-03-06,28.08
Arkansas,,2021-01-12,1.36
Arkansas,,2021-01-13,3.14
Arkansas,,2021-01-14,3.59
Arkansas,,2021-01-15,3.92
Arkansas,,2021-01-19,4.72
Arkansas,,2021-01-20,5.74
Arkansas,,2021-01-21,5.74
Arkansas,,2021-01-22,6.68
Arkansas,,2021-01-23,6.68
Arkansas,,2021-01-24,7.1
Arkansas,,2021-01-25,7.33
Arkansas,,2021-01-26,7.83
Arkansas,,2021-01-27,8.38
Arkansas,,2021-01-28,8.38
Arkansas,,2021-01-29,8.95
Arkansas,,2021-01-30,9.56
Arkansas,,2021-01-31,10.07
Arkansas,,2021-02-01,10.31
Arkansas,,2021-02-02,10.42
Arkansas,,2021-02-03,10.68
Arkansas,,2021-02-04,11.21
Arkansas,,2021-02-05,11.64
Arkansas,,2021-02-06,12.42
Arkansas,,2021-02-07,13.04
Arkansas,,2021-02-08,13.31
Arkansas,,2021-02-09,13.39
Arkansas,,2021-02-10,13.85
Arkansas,,2021-02-11,14.27
Arkansas,,2021-02-12,14.82
Arkansas,,2021-02-13,15.16
Arkansas,,2021-02-14,15.66
Arkansas,,2021-02-16,16.02
Arkansas,,2021-02-17,16.14
Arkansas,,2021-02-18,16.26
Arkansas,,2021-02-19,17.14
Arkansas,,2021-02-20,17.26
Arkansas,,2021-02-21,17.51
Arkansas,,2021-02-22,17.74
Arkansas,,2021-02-23,17.9
Arkansas,,2021-02-24,18.37
Arkansas,,2021-02-25,18.97
Arkansas,,2021-02-26,19.81
Arkansas,,2021-02-27,20.63
Arkansas,,2021-02-28,21.52
Arkansas,,2021-03-01,21.92
Arkansas,,2021-03-02,22.23
Arkansas,,2021-03-03,22.78
Arkansas,,2021-03-04,23.34
Arkansas,,2021-03-05,23.98
Arkansas,,2021-03-06,24.66
California,,2021-01-12,2.07
California,,2021-01-13,2.26
California,,2021-01-14,2.47
California,,2021-01-15,2.72
California,,2021-01-19,3.7
California,,2021-01-20,3.88
California,,2021-01-21,4.14
California,,2021-01-22,4.57
California,,2021-01-23,5.08
California,,2021-01-24,5.57
California,,2021-01-25,5.9
California,,2021-01-26,6.19
California,,2021-01-27,6.53
California,,2021-01-28,6.95
California,,2021-01-29,7.37
California,,2021-01-30,7.84
California,,2021-01-31,8.32
California,,2021-02-01,8.74
California,,2021-02-02,8.97
California,,2021-02-03,9.29
California,,2021-02-04,9.42
California,,2021-02-05,9.92
California,,2021-02-06,10.47
California,,2021-02-07,11.35
California,,2021-02-08,11.85
California,,2021-02-09,12.11
California,,2021-02-10,12.55
California,,2021-02-11,13
California,,2021-02-12,13.52
California,,2021-02-13,14.08
California,,2021-02-14,14.73
California,,2021-02-16,15.72
California,,2021-02-17,16
California,,2021-02-18,16.44
California,,2021-02-19,17.63
California,,2021-02-20,18.23
California,,2021-02-21,18.86
California,,2021-02-22,19.25
California,,2021-02-23,19.56
California,,2021-02-24,19.93
California,,2021-02-25,20.41
California,,2021-02-26,21.03
California,,2021-02-27,21.68
California,,2021-02-28,22.32
California,,2021-03-01,23.05
California,,2021-03-02,24.04
California,,2021-03-03,24.63
California,,2021-03-04,24.96
California,,2021-03-05,25.49
California,,2021-03-06,26.36
Colorado,,2021-01-12,3.9
Colorado,,2021-01-13,4.16
Colorado,,2021-01-14,4.42
Colorado,,2021-01-15,4.73
Colorado,,2021-01-19,5.74
Colorado,,2021-01-20,5.91
Colorado,,2021-01-21,6.13
Colorado,,2021-01-22,6.55
Colorado,,2021-01-23,6.55
Colorado,,2021-01-24,7.54
Colorado,,2021-01-25,7.78
Colorado,,2021-01-26,7.95
Colorado,,2021-01-27,8.24
Colorado,,2021-01-28,8.61
Colorado,,2021-01-29,9.06
Colorado,,2021-01-30,9.47
Colorado,,2021-01-31,9.88
Colorado,,2021-02-01,10.24
Colorado,,2021-02-02,10.44
Colorado,,2021-02-03,10.72
Colorado,,2021-02-04,11.1
Colorado,,2021-02-05,11.49
Colorado,,2021-02-06,12.07
Colorado,,2021-02-07,12.68
Colorado,,2021-02-08,13.06
Colorado,,2021-02-09,13.16
Colorado,,2021-02-10,13.67
Colorado,,2021-02-11,14.15
Colorado,,2021-02-12,14.67
Colorado,,2021-02-13,15.38
Colorado,,2021-02-14,16.09
Colorado,,2021-02-16,17.38
Colorado,,2021-02-17,17.78
Colorado,,2021-02-18,18.29
Colorado,,2021-02-19,19.66
Colorado,,2021-02-20,20.28
Colorado,,2021-02-21,20.88
Colorado,,2021-02-22,21.39
Colorado,,2021-02-23,21.42
Colorado,,2021-02-24,22.02
Colorado,,2021-02-25,22.47
Colorado,,2021-02-26,22.98
Colorado,,2021-02-27,23
Colorado,,2021-02-28,23.82
Colorado,,2021-03-01,24.54
Colorado,,2021-03-02,24.81
Colorado,,2021-03-03,25.39
Colorado,,2021-03-04,25.96
Colorado,,2021-03-05,26.55
Colorado,,2021-03-06,27.44
Connecticut,,2021-01-12,4.25
Connecticut,,2021-01-13,4.54
Connecticut,,2021-01-14,4.82
Connecticut,,2021-01-15,5.21
Connecticut,,2021-01-19,6.44
Connecticut,,2021-01-20,6.82
Connecticut,,2021-01-21,7.42
Connecticut,,2021-01-22,8.06
Connecticut,,2021-01-23,8.6
Connecticut,,2021-01-24,9.02
Connecticut,,2021-01-25,9.29
Connecticut,,2021-01-26,9.61
Connecticut,,2021-01-27,10.12
Connecticut,,2021-01-28,10.69
Connecticut,,2021-01-29,11.31
Connecticut,,2021-01-30,11.81
Connecticut,,2021-01-31,12.25
Connecticut,,2021-02-01,12.6
Connecticut,,2021-02-02,12.79
Connecticut,,2021-02-03,13.04
Connecticut,,2021-02-04,13.51
Connecticut,,2021-02-05,14.09
Connecticut,,2021-02-06,14.57
Connecticut,,2021-02-07,14.98
Connecticut,,2021-02-08,15.21
Connecticut,,2021-02-09,15.55
Connecticut,,2021-02-10,16.12
Connecticut,,2021-02-11,16.84
Connecticut,,2021-02-12,17.58
Connecticut,,2021-02-13,18.37
Connecticut,,2021-02-14,18.92
Connecticut,,2021-02-16,19.95
Connecticut,,2021-02-17,20.7
Connecticut,,2021-02-18,21.52
Connecticut,,2021-02-19,23.07
Connecticut,,2021-02-20,23.78
Connecticut,,2021-02-21,24.14
Connecticut,,2021-02-22,24.76
Connecticut,,2021-02-23,25.04
Connecticut,,2021-02-24,25.58
Connecticut,,2021-02-25,25.97
Connecticut,,2021-02-26,26.76
Connecticut,,2021-02-27,27.49
Connecticut,,2021-02-28,28.17
Connecticut,,2021-03-01,28.93
Connecticut,,2021-03-02,29.17
Connecticut,,2021-03-03,29.77
Connecticut,,2021-03-04,30.5
Connecticut,,2021-03-05,31.46
Connecticut,,2021-03-06,32.46
Delaware,,2021-01-12,2.71
Delaware,,2021-01-13,2.92
Delaware,,2021-01-14,3.19
Delaware,,2021-01-15,3.19
Delaware,,2021-01-19,4.37
Delaware,,2021-01-20,4.69
Delaware,,2021-01-21,5.07
Delaware,,2021-01-22,5.57
Delaware,,2021-01-23,6.16
Delaware,,2021-01-24,6.59
Delaware,,2021-01-25,6.87
Delaware,,2021-01-26,7.03
Delaware,,2021-01-27,7.95
Delaware,,2021-01-28,8.45
Delaware,,2021-01-29,8.96
Delaware,,2021-01-30,9.5
Delaware,,2021-01-31,10.26
Delaware,,2021-02-01,10.55
Delaware,,2021-02-02,10.66
Delaware,,2021-02-03,11.04
Delaware,,2021-02-04,11.38
Delaware,,2021-02-05,11.73
Delaware,,2021-02-06,12.17
Delaware,,2021-02-07,12.68
Delaware,,2021-02-08,13.01
Delaware,,2021-02-09,13.1
Delaware,,2021-02-10,13.36
Delaware,,2021-02-11,13.7
Delaware,,2021-02-12,14.03
Delaware,,2021-02-13,14.59
Delaware,,2021-02-14,15.04
Delaware,,2021-02-16,15.65
Delaware,,2021-02-17,15.93
Delaware,,2021-02-18,16.42
Delaware,,2021-02-19,18
Delaware,,2021-02-20,18.55
Delaware,,2021-02-21,18.58
Delaware,,2021-02-22,18.89
Delaware,,2021-02-23,19.16
Delaware,,2021-02-24,19.5
Delaware,,2021-02-25,20.08
Delaware,,2021-02-26,20.92
Delaware,,2021-02-27,21.85
Delaware,,2021-02-28,22.52
Delaware,,2021-03-01,23.14
Delaware,,2021-03-02,23.15
Delaware,,2021-03-03,24.41
Delaware,,2021-03-04,25.28
Delaware,,2021-03-05,26.19
Delaware,,2021-03-06,27.17
District of Columbia,,2021-01-12,4.22
District of Columbia,,2021-01-13,4.68
District of Columbia,,2021-01-14,5.2
District of Columbia,,2021-01-15,5.66
District of Columbia,,2021-01-19,7.08
District of Columbia,,2021-01-20,7.33
District of Columbia,,2021-01-21,7.81
District of Columbia,,2021-01-22,8.06
District of Columbia,,2021-01-23,8.47
District of Columbia,,2021-01-24,8.84
District of Columbia,,2021-01-25,9.1
District of Columbia,,2021-01-26,9.17
District of Columbia,,2021-01-27,9.65
District of Columbia,,2021-01-28,10.04
District of Columbia,,2021-01-29,10.39
District of Columbia,,2021-01-30,10.86
District of Columbia,,2021-01-31,11.41
District of Columbia,,2021-02-01,11.69
District of Columbia,,2021-02-02,11.84
District of Columbia,,2021-02-03,12.05
District of Columbia,,2021-02-04,13.33
District of Columbia,,2021-02-05,14.01
District of Columbia,,2021-02-06,14.46
District of Columbia,,2021-02-07,14.99
District of Columbia,,2021-02-08,15.37
District of Columbia,,2021-02-09,15.37
District of Columbia,,2021-02-10,15.37
District of Columbia,,2021-02-11,15.83
District of Columbia,,2021-02-12,16.17
District of Columbia,,2021-02-13,16.47
District of Columbia,,2021-02-14,17.19
District of Columbia,,2021-02-16,17.92
District of Columbia,,2021-02-17,18.2
District of Columbia,,2021-02-18,18.48
District of Columbia,,2021-02-19,22.26
District of Columbia,,2021-02-20,22.62
District of Columbia,,2021-02-21,23.05
District of Columbia,,2021-02-22,23.27
District of Columbia,,2021-02-23,23.62
District of Columbia,,2021-02-24,24.14
District of Columbia,,2021-02-25,24.52
District of Columbia,,2021-02-26,24.94
District of Columbia,,2021-02-27,26.18
District of Columbia,,2021-02-28,27.59
District of Columbia,,2021-03-01,28.06
District of Columbia,,2021-03-02,28.23
District of Columbia,,2021-03-03,28.64
District of Columbia,,2021-03-04,29.39
District of Columbia,,2021-03-05,30
District of Columbia,,2021-03-06,31.26
Federated States of Micronesia,,2021-01-12,0.41
Federated States of Micronesia,,2021-01-13,0.55
Federated States of Micronesia,,2021-01-14,0.58
Federated States of Micronesia,,2021-01-15,0.67
Federated States of Micronesia,,2021-01-19,1.39
Federated States of Micronesia,,2021-01-20,1.69
Federated States of Micronesia,,2021-01-21,2.01
Federated States of Micronesia,,2021-01-22,2.43
Federated States of Micronesia,,2021-01-23,2.66
Federated States of Micronesia,,2021-01-24,2.66
Federated States of Micronesia,,2021-01-25,2.66
Federated States of Micronesia,,2021-01-26,2.87
Federated States of Micronesia,,2021-01-27,3.13
Federated States of Micronesia,,2021-01-28,3.38
Federated States of Micronesia,,2021-01-29,3.83
Federated States of Micronesia,,2021-01-30,3.83
Federated States of Micronesia,,2021-01-31,3.83
Federated States of Micronesia,,2021-02-01,4.93
Federated States of Micronesia,,2021-02-02,5.52
Federated States of Micronesia,,2021-02-03,6.03
Federated States of Micronesia,,2021-02-04,6.46
Federated States of Micronesia,,2021-02-05,6.76
Federated States of Micronesia,,2021-02-06,7.08
Federated States of Micronesia,,2021-02-07,7.15
Federated States of Micronesia,,2021-02-08,7.19
Federated States of Micronesia,,2021-02-09,7.45
Federated States of Micronesia,,2021-02-10,7.74
Federated States of Micronesia,,2021-02-11,8.07
Federated States of Micronesia,,2021-02-12,8.44
Federated States of Micronesia,,2021-02-13,8.91
Federated States of Micronesia,,2021-02-14,9.08
Federated States of Micronesia,,2021-02-16,9.63
Federated States of Micronesia,,2021-02-17,10.23
Federated States of Micronesia,,2021-02-18,10.73
Federated States of Micronesia,,2021-02-19,11.18
Federated States of Micronesia,,2021-02-20,11.18
Federated States of Micronesia,,2021-02-21,11.77
Federated States of Micronesia,,2021-02-22,11.77
Federated States of Micronesia,,2021-02-23,11.77
Federated States of Micronesia,,2021-02-24,12.54
Federated States of Micronesia,,2021-02-25,12.85
Federated States of Micronesia,,2021-02-26,13.33
Federated States of Micronesia,,2021-02-27,13.81
Federated States of Micronesia,,2021-02-28,14.2
Federated States of Micronesia,,2021-03-01,14.49
Federated States of Micronesia,,2021-03-02,15.15
Federated States of Micronesia,,2021-03-03,15.62
Federated States of Micronesia,,2021-03-04,16
Federated States of Micronesia,,2021-03-05,16.5
Federated States of Micronesia,,2021-03-06,17
Florida,,2021-01-12,2.95
Florida,,2021-01-13,3.28
Florida,,2021-01-14,3.61
Florida,,2021-01-15,3.97
Florida,,2021-01-19,5.47
Florida,,2021-01-20,5.77
Florida,,2021-01-21,5.77
Florida,,2021-01-22,6.12
Florida,,2021-01-23,6.93
Florida,,2021-01-24,7.19
Florida,,2021-01-25,7.19
Florida,,2021-01-26,7.34
Florida,,2021-01-27,7.6
Florida,,2021-01-28,7.95
Florida,,2021-01-29,8.36
Florida,,2021-01-30,8.8
Florida,,2021-01-31,9.12
Florida,,2021-02-01,9.34
Florida,,2021-02-02,9.54
Florida,,2021-02-03,9.93
Florida,,2021-02-04,10.35
Florida,,2021-02-05,10.53
Florida,,2021-02-06,11.11
Florida,,2021-02-07,12.14
Florida,,2021-02-08,12.14
Florida,,2021-02-09,12.72
Florida,,2021-02-10,13.2
Florida,,2021-02-11,13.77
Florida,,2021-02-12,14.97
Florida,,2021-02-13,15.6
Florida,,2021-02-14,16.15
Florida,,2021-02-16,16.76
Florida,,2021-02-17,17.24
Florida,,2021-02-18,17.78
Florida,,2021-02-19,19.55
Florida,,2021-02-20,19.58
Florida,,2021-02-21,20.43
Florida,,2021-02-22,20.44
Florida,,2021-02-23,20.51
Florida,,2021-02-24,20.96
Florida,,2021-02-25,21.44
Florida,,2021-02-26,21.9
Florida,,2021-02-27,22.45
Florida,,2021-02-28,23.49
Florida,,2021-03-01,23.5
Florida,,2021-03-02,23.64
Florida,,2021-03-03,24.06
Florida,,2021-03-04,24.74
Florida,,2021-03-05,25.37
Florida,,2021-03-06,26.48
Georgia,GEO,2021-01-12,1.61
Georgia,GEO,2021-01-13,1.87
Georgia,GEO,2021-01-14,2.18
Georgia,GEO,2021-01-15,2.18
Georgia,GEO,2021-01-19,2.94
Georgia,GEO,2021-01-20,3.74
Georgia,GEO,2021-01-21,4.28
Georgia,GEO,2021-01-22,5.68
Georgia,GEO,2021-01-23,5.69
Georgia,GEO,2021-01-24,5.69
Georgia,GEO,2021-01-25,5.69
Georgia,GEO,2021-01-26,6.3
Georgia,GEO,2021-01-27,6.71
Georgia,GEO,2021-01-28,7.2
Georgia,GEO,2021-01-29,7.63
Georgia,GEO,2021-01-30,8.07
Georgia,GEO,2021-01-31,8.54
Georgia,GEO,2021-02-01,8.76
Georgia,GEO,2021-02-02,8.85
Georgia,GEO,2021-02-03,9.18
Georgia,GEO,2021-02-04,9.49
Georgia,GEO,2021-02-05,9.9
Georgia,GEO,2021-02-06,10.35
Georgia,GEO,2021-02-07,10.79
Georgia,GEO,2021-02-08,11
Georgia,GEO,2021-02-09,11.11
Georgia,GEO,2021-02-10,11.53
Georgia,GEO,2021-02-11,11.99
Georgia,GEO,2021-02-12,11.99
Georgia,GEO,2021-02-13,12.52
Georgia,GEO,2021-02-14,13.54
Georgia,GEO,2021-02-16,13.88
Georgia,GEO,2021-02-17,13.88
Georgia,GEO,2021-02-18,14.78
Georgia,GEO,2021-02-19,16.21
Georgia,GEO,2021-02-20,16.83
Georgia,GEO,2021-02-21,17.43
Georgia,GEO,2021-02-22,17.65
Georgia,GEO,2021-02-23,17.71
Georgia,GEO,2021-02-24,18.08
Georgia,GEO,2021-02-25,18.48
Georgia,GEO,2021-02-26,18.97
Georgia,GEO,2021-02-27,19.5
Georgia,GEO,2021-02-28,19.52
Georgia,GEO,2021-03-01,19.52
Georgia,GEO,2021-03-02,19.64
Georgia,GEO,2021-03-03,20.09
Georgia,GEO,2021-03-04,20.6
Georgia,GEO,2021-03-05,21.22
Georgia,GEO,2021-03-06,21.74
Guam,GUM,2021-01-12,2.29
Guam,GUM,2021-01-13,2.29
Guam,GUM,2021-01-14,2.29
Guam,GUM,2021-01-15,2.29
Guam,GUM,2021-01-19,2.29
Guam,GUM,2021-01-20,2.29
Guam,GUM,2021-01-21,2.29
Guam,GUM,2021-01-22,2.29
Guam,GUM,2021-01-23,2.29
Guam,GUM,2021-01-24,2.29
Guam,GUM,2021-01-25,2.29
Guam,GUM,2021-01-26,10.44
Guam,GUM,2021-01-27,11.02
Guam,GUM,2021-01-28,11.77
Guam,GUM,2021-01-29,12.82
Guam,GUM,2021-01-30,13.54
Guam,GUM,2021-01-31,13.54
Guam,GUM,2021-02-01,14.14
Guam,GUM,2021-02-02,14.97
Guam,GUM,2021-02-03,15.73
Guam,GUM,2021-02-04,15.73
Guam,GUM,2021-02-05,16.51
Guam,GUM,2021-02-06,17.47
Guam,GUM,2021-02-07,17.84
Guam,GUM,2021-02-08,17.93
Guam,GUM,2021-02-09,18.65
Guam,GUM,2021-02-10,19.57
Guam,GUM,2021-02-11,20.51
Guam,GUM,2021-02-12,21.67
Guam,GUM,2021-02-13,22.77
Guam,GUM,2021-02-14,23.3
Guam,GUM,2021-02-16,23.83
Guam,GUM,2021-02-17,24.74
Guam,GUM,2021-02-18,25.74
Guam,GUM,2021-02-19,28.29
Guam,GUM,2021-02-20,29.19
Guam,GUM,2021-02-21,29.24
Guam,GUM,2021-02-22,29.91
Guam,GUM,2021-02-23,30.46
Guam,GUM,2021-02-24,31.08
Guam,GUM,2021-02-25,31.77
Guam,GUM,2021-02-26,31.79
Guam,GUM,2021-02-27,32.72
Guam,GUM,2021-02-28,33.31
Guam,GUM,2021-03-01,33.33
Guam,GUM,2021-03-02,33.42
Guam,GUM,2021-03-03,33.44
Guam,GUM,2021-03-04,33.86
Guam,GUM,2021-03-05,34.03
Guam,GUM,2021-03-06,34.07
Hawaii,,2021-01-12,2.37
Hawaii,,2021-01-13,2.58
Hawaii,,2021-01-14,3.39
Hawaii,,2021-01-15,3.32
Hawaii,,2021-01-19,4.52
Hawaii,,2021-01-20,5.08
Hawaii,,2021-01-21,5.61
Hawaii,,2021-01-22,5.99
Hawaii,,2021-01-23,5.99
Hawaii,,2021-01-24,5.99
Hawaii,,2021-01-25,6.5
Hawaii,,2021-01-26,6.62
Hawaii,,2021-01-27,6.9
Hawaii,,2021-01-28,7.34
Hawaii,,2021-01-29,7.85
Hawaii,,2021-01-30,8.51
Hawaii,,2021-01-31,9.13
Hawaii,,2021-02-01,9.59
Hawaii,,2021-02-02,9.74
Hawaii,,2021-02-03,10.15
Hawaii,,2021-02-04,10.67
Hawaii,,2021-02-05,11.99
Hawaii,,2021-02-06,12.65
Hawaii,,2021-02-07,13.21
Hawaii,,2021-02-08,13.7
Hawaii,,2021-02-09,13.7
Hawaii,,2021-02-10,13.7
Hawaii,,2021-02-11,14.17
Hawaii,,2021-02-12,14.75
Hawaii,,2021-02-13,15.38
Hawaii,,2021-02-14,15.9
Hawaii,,2021-02-16,16.75
Hawaii,,2021-02-17,17
Hawaii,,2021-02-18,17.47
Hawaii,,2021-02-19,21.28
Hawaii,,2021-02-20,22.09
Hawaii,,2021-02-21,22.81
Hawaii,,2021-02-22,23.4
Hawaii,,2021-02-23,23.56
Hawaii,,2021-02-24,24
Hawaii,,2021-02-25,24.64
Hawaii,,2021-02-26,25.36
Hawaii,,2021-02-27,26.18
Hawaii,,2021-02-28,27.04
Hawaii,,2021-03-01,27.52
Hawaii,,2021-03-02,27.74
Hawaii,,2021-03-03,28.19
Hawaii,,2021-03-04,29.05
Hawaii,,2021-03-05,29.8
Hawaii,,2021-03-06,30.68
Idaho,,2021-01-12,2.01
Idaho,,2021-01-13,2.17
Idaho,,2021-01-14,2.38
Idaho,,2021-01-15,2.61
Idaho,,2021-01-19,3.58
Idaho,,2021-01-20,3.88
Idaho,,2021-01-21,4.11
Idaho,,2021-01-22,4.36
Idaho,,2021-01-23,4.62
Idaho,,2021-01-24,4.88
Idaho,,2021-01-25,5.11
Idaho,,2021-01-26,5.25
Idaho,,2021-01-27,5.43
Idaho,,2021-01-28,5.75
Idaho,,2021-01-29,6.09
Idaho,,2021-01-30,6.42
Idaho,,2021-01-31,6.76
Idaho,,2021-02-01,6.96
Idaho,,2021-02-02,7.09
Idaho,,2021-02-03,7.41
Idaho,,2021-02-04,7.94
Idaho,,2021-02-05,8.92
Idaho,,2021-02-06,9.86
Idaho,,2021-02-07,10.39
Idaho,,2021-02-08,10.94
Idaho,,2021-02-09,11.13
Idaho,,2021-02-10,11.49
Idaho,,2021-02-11,11.98
Idaho,,2021-02-12,11.98
Idaho,,2021-02-13,12.4
Idaho,,2021-02-14,13.56
Idaho,,2021-02-16,14.75
Idaho,,2021-02-17,15.12
Idaho,,2021-02-18,15.58
Idaho,,2021-02-19,17.05
Idaho,,2021-02-20,17.54
Idaho,,2021-02-21,18.26
Idaho,,2021-02-22,18.82
Idaho,,2021-02-23,19.05
Idaho,,2021-02-24,19.39
Idaho,,2021-02-25,19.98
Idaho,,2021-02-26,20.54
Idaho,,2021-02-27,21.17
Idaho,,2021-02-28,21.96
Idaho,,2021-03-01,22.62
Idaho,,2021-03-02,22.92
Idaho,,2021-03-03,23.44
Idaho,,2021-03-04,23.96
Idaho,,2021-03-05,24.76
Idaho,,2021-03-06,25.6
Illinois,,2021-01-12,2.74
Illinois,,2021-01-13,2.89
Illinois,,2021-01-14,3.19
Illinois,,2021-01-15,3.45
Illinois,,2021-01-19,4.15
Illinois,,2021-01-20,4.26
Illinois,,2021-01-21,4.5
Illinois,,2021-01-22,4.79
Illinois,,2021-01-23,5.17
Illinois,,2021-01-24,5.52
Illinois,,2021-01-25,5.71
Illinois,,2021-01-26,5.82
Illinois,,2021-01-27,6.05
Illinois,,2021-01-28,6.5
Illinois,,2021-01-29,6.98
Illinois,,2021-01-30,7.49
Illinois,,2021-01-31,7.98
Illinois,,2021-02-01,8.32
Illinois,,2021-02-02,8.47
Illinois,,2021-02-03,8.75
Illinois,,2021-02-04,9.3
Illinois,,2021-02-05,9.84
Illinois,,2021-02-06,10.5
Illinois,,2021-02-07,11.06
Illinois,,2021-02-08,11.5
Illinois,,2021-02-09,11.66
Illinois,,2021-02-10,12.15
Illinois,,2021-02-11,12.66
Illinois,,2021-02-12,13.22
Illinois,,2021-02-13,13.99
Illinois,,2021-02-14,14.63
Illinois,,2021-02-16,15.42
Illinois,,2021-02-17,15.75
Illinois,,2021-02-18,16.08
Illinois,,2021-02-19,17.16
Illinois,,2021-02-20,17.85
Illinois,,2021-02-21,18.46
Illinois,,2021-02-22,18.58
Illinois,,2021-02-23,19.07
Illinois,,2021-02-24,19.42
Illinois,,2021-02-25,19.88
Illinois,,2021-02-26,20.83
Illinois,,2021-02-27,21.58
Illinois,,2021-02-28,22.29
Illinois,,2021-03-01,22.94
Illinois,,2021-03-02,23.35
Illinois,,2021-03-03,23.85
Illinois,,2021-03-04,24.52
Illinois,,2021-03-05,25.29
Illinois,,2021-03-06,26.37
Indian Health Svc,,2021-02-17,19.22
Indian Health Svc,,2021-02-18,19.74
Indian Health Svc,,2021-02-19,19.54
Indian Health Svc,,2021-02-20,19.78
Indian Health Svc,,2021-02-21,20.46
Indian Health Svc,,2021-02-22,21.22
Indian Health Svc,,2021-02-23,21.86
Indian Health Svc,,2021-02-24,22.5
Indian Health Svc,,2021-02-25,23.46
Indian Health Svc,,2021-02-26,24.8
Indian Health Svc,,2021-02-27,25.79
Indian Health Svc,,2021-02-28,26.58
Indian Health Svc,,2021-03-01,27.33
Indian Health Svc,,2021-03-02,27.74
Indian Health Svc,,2021-03-03,28.24
Indian Health Svc,,2021-03-04,28.97
Indian Health Svc,,2021-03-05,29.8
Indian Health Svc,,2021-03-06,30.85
Indiana,,2021-01-12,2.85
Indiana,,2021-01-13,3.14
Indiana,,2021-01-14,3.47
Indiana,,2021-01-15,3.87
Indiana,,2021-01-19,4.97
Indiana,,2021-01-20,5.29
Indiana,,2021-01-21,5.75
Indiana,,2021-01-22,6.15
Indiana,,2021-01-23,6.62
Indiana,,2021-01-24,6.62
Indiana,,2021-01-25,7.31
Indiana,,2021-01-26,7.41
Indiana,,2021-01-27,7.79
Indiana,,2021-01-28,8.2
Indiana,,2021-01-29,8.64
Indiana,,2021-01-30,9.02
Indiana,,2021-01-31,9.02
Indiana,,2021-02-01,9.02
Indiana,,2021-02-02,9.1
Indiana,,2021-02-03,9.47
Indiana,,2021-02-04,9.97
Indiana,,2021-02-05,10.56
Indiana,,2021-02-06,11.14
Indiana,,2021-02-07,11.14
Indiana,,2021-02-08,11.14
Indiana,,2021-02-09,11.3
Indiana,,2021-02-10,11.82
Indiana,,2021-02-11,12.36
Indiana,,2021-02-12,12.98
Indiana,,2021-02-13,15.13
Indiana,,2021-02-14,15.73
Indiana,,2021-02-16,16.22
Indiana,,2021-02-17,16.54
Indiana,,2021-02-18,16.73
Indiana,,2021-02-19,17.74
Indiana,,2021-02-20,18.34
Indiana,,2021-02-21,18.86
Indiana,,2021-02-22,19.2
Indiana,,2021-02-23,19.29
Indiana,,2021-02-24,20.22
Indiana,,2021-02-25,21.68
Indiana,,2021-02-26,22.36
Indiana,,2021-02-27,23.05
Indiana,,2021-02-28,23.62
Indiana,,2021-03-01,23.99
Indiana,,2021-03-02,24.13
Indiana,,2021-03-03,24.62
Indiana,,2021-03-04,25.22
Indiana,,2021-03-05,25.97
Indiana,,2021-03-06,26.75
Iowa,,2021-01-12,3.13
Iowa,,2021-01-13,3.55
Iowa,,2021-01-14,3.55
Iowa,,2021-01-15,3.84
Iowa,,2021-01-19,4.59
Iowa,,2021-01-20,4.75
Iowa,,2021-01-21,5.03
Iowa,,2021-01-22,5.41
Iowa,,2021-01-23,5.71
Iowa,,2021-01-24,6.06
Iowa,,2021-01-25,6.22
Iowa,,2021-01-26,6.28
Iowa,,2021-01-27,6.47
Iowa,,2021-01-28,6.74
Iowa,,2021-01-29,7.11
Iowa,,2021-01-30,7.54
Iowa,,2021-01-31,7.99
Iowa,,2021-02-01,8.16
Iowa,,2021-02-02,8.23
Iowa,,2021-02-03,8.46
Iowa,,2021-02-04,8.85
Iowa,,2021-02-05,9.3
Iowa,,2021-02-06,9.78
Iowa,,2021-02-07,10.41
Iowa,,2021-02-08,10.95
Iowa,,2021-02-09,11.15
Iowa,,2021-02-10,11.69
Iowa,,2021-02-11,12.28
Iowa,,2021-02-12,12.95
Iowa,,2021-02-13,13.71
Iowa,,2021-02-14,14.47
Iowa,,2021-02-16,15.4
Iowa,,2021-02-17,15.7
Iowa,,2021-02-18,16.09
Iowa,,2021-02-19,17.52
Iowa,,2021-02-20,18.3
Iowa,,2021-02-21,19
Iowa,,2021-02-22,19.37
Iowa,,2021-02-23,19.49
Iowa,,2021-02-24,19.71
Iowa,,2021-02-25,20
Iowa,,2021-02-26,20.73
Iowa,,2021-02-27,21.7
Iowa,,2021-02-28,22.6
Iowa,,2021-03-01,23.29
Iowa,,2021-03-02,23.48
Iowa,,2021-03-03,23.89
Iowa,,2021-03-04,24.51
Iowa,,2021-03-05,25.39
Iowa,,2021-03-06,27.3
Kansas,,2021-01-12,2.69
Kansas,,2021-01-13,2.94
Kansas,,2021-01-14,3.14
Kansas,,2021-01-15,3.36
Kansas,,2021-01-19,4.06
Kansas,,2021-01-20,4.21
Kansas,,2021-01-21,4.48
Kansas,,2021-01-22,4.71
Kansas,,2021-01-23,4.97
Kansas,,2021-01-24,5.19
Kansas,,2021-01-25,5.31
Kansas,,2021-01-26,5.45
Kansas,,2021-01-27,5.78
Kansas,,2021-01-28,6.53
Kansas,,2021-01-29,6.54
Kansas,,2021-01-30,7.09
Kansas,,2021-01-31,7.6
Kansas,,2021-02-01,7.79
Kansas,,2021-02-02,7.94
Kansas,,2021-02-03,8.28
Kansas,,2021-02-04,8.63
Kansas,,2021-02-05,9.05
Kansas,,2021-02-06,9.62
Kansas,,2021-02-07,10.17
Kansas,,2021-02-08,10.4
Kansas,,2021-02-09,10.49
Kansas,,2021-02-10,10.97
Kansas,,2021-02-11,11.43
Kansas,,2021-02-12,12.04
Kansas,,2021-02-13,12.63
Kansas,,2021-02-14,13.39
Kansas,,2021-02-16,13.64
Kansas,,2021-02-17,13.91
Kansas,,2021-02-18,14.34
Kansas,,2021-02-19,16.02
Kansas,,2021-02-20,16.78
Kansas,,2021-02-21,17.48
Kansas,,2021-02-22,17.67
Kansas,,2021-02-23,17.76
Kansas,,2021-02-24,18.22
Kansas,,2021-02-25,18.62
Kansas,,2021-02-26,19.25
Kansas,,2021-02-27,20.03
Kansas,,2021-02-28,20.93
Kansas,,2021-03-01,21.31
Kansas,,2021-03-02,21.61
Kansas,,2021-03-03,22.14
Kansas,,2021-03-04,22.69
Kansas,,2021-03-05,23.45
Kansas,,2021-03-06,24.3
Kentucky,,2021-01-12,2.96
Kentucky,,2021-01-13,3.19
Kentucky,,2021-01-14,3.48
Kentucky,,2021-01-15,3.91
Kentucky,,2021-01-19,4.84
Kentucky,,2021-01-20,5.01
Kentucky,,2021-01-21,5.26
Kentucky,,2021-01-22,5.69
Kentucky,,2021-01-23,6.06
Kentucky,,2021-01-24,6.7
Kentucky,,2021-01-25,6.88
Kentucky,,2021-01-26,6.99
Kentucky,,2021-01-27,7.24
Kentucky,,2021-01-28,7.66
Kentucky,,2021-01-29,8.21
Kentucky,,2021-01-30,8.64
Kentucky,,2021-01-31,9.06
Kentucky,,2021-02-01,9.3
Kentucky,,2021-02-02,9.39
Kentucky,,2021-02-03,9.75
Kentucky,,2021-02-04,10.2
Kentucky,,2021-02-05,10.83
Kentucky,,2021-02-06,11.58
Kentucky,,2021-02-07,12.27
Kentucky,,2021-02-08,12.64
Kentucky,,2021-02-09,12.73
Kentucky,,2021-02-10,13.09
Kentucky,,2021-02-11,13.61
Kentucky,,2021-02-12,14.25
Kentucky,,2021-02-13,14.54
Kentucky,,2021-02-14,15.19
Kentucky,,2021-02-16,15.93
Kentucky,,2021-02-17,16.11
Kentucky,,2021-02-18,16.25
Kentucky,,2021-02-19,17.44
Kentucky,,2021-02-20,17.84
Kentucky,,2021-02-21,18.44
Kentucky,,2021-02-22,18.79
Kentucky,,2021-02-23,19.06
Kentucky,,2021-02-24,19.58
Kentucky,,2021-02-25,20.32
Kentucky,,2021-02-26,21.16
Kentucky,,2021-02-27,21.95
Kentucky,,2021-02-28,22.83
Kentucky,,2021-03-01,23.43
Kentucky,,2021-03-02,23.75
Kentucky,,2021-03-03,24.22
Kentucky,,2021-03-04,25.01
Kentucky,,2021-03-05,26.02
Kentucky,,2021-03-06,27.07
Louisiana,,2021-01-12,3.07
Louisiana,,2021-01-13,3.36
Louisiana,,2021-01-14,3.78
Louisiana,,2021-01-15,4.26
Louisiana,,2021-01-19,5.5
Louisiana,,2021-01-20,5.69
Louisiana,,2021-01-21,6.01
Louisiana,,2021-01-22,6.4
Louisiana,,2021-01-23,6.78
Louisiana,,2021-01-24,7.19
Louisiana,,2021-01-25,7.34
Louisiana,,2021-01-26,7.44
Louisiana,,2021-01-27,7.72
Louisiana,,2021-01-28,8.09
Louisiana,,2021-01-29,8.57
Louisiana,,2021-01-30,9.05
Louisiana,,2021-01-31,9.54
Louisiana,,2021-02-01,9.96
Louisiana,,2021-02-02,10.24
Louisiana,,2021-02-03,10.52
Louisiana,,2021-02-04,10.97
Louisiana,,2021-02-05,11.54
Louisiana,,2021-02-06,12.28
Louisiana,,2021-02-07,12.9
Louisiana,,2021-02-08,13.21
Louisiana,,2021-02-09,13.33
Louisiana,,2021-02-10,13.75
Louisiana,,2021-02-11,13.75
Louisiana,,2021-02-12,15.08
Louisiana,,2021-02-13,15.82
Louisiana,,2021-02-14,16.55
Louisiana,,2021-02-16,16.89
Louisiana,,2021-02-17,17.03
Louisiana,,2021-02-18,17.11
Louisiana,,2021-02-19,18.49
Louisiana,,2021-02-20,18.88
Louisiana,,2021-02-21,19.24
Louisiana,,2021-02-22,19.43
Louisiana,,2021-02-23,19.52
Louisiana,,2021-02-24,19.81
Louisiana,,2021-02-25,20.29
Louisiana,,2021-02-26,21.04
Louisiana,,2021-02-27,21.93
Louisiana,,2021-02-28,22.74
Louisiana,,2021-03-01,23.16
Louisiana,,2021-03-02,23.33
Louisiana,,2021-03-03,23.83
Louisiana,,2021-03-04,24.5
Louisiana,,2021-03-05,25.36
Louisiana,,2021-03-06,25.38
Maine,,2021-01-12,4.09
Maine,,2021-01-13,4.26
Maine,,2021-01-14,4.55
Maine,,2021-01-15,4.55
Maine,,2021-01-19,5.5
Maine,,2021-01-20,5.67
Maine,,2021-01-21,5.99
Maine,,2021-01-22,6.43
Maine,,2021-01-23,6.92
Maine,,2021-01-24,7.43
Maine,,2021-01-25,7.74
Maine,,2021-01-26,7.81
Maine,,2021-01-27,8.12
Maine,,2021-01-28,8.57
Maine,,2021-01-29,9.17
Maine,,2021-01-30,9.83
Maine,,2021-01-31,10.44
Maine,,2021-02-01,10.84
Maine,,2021-02-02,10.84
Maine,,2021-02-03,10.84
Maine,,2021-02-04,11.42
Maine,,2021-02-05,11.85
Maine,,2021-02-06,12.54
Maine,,2021-02-07,13.28
Maine,,2021-02-08,13.28
Maine,,2021-02-09,13.95
Maine,,2021-02-10,14.38
Maine,,2021-02-11,14.38
Maine,,2021-02-12,14.38
Maine,,2021-02-13,14.38
Maine,,2021-02-14,14.38
Maine,,2021-02-16,17.72
Maine,,2021-02-17,18.04
Maine,,2021-02-18,18.04
Maine,,2021-02-19,19.95
Maine,,2021-02-20,19.96
Maine,,2021-02-21,19.99
Maine,,2021-02-22,22.1
Maine,,2021-02-23,22.28
Maine,,2021-02-24,22.72
Maine,,2021-02-25,22.72
Maine,,2021-02-26,22.72
Maine,,2021-02-27,24.72
Maine,,2021-02-28,24.77
Maine,,2021-03-01,24.85
Maine,,2021-03-02,24.87
Maine,,2021-03-03,24.88
Maine,,2021-03-04,24.89
Maine,,2021-03-05,28.43
Maine,,2021-03-06,29.65
Marshall Islands,MHL,2021-01-12,1.09
Marshall Islands,MHL,2021-01-13,1.11
Marshall Islands,MHL,2021-01-14,1.11
Marshall Islands,MHL,2021-01-15,1.13
Marshall Islands,MHL,2021-01-19,2.2
Marshall Islands,MHL,2021-01-20,2.59
Marshall Islands,MHL,2021-01-21,3.41
Marshall Islands,MHL,2021-01-22,4.17
Marshall Islands,MHL,2021-01-23,4.92
Marshall Islands,MHL,2021-01-24,5.3
Marshall Islands,MHL,2021-01-25,5.3
Marshall Islands,MHL,2021-01-26,5.62
Marshall Islands,MHL,2021-01-27,6.06
Marshall Islands,MHL,2021-01-28,6.43
Marshall Islands,MHL,2021-01-29,6.72
Marshall Islands,MHL,2021-01-30,6.83
Marshall Islands,MHL,2021-01-31,7.06
Marshall Islands,MHL,2021-02-01,7.06
Marshall Islands,MHL,2021-02-02,7.29
Marshall Islands,MHL,2021-02-03,7.29
Marshall Islands,MHL,2021-02-04,7.57
Marshall Islands,MHL,2021-02-05,7.79
Marshall Islands,MHL,2021-02-06,8.12
Marshall Islands,MHL,2021-02-07,8.4
Marshall Islands,MHL,2021-02-08,8.4
Marshall Islands,MHL,2021-02-09,8.81
Marshall Islands,MHL,2021-02-10,9.01
Marshall Islands,MHL,2021-02-11,9.3
Marshall Islands,MHL,2021-02-12,9.6
Marshall Islands,MHL,2021-02-13,9.81
Marshall Islands,MHL,2021-02-14,10.17
Marshall Islands,MHL,2021-02-16,11.05
Marshall Islands,MHL,2021-02-17,11.06
Marshall Islands,MHL,2021-02-18,11.57
Marshall Islands,MHL,2021-02-19,12.7
Marshall Islands,MHL,2021-02-20,13.24
Marshall Islands,MHL,2021-02-21,14.92
Marshall Islands,MHL,2021-02-22,15.28
Marshall Islands,MHL,2021-02-23,16.2
Marshall Islands,MHL,2021-02-24,17.11
Marshall Islands,MHL,2021-02-25,17.74
Marshall Islands,MHL,2021-02-26,18.4
Marshall Islands,MHL,2021-02-27,18.4
Marshall Islands,MHL,2021-02-28,19.17
Marshall Islands,MHL,2021-03-01,19.17
Marshall Islands,MHL,2021-03-02,19.43
Marshall Islands,MHL,2021-03-03,19.43
Marshall Islands,MHL,2021-03-04,20.73
Marshall Islands,MHL,2021-03-05,21.56
Marshall Islands,MHL,2021-03-06,22.76
Maryland,,2021-01-12,2.42
Maryland,,2021-01-13,2.94
Maryland,,2021-01-14,2.94
Maryland,,2021-01-15,3.22
Maryland,,2021-01-19,4.1
Maryland,,2021-01-20,4.27
Maryland,,2021-01-21,4.5
Maryland,,2021-01-22,4.76
Maryland,,2021-01-23,5.08
Maryland,,2021-01-24,5.6
Maryland,,2021-01-25,5.8
Maryland,,2021-01-26,6.05
Maryland,,2021-01-27,6.44
Maryland,,2021-01-28,6.82
Maryland,,2021-01-29,7.32
Maryland,,2021-01-30,7.87
Maryland,,2021-01-31,8.36
Maryland,,2021-02-01,8.74
Maryland,,2021-02-02,8.88
Maryland,,2021-02-03,9.04
Maryland,,2021-02-04,9.36
Maryland,,2021-02-05,9.84
Maryland,,2021-02-06,10.37
Maryland,,2021-02-07,11
Maryland,,2021-02-08,11.3
Maryland,,2021-02-09,11.46
Maryland,,2021-02-10,11.93
Maryland,,2021-02-11,12.33
Maryland,,2021-02-12,12.88
Maryland,,2021-02-13,13.44
Maryland,,2021-02-14,14.08
Maryland,,2021-02-16,14.69
Maryland,,2021-02-17,14.94
Maryland,,2021-02-18,15.39
Maryland,,2021-02-19,16.73
Maryland,,2021-02-20,17.44
Maryland,,2021-02-21,17.99
Maryland,,2021-02-22,18.39
Maryland,,2021-02-23,18.73
Maryland,,2021-02-24,19.19
Maryland,,2021-02-25,19.84
Maryland,,2021-02-26,20.51
Maryland,,2021-02-27,21.18
Maryland,,2021-02-28,21.93
Maryland,,2021-03-01,22.56
Maryland,,2021-03-02,23
Maryland,,2021-03-03,24.06
Maryland,,2021-03-04,24.77
Maryland,,2021-03-05,25.61
Maryland,,2021-03-06,26.57
Massachusetts,,2021-01-12,2.96
Massachusetts,,2021-01-13,3.16
Massachusetts,,2021-01-14,3.39
Massachusetts,,2021-01-15,3.73
Massachusetts,,2021-01-19,4.63
Massachusetts,,2021-01-20,4.8
Massachusetts,,2021-01-21,5.12
Massachusetts,,2021-01-22,5.38
Massachusetts,,2021-01-23,5.7
Massachusetts,,2021-01-24,6.09
Massachusetts,,2021-01-25,6.29
Massachusetts,,2021-01-26,6.42
Massachusetts,,2021-01-27,6.74
Massachusetts,,2021-01-28,7.11
Massachusetts,,2021-01-29,7.55
Massachusetts,,2021-01-30,7.94
Massachusetts,,2021-01-31,8.4
Massachusetts,,2021-02-01,8.83
Massachusetts,,2021-02-02,9.07
Massachusetts,,2021-02-03,9.07
Massachusetts,,2021-02-04,9.47
Massachusetts,,2021-02-05,9.94
Massachusetts,,2021-02-06,10.55
Massachusetts,,2021-02-07,11.32
Massachusetts,,2021-02-08,11.7
Massachusetts,,2021-02-09,12.08
Massachusetts,,2021-02-10,12.82
Massachusetts,,2021-02-11,13.42
Massachusetts,,2021-02-12,13.97
Massachusetts,,2021-02-13,14.65
Massachusetts,,2021-02-14,15.75
Massachusetts,,2021-02-16,16.64
Massachusetts,,2021-02-17,16.98
Massachusetts,,2021-02-18,17.62
Massachusetts,,2021-02-19,19.1
Massachusetts,,2021-02-20,19.96
Massachusetts,,2021-02-21,20.7
Massachusetts,,2021-02-22,21.31
Massachusetts,,2021-02-23,21.76
Massachusetts,,2021-02-24,22.25
Massachusetts,,2021-02-25,22.88
Massachusetts,,2021-02-26,23.58
Massachusetts,,2021-02-27,24.44
Massachusetts,,2021-02-28,25.19
Massachusetts,,2021-03-01,26.17
Massachusetts,,2021-03-02,26.66
Massachusetts,,2021-03-03,27.34
Massachusetts,,2021-03-04,28.16
Massachusetts,,2021-03-05,29.1
Massachusetts,,2021-03-06,30.21
Michigan,,2021-01-12,2.28
Michigan,,2021-01-13,2.92
Michigan,,2021-01-14,3.28
Michigan,,2021-01-15,3.65
Michigan,,2021-01-19,4.84
Michigan,,2021-01-20,5.09
Michigan,,2021-01-21,5.5
Michigan,,2021-01-22,5.96
Michigan,,2021-01-23,6.54
Michigan,,2021-01-24,6.96
Michigan,,2021-01-25,7.28
Michigan,,2021-01-26,7.43
Michigan,,2021-01-27,7.73
Michigan,,2021-01-28,8.15
Michigan,,2021-01-29,8.68
Michigan,,2021-01-30,9.24
Michigan,,2021-01-31,9.78
Michigan,,2021-02-01,10.07
Michigan,,2021-02-02,10.17
Michigan,,2021-02-03,10.44
Michigan,,2021-02-04,10.8
Michigan,,2021-02-05,11.36
Michigan,,2021-02-06,11.95
Michigan,,2021-02-07,12.54
Michigan,,2021-02-08,12.84
Michigan,,2021-02-09,13.12
Michigan,,2021-02-10,13.61
Michigan,,2021-02-11,14.14
Michigan,,2021-02-12,14.68
Michigan,,2021-02-13,15.4
Michigan,,2021-02-14,16.07
Michigan,,2021-02-16,16.59
Michigan,,2021-02-17,16.83
Michigan,,2021-02-18,17.21
Michigan,,2021-02-19,18.36
Michigan,,2021-02-20,18.87
Michigan,,2021-02-21,19.36
Michigan,,2021-02-22,19.75
Michigan,,2021-02-23,19.88
Michigan,,2021-02-24,20.47
Michigan,,2021-02-25,21.06
Michigan,,2021-02-26,21.69
Michigan,,2021-02-27,22.49
Michigan,,2021-02-28,23.22
Michigan,,2021-03-01,23.6
Michigan,,2021-03-02,23.93
Michigan,,2021-03-03,24.27
Michigan,,2021-03-04,24.8
Michigan,,2021-03-05,25.58
Michigan,,2021-03-06,26.41
Minnesota,,2021-01-12,2.88
Minnesota,,2021-01-13,2.93
Minnesota,,2021-01-14,3.19
Minnesota,,2021-01-15,3.52
Minnesota,,2021-01-19,4.46
Minnesota,,2021-01-20,4.48
Minnesota,,2021-01-21,4.6
Minnesota,,2021-01-22,4.93
Minnesota,,2021-01-23,5.41
Minnesota,,2021-01-24,5.7
Minnesota,,2021-01-25,6.15
Minnesota,,2021-01-26,6.39
Minnesota,,2021-01-27,6.66
Minnesota,,2021-01-28,7.16
Minnesota,,2021-01-29,7.81
Minnesota,,2021-01-30,8.62
Minnesota,,2021-01-31,9.2
Minnesota,,2021-02-01,9.69
Minnesota,,2021-02-02,9.8
Minnesota,,2021-02-03,9.8
Minnesota,,2021-02-04,11.25
Minnesota,,2021-02-05,11.25
Minnesota,,2021-02-06,12.47
Minnesota,,2021-02-07,12.93
Minnesota,,2021-02-08,13.22
Minnesota,,2021-02-09,13.22
Minnesota,,2021-02-10,13.22
Minnesota,,2021-02-11,13.37
Minnesota,,2021-02-12,13.96
Minnesota,,2021-02-13,14.74
Minnesota,,2021-02-14,15.44
Minnesota,,2021-02-16,16.12
Minnesota,,2021-02-17,16.4
Minnesota,,2021-02-18,16.97
Minnesota,,2021-02-19,18.65
Minnesota,,2021-02-20,19.46
Minnesota,,2021-02-21,20.16
Minnesota,,2021-02-22,20.18
Minnesota,,2021-02-23,20.75
Minnesota,,2021-02-24,21.08
Minnesota,,2021-02-25,21.61
Minnesota,,2021-02-26,22.37
Minnesota,,2021-02-27,23.45
Minnesota,,2021-02-28,24.72
Minnesota,,2021-03-01,25.35
Minnesota,,2021-03-02,25.6
Minnesota,,2021-03-03,26.2
Minnesota,,2021-03-04,26.83
Minnesota,,2021-03-05,27.71
Minnesota,,2021-03-06,28.87
Mississippi,,2021-01-12,1.83
Mississippi,,2021-01-13,2.06
Mississippi,,2021-01-14,2.41
Mississippi,,2021-01-15,2.83
Mississippi,,2021-01-19,3.82
Mississippi,,2021-01-20,4.12
Mississippi,,2021-01-21,4.59
Mississippi,,2021-01-22,5.06
Mississippi,,2021-01-23,5.06
Mississippi,,2021-01-24,5.97
Mississippi,,2021-01-25,6.08
Mississippi,,2021-01-26,6.12
Mississippi,,2021-01-27,6.39
Mississippi,,2021-01-28,6.76
Mississippi,,2021-01-29,7.15
Mississippi,,2021-01-30,7.48
Mississippi,,2021-01-31,7.94
Mississippi,,2021-02-01,8.03
Mississippi,,2021-02-02,8.07
Mississippi,,2021-02-03,8.43
Mississippi,,2021-02-04,8.43
Mississippi,,2021-02-05,9.27
Mississippi,,2021-02-06,10.1
Mississippi,,2021-02-07,10.79
Mississippi,,2021-02-08,11
Mississippi,,2021-02-09,11.06
Mississippi,,2021-02-10,11.61
Mississippi,,2021-02-11,12.28
Mississippi,,2021-02-12,12.98
Mississippi,,2021-02-13,13.7
Mississippi,,2021-02-14,14.35
Mississippi,,2021-02-16,14.73
Mississippi,,2021-02-17,14.73
Mississippi,,2021-02-18,14.73
Mississippi,,2021-02-19,15.94
Mississippi,,2021-02-20,16.18
Mississippi,,2021-02-21,16.5
Mississippi,,2021-02-22,16.77
Mississippi,,2021-02-23,16.99
Mississippi,,2021-02-24,17.66
Mississippi,,2021-02-25,17.67
Mississippi,,2021-02-26,19.06
Mississippi,,2021-02-27,19.94
Mississippi,,2021-02-28,20.81
Mississippi,,2021-03-01,21.41
Mississippi,,2021-03-02,21.72
Mississippi,,2021-03-03,22.37
Mississippi,,2021-03-04,23.04
Mississippi,,2021-03-05,23.88
Mississippi,,2021-03-06,24.76
Missouri,,2021-01-12,2.64
Missouri,,2021-01-13,2.64
Missouri,,2021-01-14,2.86
Missouri,,2021-01-15,3.1
Missouri,,2021-01-19,3.85
Missouri,,2021-01-20,3.98
Missouri,,2021-01-21,4.32
Missouri,,2021-01-22,4.66
Missouri,,2021-01-23,4.75
Missouri,,2021-01-24,5.18
Missouri,,2021-01-25,5.47
Missouri,,2021-01-26,5.54
Missouri,,2021-01-27,5.84
Missouri,,2021-01-28,6.23
Missouri,,2021-01-29,6.65
Missouri,,2021-01-30,6.65
Missouri,,2021-01-31,7.24
Missouri,,2021-02-01,7.53
Missouri,,2021-02-02,7.6
Missouri,,2021-02-03,7.86
Missouri,,2021-02-04,8.23
Missouri,,2021-02-05,8.74
Missouri,,2021-02-06,9.52
Missouri,,2021-02-07,10.19
Missouri,,2021-02-08,10.48
Missouri,,2021-02-09,10.54
Missouri,,2021-02-10,10.91
Missouri,,2021-02-11,11.32
Missouri,,2021-02-12,11.69
Missouri,,2021-02-13,13.15
Missouri,,2021-02-14,13.82
Missouri,,2021-02-16,14.32
Missouri,,2021-02-17,14.53
Missouri,,2021-02-18,14.92
Missouri,,2021-02-19,16.53
Missouri,,2021-02-20,16.99
Missouri,,2021-02-21,17.66
Missouri,,2021-02-22,17.99
Missouri,,2021-02-23,18.1
Missouri,,2021-02-24,18.53
Missouri,,2021-02-25,19.03
Missouri,,2021-02-26,19.77
Missouri,,2021-02-27,20.82
Missouri,,2021-02-28,20.85
Missouri,,2021-03-01,22.4
Missouri,,2021-03-02,22.55
Missouri,,2021-03-03,23.07
Missouri,,2021-03-04,23.76
Missouri,,2021-03-05,24.51
Missouri,,2021-03-06,25.29
Montana,,2021-01-12,3.94
Montana,,2021-01-13,4.12
Montana,,2021-01-14,4.36
Montana,,2021-01-15,4.62
Montana,,2021-01-19,5.23
Montana,,2021-01-20,5.35
Montana,,2021-01-21,5.65
Montana,,2021-01-22,6.21
Montana,,2021-01-23,6.79
Montana,,2021-01-24,7.17
Montana,,2021-01-25,7.24
Montana,,2021-01-26,7.27
Montana,,2021-01-27,7.6
Montana,,2021-01-28,8.07
Montana,,2021-01-29,8.66
Montana,,2021-01-30,9.29
Montana,,2021-01-31,9.78
Montana,,2021-02-01,9.93
Montana,,2021-02-02,10.04
Montana,,2021-02-03,10.33
Montana,,2021-02-04,10.87
Montana,,2021-02-05,11.46
Montana,,2021-02-06,12.25
Montana,,2021-02-07,12.89
Montana,,2021-02-08,13.03
Montana,,2021-02-09,13.11
Montana,,2021-02-10,13.5
Montana,,2021-02-11,13.97
Montana,,2021-02-12,14.76
Montana,,2021-02-13,15.66
Montana,,2021-02-14,16.54
Montana,,2021-02-16,17
Montana,,2021-02-17,17.27
Montana,,2021-02-18,17.78
Montana,,2021-02-19,20.7
Montana,,2021-02-20,21.42
Montana,,2021-02-21,22.18
Montana,,2021-02-22,22.53
Montana,,2021-02-23,22.74
Montana,,2021-02-24,23.08
Montana,,2021-02-25,23.61
Montana,,2021-02-26,24.42
Montana,,2021-02-27,25.36
Montana,,2021-02-28,26.33
Montana,,2021-03-01,26.64
Montana,,2021-03-02,26.78
Montana,,2021-03-03,27.28
Montana,,2021-03-04,28.16
Montana,,2021-03-05,29.22
Montana,,2021-03-06,30.33
Nebraska,,2021-01-12,3.85
Nebraska,,2021-01-13,4.12
Nebraska,,2021-01-14,4.39
Nebraska,,2021-01-15,4.71
Nebraska,,2021-01-19,5.36
Nebraska,,2021-01-20,5.49
Nebraska,,2021-01-21,5.78
Nebraska,,2021-01-22,6.12
Nebraska,,2021-01-23,6.41
Nebraska,,2021-01-24,6.87
Nebraska,,2021-01-25,6.93
Nebraska,,2021-01-26,6.99
Nebraska,,2021-01-27,7.22
Nebraska,,2021-01-28,7.75
Nebraska,,2021-01-29,8.19
Nebraska,,2021-01-30,8.65
Nebraska,,2021-01-31,9.19
Nebraska,,2021-02-01,9.35
Nebraska,,2021-02-02,9.43
Nebraska,,2021-02-03,9.73
Nebraska,,2021-02-04,10.09
Nebraska,,2021-02-05,10.55
Nebraska,,2021-02-06,11.29
Nebraska,,2021-02-07,11.94
Nebraska,,2021-02-08,12.1
Nebraska,,2021-02-09,12.16
Nebraska,,2021-02-10,12.46
Nebraska,,2021-02-11,12.81
Nebraska,,2021-02-12,13.44
Nebraska,,2021-02-13,14.16
Nebraska,,2021-02-14,14.77
Nebraska,,2021-02-16,15.02
Nebraska,,2021-02-17,15.24
Nebraska,,2021-02-18,15.77
Nebraska,,2021-02-19,17.98
Nebraska,,2021-02-20,18.64
Nebraska,,2021-02-21,19.26
Nebraska,,2021-02-22,19.68
Nebraska,,2021-02-23,20.3
Nebraska,,2021-02-24,20.98
Nebraska,,2021-02-25,21.84
Nebraska,,2021-02-26,22.86
Nebraska,,2021-02-27,22.95
Nebraska,,2021-02-28,24.53
Nebraska,,2021-03-01,24.62
Nebraska,,2021-03-02,25.07
Nebraska,,2021-03-03,25.7
Nebraska,,2021-03-04,26.54
Nebraska,,2021-03-05,27.67
Nebraska,,2021-03-06,27.72
Nevada,,2021-01-12,2
Nevada,,2021-01-13,2
Nevada,,2021-01-14,2.5
Nevada,,2021-01-15,2.72
Nevada,,2021-01-19,3.34
Nevada,,2021-01-20,3.48
Nevada,,2021-01-21,3.77
Nevada,,2021-01-22,4.11
Nevada,,2021-01-23,4.45
Nevada,,2021-01-24,4.94
Nevada,,2021-01-25,5.19
Nevada,,2021-01-26,5.34
Nevada,,2021-01-27,5.66
Nevada,,2021-01-28,6.33
Nevada,,2021-01-29,6.82
Nevada,,2021-01-30,7.28
Nevada,,2021-01-31,7.83
Nevada,,2021-02-01,8.08
Nevada,,2021-02-02,8.22
Nevada,,2021-02-03,9.07
Nevada,,2021-02-04,9.47
Nevada,,2021-02-05,9.88
Nevada,,2021-02-06,10.46
Nevada,,2021-02-07,10.85
Nevada,,2021-02-08,11.26
Nevada,,2021-02-09,11.41
Nevada,,2021-02-10,11.89
Nevada,,2021-02-11,12.31
Nevada,,2021-02-12,12.8
Nevada,,2021-02-13,13.34
Nevada,,2021-02-14,13.91
Nevada,,2021-02-16,14.51
Nevada,,2021-02-17,14.71
Nevada,,2021-02-18,15.16
Nevada,,2021-02-19,16.96
Nevada,,2021-02-20,18.04
Nevada,,2021-02-21,18.5
Nevada,,2021-02-22,19.04
Nevada,,2021-02-23,19.43
Nevada,,2021-02-24,19.7
Nevada,,2021-02-25,20.2
Nevada,,2021-02-26,20.86
Nevada,,2021-02-27,21.61
Nevada,,2021-02-28,22.26
Nevada,,2021-03-01,23.22
Nevada,,2021-03-02,23.48
Nevada,,2021-03-03,23.83
Nevada,,2021-03-04,24.36
Nevada,,2021-03-05,25.1
Nevada,,2021-03-06,25.97
New Hampshire,,2021-01-12,3.72
New Hampshire,,2021-01-13,4.06
New Hampshire,,2021-01-14,4.32
New Hampshire,,2021-01-15,4.6
New Hampshire,,2021-01-19,5.26
New Hampshire,,2021-01-20,5.55
New Hampshire,,2021-01-21,5.93
New Hampshire,,2021-01-22,6.3
New Hampshire,,2021-01-23,6.61
New Hampshire,,2021-01-24,6.86
New Hampshire,,2021-01-25,6.96
New Hampshire,,2021-01-26,7.13
New Hampshire,,2021-01-27,7.58
New Hampshire,,2021-01-28,8.12
New Hampshire,,2021-01-29,8.64
New Hampshire,,2021-01-30,9.1
New Hampshire,,2021-01-31,9.44
New Hampshire,,2021-02-01,9.6
New Hampshire,,2021-02-02,9.99
New Hampshire,,2021-02-03,10.17
New Hampshire,,2021-02-04,10.67
New Hampshire,,2021-02-05,11.26
New Hampshire,,2021-02-06,11.85
New Hampshire,,2021-02-07,12.2
New Hampshire,,2021-02-08,12.25
New Hampshire,,2021-02-09,12.41
New Hampshire,,2021-02-10,12.96
New Hampshire,,2021-02-11,13.54
New Hampshire,,2021-02-12,14.06
New Hampshire,,2021-02-13,14.76
New Hampshire,,2021-02-14,15.34
New Hampshire,,2021-02-16,15.93
New Hampshire,,2021-02-17,16.06
New Hampshire,,2021-02-18,16.68
New Hampshire,,2021-02-19,17.75
New Hampshire,,2021-02-20,18.41
New Hampshire,,2021-02-21,19.18
New Hampshire,,2021-02-22,19.7
New Hampshire,,2021-02-23,20.17
New Hampshire,,2021-02-24,20.76
New Hampshire,,2021-02-25,21.42
New Hampshire,,2021-02-26,22.05
New Hampshire,,2021-02-27,22.86
New Hampshire,,2021-02-28,23.65
New Hampshire,,2021-03-01,23.89
New Hampshire,,2021-03-02,24.31
New Hampshire,,2021-03-03,24.97
New Hampshire,,2021-03-04,25.73
New Hampshire,,2021-03-05,26.37
New Hampshire,,2021-03-06,27.29
New Jersey,,2021-01-12,2.49
New Jersey,,2021-01-13,2.96
New Jersey,,2021-01-14,2.97
New Jersey,,2021-01-15,3.57
New Jersey,,2021-01-19,4.5
New Jersey,,2021-01-20,4.87
New Jersey,,2021-01-21,4.87
New Jersey,,2021-01-22,5.23
New Jersey,,2021-01-23,5.64
New Jersey,,2021-01-24,6.03
New Jersey,,2021-01-25,6.34
New Jersey,,2021-01-26,6.48
New Jersey,,2021-01-27,6.89
New Jersey,,2021-01-28,7.3
New Jersey,,2021-01-29,8.19
New Jersey,,2021-01-30,8.66
New Jersey,,2021-01-31,8.96
New Jersey,,2021-02-01,9.12
New Jersey,,2021-02-02,9.42
New Jersey,,2021-02-03,9.59
New Jersey,,2021-02-04,9.59
New Jersey,,2021-02-05,9.96
New Jersey,,2021-02-06,11.72
New Jersey,,2021-02-07,12.1
New Jersey,,2021-02-08,12.33
New Jersey,,2021-02-09,12.35
New Jersey,,2021-02-10,12.93
New Jersey,,2021-02-11,13.47
New Jersey,,2021-02-12,14.1
New Jersey,,2021-02-13,14.74
New Jersey,,2021-02-14,15.19
New Jersey,,2021-02-16,16.07
New Jersey,,2021-02-17,16.67
New Jersey,,2021-02-18,17.36
New Jersey,,2021-02-19,18.06
New Jersey,,2021-02-20,18.56
New Jersey,,2021-02-21,19.02
New Jersey,,2021-02-22,19.27
New Jersey,,2021-02-23,19.8
New Jersey,,2021-02-24,20.31
New Jersey,,2021-02-25,21.01
New Jersey,,2021-02-26,21.88
New Jersey,,2021-02-27,22.61
New Jersey,,2021-02-28,23.26
New Jersey,,2021-03-01,23.6
New Jersey,,2021-03-02,24.63
New Jersey,,2021-03-03,25.33
New Jersey,,2021-03-04,26.18
New Jersey,,2021-03-05,27.06
New Jersey,,2021-03-06,27.91
New Mexico,,2021-01-12,3.73
New Mexico,,2021-01-13,3.9
New Mexico,,2021-01-14,4.26
New Mexico,,2021-01-15,4.74
New Mexico,,2021-01-19,6.59
New Mexico,,2021-01-20,6.83
New Mexico,,2021-01-21,7.27
New Mexico,,2021-01-22,7.73
New Mexico,,2021-01-23,8.81
New Mexico,,2021-01-24,9.54
New Mexico,,2021-01-25,9.76
New Mexico,,2021-01-26,10.02
New Mexico,,2021-01-27,10.35
New Mexico,,2021-01-28,10.72
New Mexico,,2021-01-29,11.39
New Mexico,,2021-01-30,11.84
New Mexico,,2021-01-31,12.6
New Mexico,,2021-02-01,13.13
New Mexico,,2021-02-02,13.24
New Mexico,,2021-02-03,13.58
New Mexico,,2021-02-04,14.05
New Mexico,,2021-02-05,14.64
New Mexico,,2021-02-06,15.39
New Mexico,,2021-02-07,15.82
New Mexico,,2021-02-08,16.35
New Mexico,,2021-02-09,16.5
New Mexico,,2021-02-10,16.91
New Mexico,,2021-02-11,17.64
New Mexico,,2021-02-12,18.54
New Mexico,,2021-02-13,19.07
New Mexico,,2021-02-14,20.03
New Mexico,,2021-02-16,21.14
New Mexico,,2021-02-17,21.34
New Mexico,,2021-02-18,21.75
New Mexico,,2021-02-19,26.83
New Mexico,,2021-02-20,27.61
New Mexico,,2021-02-21,28.42
New Mexico,,2021-02-22,28.84
New Mexico,,2021-02-23,29.21
New Mexico,,2021-02-24,29.5
New Mexico,,2021-02-25,30.28
New Mexico,,2021-02-26,31.34
New Mexico,,2021-02-27,32.34
New Mexico,,2021-02-28,33.65
New Mexico,,2021-03-01,33.94
New Mexico,,2021-03-02,34.41
New Mexico,,2021-03-03,35.1
New Mexico,,2021-03-04,35.48
New Mexico,,2021-03-05,36.53
New Mexico,,2021-03-06,38.21
New York State,,2021-01-12,2.98
New York State,,2021-01-13,3.25
New York State,,2021-01-14,3.54
New York State,,2021-01-15,3.89
New York State,,2021-01-19,5.14
New York State,,2021-01-20,5.38
New York State,,2021-01-21,5.74
New York State,,2021-01-22,6.19
New York State,,2021-01-23,6.59
New York State,,2021-01-24,7.02
New York State,,2021-01-25,7.29
New York State,,2021-01-26,7.47
New York State,,2021-01-27,7.81
New York State,,2021-01-28,8.38
New York State,,2021-01-29,8.76
New York State,,2021-01-30,9.21
New York State,,2021-01-31,9.64
New York State,,2021-02-01,9.91
New York State,,2021-02-02,10.11
New York State,,2021-02-03,10.3
New York State,,2021-02-04,10.59
New York State,,2021-02-05,10.96
New York State,,2021-02-06,11.44
New York State,,2021-02-07,12.01
New York State,,2021-02-08,12.43
New York State,,2021-02-09,12.55
New York State,,2021-02-10,13.04
New York State,,2021-02-11,13.47
New York State,,2021-02-12,13.94
New York State,,2021-02-13,14.5
New York State,,2021-02-14,15.04
New York State,,2021-02-16,15.99
New York State,,2021-02-17,16.34
New York State,,2021-02-18,16.73
New York State,,2021-02-19,17.72
New York State,,2021-02-20,18.18
New York State,,2021-02-21,18.62
New York State,,2021-02-22,19.08
New York State,,2021-02-23,19.39
New York State,,2021-02-24,19.64
New York State,,2021-02-25,19.94
New York State,,2021-02-26,20.33
New York State,,2021-02-27,20.87
New York State,,2021-02-28,21.72
New York State,,2021-03-01,22.39
New York State,,2021-03-02,23.11
New York State,,2021-03-03,23.68
New York State,,2021-03-04,24.32
New York State,,2021-03-05,25.01
New York State,,2021-03-06,25.92
North Carolina,,2021-01-12,2.02
North Carolina,,2021-01-13,2.54
North Carolina,,2021-01-14,2.56
North Carolina,,2021-01-15,2.89
North Carolina,,2021-01-19,3.82
North Carolina,,2021-01-20,4.08
North Carolina,,2021-01-21,4.51
North Carolina,,2021-01-22,5
North Carolina,,2021-01-23,5.5
North Carolina,,2021-01-24,6.07
North Carolina,,2021-01-25,6.45
North Carolina,,2021-01-26,6.67
North Carolina,,2021-01-27,6.83
North Carolina,,2021-01-28,8.1
North Carolina,,2021-01-29,8.12
North Carolina,,2021-01-30,8.57
North Carolina,,2021-01-31,9.07
North Carolina,,2021-02-01,9.3
North Carolina,,2021-02-02,9.31
North Carolina,,2021-02-03,9.79
North Carolina,,2021-02-04,10.14
North Carolina,,2021-02-05,10.58
North Carolina,,2021-02-06,11.17
North Carolina,,2021-02-07,11.85
North Carolina,,2021-02-08,12.15
North Carolina,,2021-02-09,12.28
North Carolina,,2021-02-10,12.74
North Carolina,,2021-02-11,13.18
North Carolina,,2021-02-12,13.8
North Carolina,,2021-02-13,14.52
North Carolina,,2021-02-14,15.42
North Carolina,,2021-02-16,16.06
North Carolina,,2021-02-17,16.54
North Carolina,,2021-02-18,16.99
North Carolina,,2021-02-19,18.68
North Carolina,,2021-02-20,19.15
North Carolina,,2021-02-21,19.72
North Carolina,,2021-02-22,20.07
North Carolina,,2021-02-23,20.2
North Carolina,,2021-02-24,20.64
North Carolina,,2021-02-25,21.08
North Carolina,,2021-02-26,21.78
North Carolina,,2021-02-27,22.56
North Carolina,,2021-02-28,23.53
North Carolina,,2021-03-01,24.08
North Carolina,,2021-03-02,24.27
North Carolina,,2021-03-03,24.86
North Carolina,,2021-03-04,25.38
North Carolina,,2021-03-05,25.56
North Carolina,,2021-03-06,26.32
North Dakota,,2021-01-12,5.18
North Dakota,,2021-01-13,5.34
North Dakota,,2021-01-14,5.61
North Dakota,,2021-01-15,6.09
North Dakota,,2021-01-19,7.43
North Dakota,,2021-01-20,7.57
North Dakota,,2021-01-21,7.77
North Dakota,,2021-01-22,8.41
North Dakota,,2021-01-23,9.05
North Dakota,,2021-01-24,9.6
North Dakota,,2021-01-25,9.87
North Dakota,,2021-01-26,9.9
North Dakota,,2021-01-27,10.13
North Dakota,,2021-01-28,10.5
North Dakota,,2021-01-29,11.31
North Dakota,,2021-01-30,12.02
North Dakota,,2021-01-31,12.85
North Dakota,,2021-02-01,13.05
North Dakota,,2021-02-02,13.12
North Dakota,,2021-02-03,13.59
North Dakota,,2021-02-04,14.03
North Dakota,,2021-02-05,14.8
North Dakota,,2021-02-06,15.84
North Dakota,,2021-02-07,16.64
North Dakota,,2021-02-08,17.03
North Dakota,,2021-02-09,17.03
North Dakota,,2021-02-10,17.06
North Dakota,,2021-02-11,17.53
North Dakota,,2021-02-12,18.29
North Dakota,,2021-02-13,18.92
North Dakota,,2021-02-14,19.54
North Dakota,,2021-02-16,20.13
North Dakota,,2021-02-17,20.22
North Dakota,,2021-02-18,20.57
North Dakota,,2021-02-19,23.92
North Dakota,,2021-02-20,24.74
North Dakota,,2021-02-21,25.51
North Dakota,,2021-02-22,25.77
North Dakota,,2021-02-23,25.8
North Dakota,,2021-02-24,26.22
North Dakota,,2021-02-25,26.76
North Dakota,,2021-02-26,27.9
North Dakota,,2021-02-27,29.57
North Dakota,,2021-02-28,30.73
North Dakota,,2021-03-01,31.31
North Dakota,,2021-03-02,31.34
North Dakota,,2021-03-03,31.65
North Dakota,,2021-03-04,32.32
North Dakota,,2021-03-05,33.5
North Dakota,,2021-03-06,34.66
Northern Mariana Islands,MNP,2021-01-12,6.54
Northern Mariana Islands,MNP,2021-01-13,7.28
Northern Mariana Islands,MNP,2021-01-14,8.08
Northern Mariana Islands,MNP,2021-01-15,8.63
Northern Mariana Islands,MNP,2021-01-19,11.2
Northern Mariana Islands,MNP,2021-01-20,11.94
Northern Mariana Islands,MNP,2021-01-21,12.85
Northern Mariana Islands,MNP,2021-01-22,13.57
Northern Mariana Islands,MNP,2021-01-23,14.13
Northern Mariana Islands,MNP,2021-01-24,14.75
Northern Mariana Islands,MNP,2021-01-25,14.93
Northern Mariana Islands,MNP,2021-01-26,15.36
Northern Mariana Islands,MNP,2021-01-27,15.87
Northern Mariana Islands,MNP,2021-01-28,16.26
Northern Mariana Islands,MNP,2021-01-29,16.79
Northern Mariana Islands,MNP,2021-01-30,17.11
Northern Mariana Islands,MNP,2021-01-31,17.67
Northern Mariana Islands,MNP,2021-02-01,17.84
Northern Mariana Islands,MNP,2021-02-02,18.3
Northern Mariana Islands,MNP,2021-02-03,18.73
Northern Mariana Islands,MNP,2021-02-04,19.28
Northern Mariana Islands,MNP,2021-02-05,19.92
Northern Mariana Islands,MNP,2021-02-06,20.56
Northern Mariana Islands,MNP,2021-02-07,20.9
Northern Mariana Islands,MNP,2021-02-08,20.95
Northern Mariana Islands,MNP,2021-02-09,21.56
Northern Mariana Islands,MNP,2021-02-10,22.03
Northern Mariana Islands,MNP,2021-02-11,22.38
Northern Mariana Islands,MNP,2021-02-12,22.8
Northern Mariana Islands,MNP,2021-02-13,23.55
Northern Mariana Islands,MNP,2021-02-14,24.18
Northern Mariana Islands,MNP,2021-02-16,25.35
Northern Mariana Islands,MNP,2021-02-17,25.92
Northern Mariana Islands,MNP,2021-02-18,26.57
Northern Mariana Islands,MNP,2021-02-19,27.29
Northern Mariana Islands,MNP,2021-02-20,27.29
Northern Mariana Islands,MNP,2021-02-21,27.99
Northern Mariana Islands,MNP,2021-02-22,28.29
Northern Mariana Islands,MNP,2021-02-23,28.8
Northern Mariana Islands,MNP,2021-02-24,30.02
Northern Mariana Islands,MNP,2021-02-25,30.72
Northern Mariana Islands,MNP,2021-02-26,31.33
Northern Mariana Islands,MNP,2021-02-27,31.86
Northern Mariana Islands,MNP,2021-02-28,32.28
Northern Mariana Islands,MNP,2021-03-01,32.67
Northern Mariana Islands,MNP,2021-03-02,33.22
Northern Mariana Islands,MNP,2021-03-03,33.8
Northern Mariana Islands,MNP,2021-03-04,34.42
Northern Mariana Islands,MNP,2021-03-05,34.99
Northern Mariana Islands,MNP,2021-03-06,35.7
Ohio,,2021-01-12,2.67
Ohio,,2021-01-13,2.82
Ohio,,2021-01-14,2.98
Ohio,,2021-01-15,3.21
Ohio,,2021-01-19,4.04
Ohio,,2021-01-20,4.17
Ohio,,2021-01-21,4.17
Ohio,,2021-01-22,4.67
Ohio,,2021-01-23,5.09
Ohio,,2021-01-24,5.54
Ohio,,2021-01-25,5.86
Ohio,,2021-01-26,6.06
Ohio,,2021-01-27,6.38
Ohio,,2021-01-28,6.76
Ohio,,2021-01-29,7.21
Ohio,,2021-01-30,7.79
Ohio,,2021-01-31,8.16
Ohio,,2021-02-01,8.6
Ohio,,2021-02-02,8.94
Ohio,,2021-02-03,9.28
Ohio,,2021-02-04,9.65
Ohio,,2021-02-05,10.07
Ohio,,2021-02-06,10.63
Ohio,,2021-02-07,11.07
Ohio,,2021-02-08,11.52
Ohio,,2021-02-09,11.75
Ohio,,2021-02-10,12.03
Ohio,,2021-02-11,12.48
Ohio,,2021-02-12,13.18
Ohio,,2021-02-13,13.8
Ohio,,2021-02-14,14.47
Ohio,,2021-02-16,15.36
Ohio,,2021-02-17,15.61
Ohio,,2021-02-18,15.92
Ohio,,2021-02-19,17.11
Ohio,,2021-02-20,17.68
Ohio,,2021-02-21,18.31
Ohio,,2021-02-22,18.79
Ohio,,2021-02-23,19.07
Ohio,,2021-02-24,19.58
Ohio,,2021-02-25,20.12
Ohio,,2021-02-26,20.64
Ohio,,2021-02-27,21.4
Ohio,,2021-02-28,22.24
Ohio,,2021-03-01,22.76
Ohio,,2021-03-02,23.3
Ohio,,2021-03-03,23.87
Ohio,,2021-03-04,24.39
Ohio,,2021-03-05,24.96
Ohio,,2021-03-06,25.9
Oklahoma,,2021-01-12,3.99
Oklahoma,,2021-01-13,4.36
Oklahoma,,2021-01-14,4.73
Oklahoma,,2021-01-15,5.14
Oklahoma,,2021-01-19,6.12
Oklahoma,,2021-01-20,6.36
Oklahoma,,2021-01-21,6.76
Oklahoma,,2021-01-22,7.27
Oklahoma,,2021-01-23,7.7
Oklahoma,,2021-01-24,8.16
Oklahoma,,2021-01-25,8.25
Oklahoma,,2021-01-26,8.31
Oklahoma,,2021-01-27,8.72
Oklahoma,,2021-01-28,9.18
Oklahoma,,2021-01-29,9.77
Oklahoma,,2021-01-30,10.37
Oklahoma,,2021-01-31,11.07
Oklahoma,,2021-02-01,11.21
Oklahoma,,2021-02-02,11.26
Oklahoma,,2021-02-03,11.69
Oklahoma,,2021-02-04,12.24
Oklahoma,,2021-02-05,12.91
Oklahoma,,2021-02-06,13.68
Oklahoma,,2021-02-07,14.5
Oklahoma,,2021-02-08,14.81
Oklahoma,,2021-02-09,14.86
Oklahoma,,2021-02-10,15.32
Oklahoma,,2021-02-11,15.88
Oklahoma,,2021-02-12,16.18
Oklahoma,,2021-02-13,16.7
Oklahoma,,2021-02-14,17.24
Oklahoma,,2021-02-16,17.55
Oklahoma,,2021-02-17,17.6
Oklahoma,,2021-02-18,17.7
Oklahoma,,2021-02-19,20.56
Oklahoma,,2021-02-20,21
Oklahoma,,2021-02-21,21.88
Oklahoma,,2021-02-22,22.52
Oklahoma,,2021-02-23,22.91
Oklahoma,,2021-02-24,23.64
Oklahoma,,2021-02-25,24.45
Oklahoma,,2021-02-26,25.42
Oklahoma,,2021-02-27,26.46
Oklahoma,,2021-02-28,27.68
Oklahoma,,2021-03-01,28.28
Oklahoma,,2021-03-02,28.42
Oklahoma,,2021-03-03,29.01
Oklahoma,,2021-03-04,29.86
Oklahoma,,2021-03-05,30.66
Oklahoma,,2021-03-06,31.49
Oregon,,2021-01-12,2.48
Oregon,,2021-01-13,2.73
Oregon,,2021-01-14,3.08
Oregon,,2021-01-15,3.46
Oregon,,2021-01-19,5.14
Oregon,,2021-01-20,5.14
Oregon,,2021-01-21,5.14
Oregon,,2021-01-22,6.02
Oregon,,2021-01-23,6.41
Oregon,,2021-01-24,6.78
Oregon,,2021-01-25,7.13
Oregon,,2021-01-26,7.3
Oregon,,2021-01-27,7.72
Oregon,,2021-01-28,8.07
Oregon,,2021-01-29,8.52
Oregon,,2021-01-30,9.07
Oregon,,2021-01-31,9.67
Oregon,,2021-02-01,10.04
Oregon,,2021-02-02,10.39
Oregon,,2021-02-03,10.77
Oregon,,2021-02-04,11.19
Oregon,,2021-02-05,11.55
Oregon,,2021-02-06,12.09
Oregon,,2021-02-07,12.63
Oregon,,2021-02-08,13.15
Oregon,,2021-02-09,13.58
Oregon,,2021-02-10,13.97
Oregon,,2021-02-11,13.97
Oregon,,2021-02-12,13.97
Oregon,,2021-02-13,15.43
Oregon,,2021-02-14,15.92
Oregon,,2021-02-16,16.25
Oregon,,2021-02-17,16.42
Oregon,,2021-02-18,16.8
Oregon,,2021-02-19,18.2
Oregon,,2021-02-20,18.84
Oregon,,2021-02-21,19.48
Oregon,,2021-02-22,20.02
Oregon,,2021-02-23,20.51
Oregon,,2021-02-24,20.53
Oregon,,2021-02-25,21.09
Oregon,,2021-02-26,22
Oregon,,2021-02-27,22.78
Oregon,,2021-02-28,23.58
Oregon,,2021-03-01,24.28
Oregon,,2021-03-02,24.62
Oregon,,2021-03-03,24.9
Oregon,,2021-03-04,25.44
Oregon,,2021-03-05,26.03
Oregon,,2021-03-06,26.98
Pennsylvania,,2021-01-12,2.67
Pennsylvania,,2021-01-13,2.97
Pennsylvania,,2021-01-14,3.21
Pennsylvania,,2021-01-15,3.5
Pennsylvania,,2021-01-19,4.25
Pennsylvania,,2021-01-20,4.44
Pennsylvania,,2021-01-21,4.73
Pennsylvania,,2021-01-22,5.1
Pennsylvania,,2021-01-23,5.44
Pennsylvania,,2021-01-24,5.82
Pennsylvania,,2021-01-25,6.07
Pennsylvania,,2021-01-26,6.25
Pennsylvania,,2021-01-27,6.65
Pennsylvania,,2021-01-28,6.69
Pennsylvania,,2021-01-29,7.6
Pennsylvania,,2021-01-30,8.06
Pennsylvania,,2021-01-31,8.5
Pennsylvania,,2021-02-01,8.86
Pennsylvania,,2021-02-02,9.03
Pennsylvania,,2021-02-03,9.05
Pennsylvania,,2021-02-04,9.52
Pennsylvania,,2021-02-05,9.93
Pennsylvania,,2021-02-06,10.46
Pennsylvania,,2021-02-07,11
Pennsylvania,,2021-02-08,11.26
Pennsylvania,,2021-02-09,11.55
Pennsylvania,,2021-02-10,12.01
Pennsylvania,,2021-02-11,12.46
Pennsylvania,,2021-02-12,13.04
Pennsylvania,,2021-02-13,13.11
Pennsylvania,,2021-02-14,14.24
Pennsylvania,,2021-02-16,14.32
Pennsylvania,,2021-02-17,15.23
Pennsylvania,,2021-02-18,15.64
Pennsylvania,,2021-02-19,17.07
Pennsylvania,,2021-02-20,17.43
Pennsylvania,,2021-02-21,18.02
Pennsylvania,,2021-02-22,18.42
Pennsylvania,,2021-02-23,18.6
Pennsylvania,,2021-02-24,18.95
Pennsylvania,,2021-02-25,19.45
Pennsylvania,,2021-02-26,20.02
Pennsylvania,,2021-02-27,20.9
Pennsylvania,,2021-02-28,21.5
Pennsylvania,,2021-03-01,22.15
Pennsylvania,,2021-03-02,22.55
Pennsylvania,,2021-03-03,23.03
Pennsylvania,,2021-03-04,23.72
Pennsylvania,,2021-03-05,24.76
Pennsylvania,,2021-03-06,25.77
Puerto Rico,PRI,2021-01-12,2.34
Puerto Rico,PRI,2021-01-13,2.64
Puerto Rico,PRI,2021-01-14,2.97
Puerto Rico,PRI,2021-01-15,3.26
Puerto Rico,PRI,2021-01-19,4.06
Puerto Rico,PRI,2021-01-20,4.28
Puerto Rico,PRI,2021-01-21,4.63
Puerto Rico,PRI,2021-01-22,5.06
Puerto Rico,PRI,2021-01-23,5.42
Puerto Rico,PRI,2021-01-24,5.77
Puerto Rico,PRI,2021-01-25,5.88
Puerto Rico,PRI,2021-01-26,5.91
Puerto Rico,PRI,2021-01-27,6.25
Puerto Rico,PRI,2021-01-28,6.64
Puerto Rico,PRI,2021-01-29,7.02
Puerto Rico,PRI,2021-01-30,7.39
Puerto Rico,PRI,2021-01-31,7.81
Puerto Rico,PRI,2021-02-01,7.94
Puerto Rico,PRI,2021-02-02,7.94
Puerto Rico,PRI,2021-02-03,8.35
Puerto Rico,PRI,2021-02-04,8.72
Puerto Rico,PRI,2021-02-05,9.02
Puerto Rico,PRI,2021-02-06,9.38
Puerto Rico,PRI,2021-02-07,9.38
Puerto Rico,PRI,2021-02-08,9.38
Puerto Rico,PRI,2021-02-09,9.83
Puerto Rico,PRI,2021-02-10,10.16
Puerto Rico,PRI,2021-02-11,10.55
Puerto Rico,PRI,2021-02-12,10.55
Puerto Rico,PRI,2021-02-13,11.61
Puerto Rico,PRI,2021-02-14,11.98
Puerto Rico,PRI,2021-02-16,12.12
Puerto Rico,PRI,2021-02-17,12.28
Puerto Rico,PRI,2021-02-18,12.78
Puerto Rico,PRI,2021-02-19,14.05
Puerto Rico,PRI,2021-02-20,14.51
Puerto Rico,PRI,2021-02-21,14.92
Puerto Rico,PRI,2021-02-22,14.92
Puerto Rico,PRI,2021-02-23,15.04
Puerto Rico,PRI,2021-02-24,15.5
Puerto Rico,PRI,2021-02-25,15.97
Puerto Rico,PRI,2021-02-26,16.79
Puerto Rico,PRI,2021-02-27,16.85
Puerto Rico,PRI,2021-02-28,17.21
Puerto Rico,PRI,2021-03-01,17.37
Puerto Rico,PRI,2021-03-02,17.37
Puerto Rico,PRI,2021-03-03,17.79
Puerto Rico,PRI,2021-03-04,18.64
Puerto Rico,PRI,2021-03-05,18.67
Puerto Rico,PRI,2021-03-06,19.15
Republic of Palau,,2021-01-12,2.32
Republic of Palau,,2021-01-13,4.05
Republic of Palau,,2021-01-14,4.28
Republic of Palau,,2021-01-15,6.25
Republic of Palau,,2021-01-19,10.69
Republic of Palau,,2021-01-20,11.06
Republic of Palau,,2021-01-21,13.43
Republic of Palau,,2021-01-22,13.43
Republic of Palau,,2021-01-23,14.99
Republic of Palau,,2021-01-24,17.01
Republic of Palau,,2021-01-25,17.01
Republic of Palau,,2021-01-26,17.01
Republic of Palau,,2021-01-27,17.01
Republic of Palau,,2021-01-28,17.13
Republic of Palau,,2021-01-29,17.25
Republic of Palau,,2021-01-30,17.37
Republic of Palau,,2021-01-31,17.37
Republic of Palau,,2021-02-01,17.37
Republic of Palau,,2021-02-02,17.71
Republic of Palau,,2021-02-03,18.03
Republic of Palau,,2021-02-04,18.03
Republic of Palau,,2021-02-05,18.76
Republic of Palau,,2021-02-06,18.76
Republic of Palau,,2021-02-07,19.36
Republic of Palau,,2021-02-08,19.36
Republic of Palau,,2021-02-09,19.37
Republic of Palau,,2021-02-10,19.7
Republic of Palau,,2021-02-11,21.39
Republic of Palau,,2021-02-12,21.62
Republic of Palau,,2021-02-13,23.52
Republic of Palau,,2021-02-14,24.13
Republic of Palau,,2021-02-16,26.12
Republic of Palau,,2021-02-17,27.98
Republic of Palau,,2021-02-18,29.68
Republic of Palau,,2021-02-19,31.98
Republic of Palau,,2021-02-20,33.65
Republic of Palau,,2021-02-21,35.26
Republic of Palau,,2021-02-22,35.26
Republic of Palau,,2021-02-23,39.5
Republic of Palau,,2021-02-24,39.5
Republic of Palau,,2021-02-25,45.3
Republic of Palau,,2021-02-26,45.47
Republic of Palau,,2021-02-27,45.47
Republic of Palau,,2021-02-28,45.71
Republic of Palau,,2021-03-01,45.71
Republic of Palau,,2021-03-02,45.71
Republic of Palau,,2021-03-03,45.71
Republic of Palau,,2021-03-04,45.71
Republic of Palau,,2021-03-05,45.71
Republic of Palau,,2021-03-06,45.71
Rhode Island,,2021-01-12,3.74
Rhode Island,,2021-01-13,3.97
Rhode Island,,2021-01-14,4.24
Rhode Island,,2021-01-15,4.49
Rhode Island,,2021-01-19,5.1
Rhode Island,,2021-01-20,5.34
Rhode Island,,2021-01-21,5.57
Rhode Island,,2021-01-22,5.85
Rhode Island,,2021-01-23,5.97
Rhode Island,,2021-01-24,6.38
Rhode Island,,2021-01-25,6.65
Rhode Island,,2021-01-26,6.82
Rhode Island,,2021-01-27,7.2
Rhode Island,,2021-01-28,7.56
Rhode Island,,2021-01-29,7.89
Rhode Island,,2021-01-30,8.32
Rhode Island,,2021-01-31,8.61
Rhode Island,,2021-02-01,8.9
Rhode Island,,2021-02-02,9.4
Rhode Island,,2021-02-03,9.58
Rhode Island,,2021-02-04,9.81
Rhode Island,,2021-02-05,10.1
Rhode Island,,2021-02-06,10.56
Rhode Island,,2021-02-07,11.05
Rhode Island,,2021-02-08,11.37
Rhode Island,,2021-02-09,11.52
Rhode Island,,2021-02-10,11.8
Rhode Island,,2021-02-11,12.08
Rhode Island,,2021-02-12,12.45
Rhode Island,,2021-02-13,12.92
Rhode Island,,2021-02-14,13.32
Rhode Island,,2021-02-16,13.88
Rhode Island,,2021-02-17,14.3
Rhode Island,,2021-02-18,15.1
Rhode Island,,2021-02-19,17.15
Rhode Island,,2021-02-20,18.02
Rhode Island,,2021-02-21,18.75
Rhode Island,,2021-02-22,19.45
Rhode Island,,2021-02-23,19.98
Rhode Island,,2021-02-24,20.63
Rhode Island,,2021-02-25,21.4
Rhode Island,,2021-02-26,22.17
Rhode Island,,2021-02-27,23.18
Rhode Island,,2021-02-28,24.24
Rhode Island,,2021-03-01,25.44
Rhode Island,,2021-03-02,26.03
Rhode Island,,2021-03-03,26.69
Rhode Island,,2021-03-04,27.47
Rhode Island,,2021-03-05,28.37
Rhode Island,,2021-03-06,29.29
South Carolina,,2021-01-12,1.58
South Carolina,,2021-01-13,1.94
South Carolina,,2021-01-14,2.25
South Carolina,,2021-01-15,2.37
South Carolina,,2021-01-19,3.64
South Carolina,,2021-01-20,3.74
South Carolina,,2021-01-21,4.07
South Carolina,,2021-01-22,4.45
South Carolina,,2021-01-23,4.84
South Carolina,,2021-01-24,5.42
South Carolina,,2021-01-25,5.97
South Carolina,,2021-01-26,6.16
South Carolina,,2021-01-27,6.35
South Carolina,,2021-01-28,6.99
South Carolina,,2021-01-29,7.48
South Carolina,,2021-01-30,7.92
South Carolina,,2021-01-31,8.54
South Carolina,,2021-02-01,8.99
South Carolina,,2021-02-02,9.14
South Carolina,,2021-02-03,9.31
South Carolina,,2021-02-04,9.66
South Carolina,,2021-02-05,10.08
South Carolina,,2021-02-06,10.54
South Carolina,,2021-02-07,11.05
South Carolina,,2021-02-08,11.38
South Carolina,,2021-02-09,11.38
South Carolina,,2021-02-10,11.81
South Carolina,,2021-02-11,12.21
South Carolina,,2021-02-12,12.61
South Carolina,,2021-02-13,13.11
South Carolina,,2021-02-14,13.68
South Carolina,,2021-02-16,14.34
South Carolina,,2021-02-17,14.67
South Carolina,,2021-02-18,15.11
South Carolina,,2021-02-19,16.47
South Carolina,,2021-02-20,17.09
South Carolina,,2021-02-21,17.69
South Carolina,,2021-02-22,18.11
South Carolina,,2021-02-23,18.28
South Carolina,,2021-02-24,18.91
South Carolina,,2021-02-25,19.38
South Carolina,,2021-02-26,19.91
South Carolina,,2021-02-27,20.55
South Carolina,,2021-02-28,21.1
South Carolina,,2021-03-01,21.69
South Carolina,,2021-03-02,21.81
South Carolina,,2021-03-03,22.34
South Carolina,,2021-03-04,23.36
South Carolina,,2021-03-05,23.94
South Carolina,,2021-03-06,24.95
South Dakota,,2021-01-12,5.5
South Dakota,,2021-01-13,5.73
South Dakota,,2021-01-14,6.14
South Dakota,,2021-01-15,6.46
South Dakota,,2021-01-19,6.91
South Dakota,,2021-01-20,7.07
South Dakota,,2021-01-21,7.39
South Dakota,,2021-01-22,7.98
South Dakota,,2021-01-23,8.73
South Dakota,,2021-01-24,9.09
South Dakota,,2021-01-25,9.33
South Dakota,,2021-01-26,9.36
South Dakota,,2021-01-27,9.83
South Dakota,,2021-01-28,10.37
South Dakota,,2021-01-29,10.99
South Dakota,,2021-01-30,11.63
South Dakota,,2021-01-31,11.98
South Dakota,,2021-02-01,12.17
South Dakota,,2021-02-02,12.21
South Dakota,,2021-02-03,12.54
South Dakota,,2021-02-04,13.08
South Dakota,,2021-02-05,13.74
South Dakota,,2021-02-06,14.42
South Dakota,,2021-02-07,14.86
South Dakota,,2021-02-08,15.04
South Dakota,,2021-02-09,15.06
South Dakota,,2021-02-10,15.42
South Dakota,,2021-02-11,16.02
South Dakota,,2021-02-12,16.8
South Dakota,,2021-02-13,17.52
South Dakota,,2021-02-14,18.11
South Dakota,,2021-02-16,18.41
South Dakota,,2021-02-17,18.75
South Dakota,,2021-02-18,19.35
South Dakota,,2021-02-19,24.66
South Dakota,,2021-02-20,25.53
South Dakota,,2021-02-21,26.31
South Dakota,,2021-02-22,26.67
South Dakota,,2021-02-23,26.82
South Dakota,,2021-02-24,27.44
South Dakota,,2021-02-25,28.28
South Dakota,,2021-02-26,29.34
South Dakota,,2021-02-27,30.44
South Dakota,,2021-02-28,31.46
South Dakota,,2021-03-01,31.88
South Dakota,,2021-03-02,31.94
South Dakota,,2021-03-03,32.52
South Dakota,,2021-03-04,33.32
South Dakota,,2021-03-05,34.41
South Dakota,,2021-03-06,35.56
Tennessee,,2021-01-12,3.68
Tennessee,,2021-01-13,3.88
Tennessee,,2021-01-14,3.88
Tennessee,,2021-01-15,4.44
Tennessee,,2021-01-19,5.15
Tennessee,,2021-01-20,5.25
Tennessee,,2021-01-21,5.5
Tennessee,,2021-01-22,5.88
Tennessee,,2021-01-23,6.21
Tennessee,,2021-01-24,6.62
Tennessee,,2021-01-25,6.78
Tennessee,,2021-01-26,6.85
Tennessee,,2021-01-27,7.14
Tennessee,,2021-01-28,7.47
Tennessee,,2021-01-29,7.99
Tennessee,,2021-01-30,8.41
Tennessee,,2021-01-31,8.92
Tennessee,,2021-02-01,9.2
Tennessee,,2021-02-02,9.25
Tennessee,,2021-02-03,9.63
Tennessee,,2021-02-04,10.02
Tennessee,,2021-02-05,10.52
Tennessee,,2021-02-06,11.02
Tennessee,,2021-02-07,11.58
Tennessee,,2021-02-08,11.8
Tennessee,,2021-02-09,11.89
Tennessee,,2021-02-10,12.3
Tennessee,,2021-02-11,12.69
Tennessee,,2021-02-12,13.2
Tennessee,,2021-02-13,13.57
Tennessee,,2021-02-14,14.16
Tennessee,,2021-02-16,14.54
Tennessee,,2021-02-17,14.64
Tennessee,,2021-02-18,14.85
Tennessee,,2021-02-19,15.87
Tennessee,,2021-02-20,16.08
Tennessee,,2021-02-21,16.36
Tennessee,,2021-02-22,16.56
Tennessee,,2021-02-23,16.69
Tennessee,,2021-02-24,17.22
Tennessee,,2021-02-25,17.72
Tennessee,,2021-02-26,18.41
Tennessee,,2021-02-27,19.06
Tennessee,,2021-02-28,19.91
Tennessee,,2021-03-01,20.42
Tennessee,,2021-03-02,20.58
Tennessee,,2021-03-03,21.31
Tennessee,,2021-03-04,21.86
Tennessee,,2021-03-05,22.56
Tennessee,,2021-03-06,23.15
Texas,,2021-01-12,3.14
Texas,,2021-01-13,3.37
Texas,,2021-01-14,3.6
Texas,,2021-01-15,4
Texas,,2021-01-19,4.84
Texas,,2021-01-20,5.08
Texas,,2021-01-21,5.33
Texas,,2021-01-22,5.67
Texas,,2021-01-23,5.96
Texas,,2021-01-24,6.08
Texas,,2021-01-25,6.22
Texas,,2021-01-26,6.61
Texas,,2021-01-27,6.81
Texas,,2021-01-28,7.27
Texas,,2021-01-29,7.66
Texas,,2021-01-30,8.07
Texas,,2021-01-31,8.31
Texas,,2021-02-01,8.61
Texas,,2021-02-02,8.61
Texas,,2021-02-03,9.15
Texas,,2021-02-04,9.68
Texas,,2021-02-05,10.11
Texas,,2021-02-06,10.72
Texas,,2021-02-07,11.2
Texas,,2021-02-08,11.46
Texas,,2021-02-09,11.85
Texas,,2021-02-10,12.31
Texas,,2021-02-11,12.79
Texas,,2021-02-12,13.36
Texas,,2021-02-13,13.82
Texas,,2021-02-14,14.26
Texas,,2021-02-16,14.68
Texas,,2021-02-17,14.87
Texas,,2021-02-18,14.95
Texas,,2021-02-19,15.67
Texas,,2021-02-20,15.92
Texas,,2021-02-21,16.12
Texas,,2021-02-22,16.25
Texas,,2021-02-23,16.56
Texas,,2021-02-24,16.98
Texas,,2021-02-25,17.61
Texas,,2021-02-26,18.19
Texas,,2021-02-27,18.61
Texas,,2021-02-28,19.2
Texas,,2021-03-01,19.22
Texas,,2021-03-02,20.54
Texas,,2021-03-03,21.35
Texas,,2021-03-04,22
Texas,,2021-03-05,22.73
Texas,,2021-03-06,23.55
United States,USA,2020-12-20,0.17
United States,USA,2020-12-21,0.18
United States,USA,2020-12-23,0.3
United States,USA,2020-12-26,0.59
United States,USA,2020-12-28,0.64
United States,USA,2020-12-30,0.84
United States,USA,2021-01-02,1.27
United States,USA,2021-01-04,1.37
United States,USA,2021-01-05,1.46
United States,USA,2021-01-06,1.6
United States,USA,2021-01-07,1.78
United States,USA,2021-01-08,2.01
United States,USA,2021-01-11,2.71
United States,USA,2021-01-12,2.81
United States,USA,2021-01-13,3.1
United States,USA,2021-01-14,3.36
United States,USA,2021-01-15,3.7
United States,USA,2021-01-19,4.73
United States,USA,2021-01-20,4.98
United States,USA,2021-01-21,5.29
United States,USA,2021-01-22,5.76
United States,USA,2021-01-23,6.19
United States,USA,2021-01-24,6.58
United States,USA,2021-01-25,6.85
United States,USA,2021-01-26,7.09
United States,USA,2021-01-27,7.43
United States,USA,2021-01-28,7.89
United States,USA,2021-01-29,8.4
United States,USA,2021-01-30,8.91
United States,USA,2021-01-31,9.37
United States,USA,2021-02-01,9.71
United States,USA,2021-02-02,9.87
United States,USA,2021-02-03,10.2
United States,USA,2021-02-04,10.6
United States,USA,2021-02-05,11.09
United States,USA,2021-02-06,11.76
United States,USA,2021-02-07,12.41
United States,USA,2021-02-08,12.78
United States,USA,2021-02-09,13.01
United States,USA,2021-02-10,13.49
United States,USA,2021-02-11,13.97
United States,USA,2021-02-12,14.58
United States,USA,2021-02-13,15.25
United States,USA,2021-02-14,15.93
United States,USA,2021-02-16,16.63
United States,USA,2021-02-17,16.95
United States,USA,2021-02-18,17.39
United States,USA,2021-02-19,17.95
United States,USA,2021-02-20,18.46
United States,USA,2021-02-21,19
United States,USA,2021-02-22,19.33
United States,USA,2021-02-23,19.59
United States,USA,2021-02-24,20.02
United States,USA,2021-02-25,20.56
United States,USA,2021-02-26,21.22
United States,USA,2021-02-27,21.93
United States,USA,2021-02-28,22.66
United States,USA,2021-03-01,23.16
United States,USA,2021-03-02,23.68
United States,USA,2021-03-03,24.26
United States,USA,2021-03-04,24.87
United States,USA,2021-03-05,25.61
United States,USA,2021-03-06,26.48
Utah,,2021-01-12,2.97
Utah,,2021-01-13,3.24
Utah,,2021-01-14,3.6
Utah,,2021-01-15,4
Utah,,2021-01-19,5.09
Utah,,2021-01-20,5.67
Utah,,2021-01-21,5.91
Utah,,2021-01-22,6.32
Utah,,2021-01-23,6.32
Utah,,2021-01-24,6.32
Utah,,2021-01-25,7.14
Utah,,2021-01-26,7.19
Utah,,2021-01-27,7.48
Utah,,2021-01-28,7.48
Utah,,2021-01-29,8.46
Utah,,2021-01-30,8.94
Utah,,2021-01-31,8.94
Utah,,2021-02-01,10.08
Utah,,2021-02-02,10.13
Utah,,2021-02-03,10.13
Utah,,2021-02-04,11.02
Utah,,2021-02-05,11.74
Utah,,2021-02-06,12.49
Utah,,2021-02-07,12.49
Utah,,2021-02-08,15.8
Utah,,2021-02-09,15.92
Utah,,2021-02-10,15.92
Utah,,2021-02-11,15.92
Utah,,2021-02-12,15.92
Utah,,2021-02-13,15.92
Utah,,2021-02-14,15.92
Utah,,2021-02-16,16.61
Utah,,2021-02-17,16.61
Utah,,2021-02-18,17.21
Utah,,2021-02-19,18.24
Utah,,2021-02-20,19.03
Utah,,2021-02-21,19.05
Utah,,2021-02-22,19.05
Utah,,2021-02-23,19.06
Utah,,2021-02-24,19.62
Utah,,2021-02-25,20.65
Utah,,2021-02-26,20.67
Utah,,2021-02-27,21.46
Utah,,2021-02-28,21.48
Utah,,2021-03-01,21.48
Utah,,2021-03-02,22.53
Utah,,2021-03-03,23.27
Utah,,2021-03-04,23.28
Utah,,2021-03-05,24.85
Utah,,2021-03-06,25.96
Vermont,,2021-01-12,4.13
Vermont,,2021-01-13,4.74
Vermont,,2021-01-14,4.74
Vermont,,2021-01-15,5.2
Vermont,,2021-01-19,6.5
Vermont,,2021-01-20,6.54
Vermont,,2021-01-21,6.86
Vermont,,2021-01-22,7.44
Vermont,,2021-01-23,7.92
Vermont,,2021-01-24,8.31
Vermont,,2021-01-25,8.59
Vermont,,2021-01-26,8.72
Vermont,,2021-01-27,8.88
Vermont,,2021-01-28,9.44
Vermont,,2021-01-29,9.89
Vermont,,2021-01-30,10.22
Vermont,,2021-01-31,10.77
Vermont,,2021-02-01,11.61
Vermont,,2021-02-02,11.86
Vermont,,2021-02-03,11.97
Vermont,,2021-02-04,12.37
Vermont,,2021-02-05,12.83
Vermont,,2021-02-06,13.3
Vermont,,2021-02-07,13.97
Vermont,,2021-02-08,14.48
Vermont,,2021-02-09,14.91
Vermont,,2021-02-10,15.04
Vermont,,2021-02-11,15.53
Vermont,,2021-02-12,16.03
Vermont,,2021-02-13,16.46
Vermont,,2021-02-14,17.11
Vermont,,2021-02-16,18.43
Vermont,,2021-02-17,18.58
Vermont,,2021-02-18,18.94
Vermont,,2021-02-19,20.45
Vermont,,2021-02-20,21.17
Vermont,,2021-02-21,21.98
Vermont,,2021-02-22,22.67
Vermont,,2021-02-23,23.09
Vermont,,2021-02-24,23.23
Vermont,,2021-02-25,23.69
Vermont,,2021-02-26,24.28
Vermont,,2021-02-27,25.15
Vermont,,2021-02-28,26.05
Vermont,,2021-03-01,26.93
Vermont,,2021-03-02,27.49
Vermont,,2021-03-03,27.75
Vermont,,2021-03-04,28.17
Vermont,,2021-03-05,28.78
Vermont,,2021-03-06,29.54
Virgin Islands,,2021-01-12,0.84
Virgin Islands,,2021-01-13,1.14
Virgin Islands,,2021-01-14,1.36
Virgin Islands,,2021-01-15,1.56
Virgin Islands,,2021-01-19,2.04
Virgin Islands,,2021-01-20,2.31
Virgin Islands,,2021-01-21,2.62
Virgin Islands,,2021-01-22,2.93
Virgin Islands,,2021-01-23,3.2
Virgin Islands,,2021-01-24,3.23
Virgin Islands,,2021-01-25,3.25
Virgin Islands,,2021-01-26,3.58
Virgin Islands,,2021-01-27,3.99
Virgin Islands,,2021-01-28,4.41
Virgin Islands,,2021-01-29,5.02
Virgin Islands,,2021-01-30,5.7
Virgin Islands,,2021-01-31,5.74
Virgin Islands,,2021-02-01,5.84
Virgin Islands,,2021-02-02,6.41
Virgin Islands,,2021-02-03,7.06
Virgin Islands,,2021-02-04,7.85
Virgin Islands,,2021-02-05,8.49
Virgin Islands,,2021-02-06,9.04
Virgin Islands,,2021-02-07,9.05
Virgin Islands,,2021-02-08,9.1
Virgin Islands,,2021-02-09,9.61
Virgin Islands,,2021-02-10,10.24
Virgin Islands,,2021-02-11,10.67
Virgin Islands,,2021-02-12,11.17
Virgin Islands,,2021-02-13,11.64
Virgin Islands,,2021-02-14,11.74
Virgin Islands,,2021-02-16,11.86
Virgin Islands,,2021-02-17,12.57
Virgin Islands,,2021-02-18,13.04
Virgin Islands,,2021-02-19,14.19
Virgin Islands,,2021-02-20,15.12
Virgin Islands,,2021-02-21,15.4
Virgin Islands,,2021-02-22,15.46
Virgin Islands,,2021-02-23,16.14
Virgin Islands,,2021-02-24,16.67
Virgin Islands,,2021-02-25,16.98
Virgin Islands,,2021-02-26,17.85
Virgin Islands,,2021-02-27,18.26
Virgin Islands,,2021-02-28,18.5
Virgin Islands,,2021-03-01,18.6
Virgin Islands,,2021-03-02,18.85
Virgin Islands,,2021-03-03,19.25
Virgin Islands,,2021-03-04,20.65
Virgin Islands,,2021-03-05,21.36
Virgin Islands,,2021-03-06,21.98
Virginia,,2021-01-12,2.23
Virginia,,2021-01-13,2.55
Virginia,,2021-01-14,2.55
Virginia,,2021-01-15,2.86
Virginia,,2021-01-19,3.83
Virginia,,2021-01-20,4.02
Virginia,,2021-01-21,4.24
Virginia,,2021-01-22,4.7
Virginia,,2021-01-23,5.03
Virginia,,2021-01-24,5.29
Virginia,,2021-01-25,5.66
Virginia,,2021-01-26,6.97
Virginia,,2021-01-27,7.37
Virginia,,2021-01-28,7.83
Virginia,,2021-01-29,8.49
Virginia,,2021-01-30,9.21
Virginia,,2021-01-31,9.76
Virginia,,2021-02-01,10.2
Virginia,,2021-02-02,10.56
Virginia,,2021-02-03,10.81
Virginia,,2021-02-04,11.12
Virginia,,2021-02-05,11.64
Virginia,,2021-02-06,12.33
Virginia,,2021-02-07,12.93
Virginia,,2021-02-08,13.3
Virginia,,2021-02-09,13.61
Virginia,,2021-02-10,13.91
Virginia,,2021-02-11,14.33
Virginia,,2021-02-12,14.94
Virginia,,2021-02-13,15.59
Virginia,,2021-02-14,15.88
Virginia,,2021-02-16,16.77
Virginia,,2021-02-17,17.11
Virginia,,2021-02-18,17.62
Virginia,,2021-02-19,19.28
Virginia,,2021-02-20,19.58
Virginia,,2021-02-21,19.98
Virginia,,2021-02-22,20.33
Virginia,,2021-02-23,20.69
Virginia,,2021-02-24,21.13
Virginia,,2021-02-25,21.66
Virginia,,2021-02-26,22.53
Virginia,,2021-02-27,23.46
Virginia,,2021-02-28,24.44
Virginia,,2021-03-01,25.04
Virginia,,2021-03-02,25.44
Virginia,,2021-03-03,26.02
Virginia,,2021-03-04,26.76
Virginia,,2021-03-05,27.44
Virginia,,2021-03-06,28.03
Washington,,2021-01-12,2.57
Washington,,2021-01-13,2.74
Washington,,2021-01-14,2.96
Washington,,2021-01-15,3.19
Washington,,2021-01-19,4.22
Washington,,2021-01-20,4.55
Washington,,2021-01-21,4.9
Washington,,2021-01-22,5.29
Washington,,2021-01-23,5.74
Washington,,2021-01-24,5.9
Washington,,2021-01-25,6.42
Washington,,2021-01-26,6.67
Washington,,2021-01-27,7.02
Washington,,2021-01-28,7.5
Washington,,2021-01-29,7.97
Washington,,2021-01-30,8.46
Washington,,2021-01-31,8.99
Washington,,2021-02-01,9.46
Washington,,2021-02-02,9.74
Washington,,2021-02-03,10.06
Washington,,2021-02-04,10.47
Washington,,2021-02-05,10.87
Washington,,2021-02-06,11.4
Washington,,2021-02-07,11.89
Washington,,2021-02-08,12.32
Washington,,2021-02-09,12.49
Washington,,2021-02-10,13.25
Washington,,2021-02-11,13.66
Washington,,2021-02-12,14.19
Washington,,2021-02-13,14.73
Washington,,2021-02-14,15.32
Washington,,2021-02-16,15.78
Washington,,2021-02-17,16.1
Washington,,2021-02-18,16.49
Washington,,2021-02-19,17.89
Washington,,2021-02-20,18.48
Washington,,2021-02-21,18.97
Washington,,2021-02-22,19.43
Washington,,2021-02-23,19.61
Washington,,2021-02-24,19.89
Washington,,2021-02-25,20.52
Washington,,2021-02-26,21.13
Washington,,2021-02-27,21.89
Washington,,2021-02-28,22.71
Washington,,2021-03-01,23.64
Washington,,2021-03-02,24.18
Washington,,2021-03-03,24.8
Washington,,2021-03-04,25.51
Washington,,2021-03-05,26.28
Washington,,2021-03-06,27.2
West Virginia,,2021-01-12,5.77
West Virginia,,2021-01-13,6.18
West Virginia,,2021-01-14,6.62
West Virginia,,2021-01-15,7.49
West Virginia,,2021-01-19,8.52
West Virginia,,2021-01-20,8.85
West Virginia,,2021-01-21,9.35
West Virginia,,2021-01-22,10.09
West Virginia,,2021-01-23,10.87
West Virginia,,2021-01-24,11.32
West Virginia,,2021-01-25,11.38
West Virginia,,2021-01-26,11.74
West Virginia,,2021-01-27,11.99
West Virginia,,2021-01-28,12.53
West Virginia,,2021-01-29,13.39
West Virginia,,2021-01-30,14.31
West Virginia,,2021-01-31,14.5
West Virginia,,2021-02-01,14.53
West Virginia,,2021-02-02,14.74
West Virginia,,2021-02-03,14.96
West Virginia,,2021-02-04,15.44
West Virginia,,2021-02-05,16.28
West Virginia,,2021-02-06,17.57
West Virginia,,2021-02-07,17.97
West Virginia,,2021-02-08,18.05
West Virginia,,2021-02-09,18.27
West Virginia,,2021-02-10,18.56
West Virginia,,2021-02-11,19.02
West Virginia,,2021-02-12,19.61
West Virginia,,2021-02-13,20.99
West Virginia,,2021-02-14,21.57
West Virginia,,2021-02-16,21.96
West Virginia,,2021-02-17,22.1
West Virginia,,2021-02-18,22.52
West Virginia,,2021-02-19,24.59
West Virginia,,2021-02-20,25.56
West Virginia,,2021-02-21,25.86
West Virginia,,2021-02-22,25.98
West Virginia,,2021-02-23,26.26
West Virginia,,2021-02-24,26.48
West Virginia,,2021-02-25,27.09
West Virginia,,2021-02-26,28.01
West Virginia,,2021-02-27,29.35
West Virginia,,2021-02-28,29.7
West Virginia,,2021-03-01,29.8
West Virginia,,2021-03-02,29.94
West Virginia,,2021-03-03,30.21
West Virginia,,2021-03-04,30.88
West Virginia,,2021-03-05,32.06
West Virginia,,2021-03-06,33.15
Wisconsin,,2021-01-12,2.36
Wisconsin,,2021-01-13,2.36
Wisconsin,,2021-01-14,2.58
Wisconsin,,2021-01-15,2.92
Wisconsin,,2021-01-19,3.67
Wisconsin,,2021-01-20,3.82
Wisconsin,,2021-01-21,4.1
Wisconsin,,2021-01-22,4.48
Wisconsin,,2021-01-23,4.91
Wisconsin,,2021-01-24,5.3
Wisconsin,,2021-01-25,5.42
Wisconsin,,2021-01-26,5.46
Wisconsin,,2021-01-27,5.76
Wisconsin,,2021-01-28,6.22
Wisconsin,,2021-01-29,6.99
Wisconsin,,2021-01-30,7.73
Wisconsin,,2021-01-31,8.43
Wisconsin,,2021-02-01,8.82
Wisconsin,,2021-02-02,8.97
Wisconsin,,2021-02-03,9.41
Wisconsin,,2021-02-04,9.43
Wisconsin,,2021-02-05,10.22
Wisconsin,,2021-02-06,10.96
Wisconsin,,2021-02-07,12.75
Wisconsin,,2021-02-08,13.11
Wisconsin,,2021-02-09,13.21
Wisconsin,,2021-02-10,13.68
Wisconsin,,2021-02-11,14.19
Wisconsin,,2021-02-12,14.85
Wisconsin,,2021-02-13,15.73
Wisconsin,,2021-02-14,16.41
Wisconsin,,2021-02-16,17.03
Wisconsin,,2021-02-17,17.39
Wisconsin,,2021-02-18,17.86
Wisconsin,,2021-02-19,19.54
Wisconsin,,2021-02-20,20.42
Wisconsin,,2021-02-21,21.14
Wisconsin,,2021-02-22,21.51
Wisconsin,,2021-02-23,21.63
Wisconsin,,2021-02-24,22.03
Wisconsin,,2021-02-25,22.57
Wisconsin,,2021-02-26,23.36
Wisconsin,,2021-02-27,24.41
Wisconsin,,2021-02-28,25.26
Wisconsin,,2021-03-01,25.78
Wisconsin,,2021-03-02,26.13
Wisconsin,,2021-03-03,26.68
Wisconsin,,2021-03-04,27.42
Wisconsin,,2021-03-05,28.46
Wisconsin,,2021-03-06,29.56
Wyoming,,2021-01-12,2.84
Wyoming,,2021-01-13,3.08
Wyoming,,2021-01-14,3.42
Wyoming,,2021-01-15,3.93
Wyoming,,2021-01-19,4.85
Wyoming,,2021-01-20,5.06
Wyoming,,2021-01-21,5.06
Wyoming,,2021-01-22,5.97
Wyoming,,2021-01-23,6.49
Wyoming,,2021-01-24,7.05
Wyoming,,2021-01-25,7.11
Wyoming,,2021-01-26,7.14
Wyoming,,2021-01-27,7.5
Wyoming,,2021-01-28,7.5
Wyoming,,2021-01-29,8.49
Wyoming,,2021-01-30,8.49
Wyoming,,2021-01-31,9.85
Wyoming,,2021-02-01,10.15
Wyoming,,2021-02-02,10.2
Wyoming,,2021-02-03,10.5
Wyoming,,2021-02-04,10.5
Wyoming,,2021-02-05,11.65
Wyoming,,2021-02-06,12.42
Wyoming,,2021-02-07,12.42
Wyoming,,2021-02-08,13.21
Wyoming,,2021-02-09,13.21
Wyoming,,2021-02-10,13.74
Wyoming,,2021-02-11,13.74
Wyoming,,2021-02-12,15.4
Wyoming,,2021-02-13,15.4
Wyoming,,2021-02-14,17.12
Wyoming,,2021-02-16,17.31
Wyoming,,2021-02-17,17.31
Wyoming,,2021-02-18,18.22
Wyoming,,2021-02-19,21.48
Wyoming,,2021-02-20,22.3
Wyoming,,2021-02-21,22.37
Wyoming,,2021-02-22,23.44
Wyoming,,2021-02-23,23.53
Wyoming,,2021-02-24,23.56
Wyoming,,2021-02-25,24.46
Wyoming,,2021-02-26,25.15
Wyoming,,2021-02-27,26.19
Wyoming,,2021-02-28,27.02
Wyoming,,2021-03-01,27.08
Wyoming,,2021-03-02,27.09
Wyoming,,2021-03-03,28.15
Wyoming,,2021-03-04,28.2
Wyoming,,2021-03-05,28.8
Wyoming,,2021-03-06,30.67